"age","age_actuariel","genre","fumeur","duree","capital","pnu_unitaire","prime_nette_annuelle","prime_commerciale","dont_frais_acquisition","dont_frais_gestion","dont_frais_capital","dont_frais_fixes","marge_technique","taux_chargement","annuite_actuarielle","hypotheses","id_contrat"
56,57,"F","FALSE",14,110000,0.185418,1788.7,2148.49,171.88,128.91,44,15,0,20.11,11.4027,"Base","DC00001"
20,21,"H","FALSE",20,298000,0.026946,487.36,722.74,57.82,43.36,119.2,15,0,48.3,16.4767,"Base","DC00002"
44,45,"F","FALSE",10,66000,0.03693,270.1,362.21,28.98,21.73,26.4,15,0,34.1,9.0241,"Base","DC00003"
29,30,"H","FALSE",15,140000,0.031395,339.96,477.86,38.23,28.67,56,15,0,40.56,12.9291,"Base","DC00004"
55,59,"H","TRUE",10,154000,0.200123,3675.17,4362.53,349,261.75,61.6,15,0,18.7,8.3857,"Base","DC00005"
37,38,"H","FALSE",20,42000,0.092825,242.94,319.46,25.56,19.17,16.8,15,0,31.5,16.048,"Base","DC00006"
43,47,"H","TRUE",15,126000,0.124567,1262.7,1544.3,123.54,92.66,50.4,15,0,22.3,12.4301,"Base","DC00007"
26,27,"H","FALSE",20,79000,0.0395,190.32,275.48,22.04,16.53,31.6,15,0,44.75,16.3963,"Base","DC00008"
55,56,"F","FALSE",15,94000,0.18789,1460.41,1759.32,140.75,105.56,37.6,15,0,20.47,12.0936,"Base","DC00009"
44,45,"F","FALSE",10,247000,0.03693,1010.83,1307.71,104.62,78.46,98.8,15,0,29.37,9.0241,"Base","DC00010"
56,57,"H","FALSE",10,263000,0.168387,5201.68,6188.23,495.06,371.29,105.2,15,0,18.97,8.5138,"Base","DC00011"
39,40,"H","FALSE",10,61000,0.038395,259.78,347.89,27.83,20.87,24.4,15,0,33.91,9.0155,"Base","DC00012"
45,46,"H","FALSE",25,140000,0.266208,2098.11,2522.22,201.78,151.33,56,15,0,20.21,17.7632,"Base","DC00013"
22,25,"F","TRUE",10,50000,0.00779,42.66,90.3,7.22,5.42,20,15,0,111.69,9.1311,"Base","DC00014"
60,61,"F","FALSE",10,270000,0.167242,5296.35,6301.57,504.13,378.09,108,15,0,18.98,8.5257,"Base","DC00015"
44,45,"F","FALSE",10,102000,0.03693,417.43,550.27,44.02,33.02,40.8,15,0,31.82,9.0241,"Base","DC00016"
46,49,"F","TRUE",10,299000,0.053721,1792.36,2240.66,179.25,134.44,119.6,15,0,25.01,8.9618,"Base","DC00017"
55,56,"F","FALSE",10,62000,0.104593,739.45,906.11,72.49,54.37,24.8,15,0,22.54,8.7696,"Base","DC00018"
56,57,"H","FALSE",10,367000,0.168387,7258.62,8628.39,690.27,517.7,146.8,15,0,18.87,8.5138,"Base","DC00019"
50,51,"F","FALSE",5,98000,0.026754,550.94,703.65,56.29,42.22,39.2,15,0,27.72,4.759,"Base","DC00020"
24,25,"H","FALSE",10,86000,0.013553,127.97,206.25,16.5,12.37,34.4,15,0,61.16,9.1077,"Base","DC00021"
39,42,"F","TRUE",15,110000,0.051482,441.29,581.73,46.54,34.9,44,15,0,31.83,12.833,"Base","DC00022"
53,54,"F","FALSE",17,70000,0.190999,994.41,1206.29,96.5,72.38,28,15,0,21.31,13.4451,"Base","DC00023"
47,50,"F","TRUE",15,32000,0.108228,276.34,353.65,28.29,21.22,12.8,15,0,27.98,12.5326,"Base","DC00024"
22,26,"H","TRUE",15,534000,0.02407,991.23,1418.4,113.47,85.1,213.6,15,0,43.1,12.9673,"Base","DC00026"
52,53,"H","FALSE",15,160000,0.207736,2778.87,3323.1,265.85,199.39,64,15,0,19.58,11.9609,"Base","DC00027"
43,44,"F","FALSE",10,181000,0.033681,674.67,886.12,70.89,53.17,72.4,15,0,31.34,9.0361,"Base","DC00028"
49,50,"H","FALSE",5,494000,0.038375,4001.77,4900.43,392.03,294.03,197.6,15,0,22.46,4.7372,"Base","DC00029"
34,38,"H","TRUE",20,126000,0.092825,728.81,923.5,73.88,55.41,50.4,15,0,26.71,16.048,"Base","DC00030"
41,42,"H","FALSE",15,81000,0.08111,518.7,658.26,52.66,39.5,32.4,15,0,26.9,12.6661,"Base","DC00031"
27,28,"F","FALSE",20,190000,0.025405,292.51,445.94,35.68,26.76,76,15,0,52.45,16.5018,"Base","DC00032"
55,56,"H","FALSE",15,144000,0.265771,3294.18,3914.86,313.19,234.89,57.6,15,0,18.84,11.6178,"Base","DC00033"
23,27,"H","TRUE",15,121000,0.025642,239.42,352.12,28.17,21.13,48.4,15,0,47.07,12.9591,"Base","DC00034"
41,45,"H","TRUE",25,177000,0.246346,2431.13,2926.67,234.13,175.6,70.8,15,0,20.38,17.9354,"Base","DC00035"
37,38,"H","FALSE",20,123000,0.092825,711.46,901.93,72.15,54.12,49.2,15,0,26.77,16.048,"Base","DC00036"
47,48,"H","FALSE",10,87000,0.076139,746.52,925.95,74.08,55.56,34.8,15,0,24.04,8.8733,"Base","DC00037"
24,28,"H","TRUE",25,45000,0.06284,145.76,207.86,16.63,12.47,18,15,0,42.6,19.4001,"Base","DC00038"
23,24,"F","FALSE",15,76000,0.012377,72.16,136.7,10.94,8.2,30.4,15,0,89.43,13.0346,"Base","DC00039"
53,54,"H","FALSE",10,91000,0.12943,1358.84,1639.81,131.19,98.39,36.4,15,0,20.68,8.6678,"Base","DC00040"
54,55,"H","FALSE",16,182000,0.268368,3981.84,4732.13,378.57,283.93,72.8,15,0,18.84,12.2664,"Base","DC00041"
43,47,"H","TRUE",5,127000,0.029421,786.02,990.48,79.24,59.43,50.8,15,0,26.01,4.7536,"Base","DC00042"
42,43,"H","FALSE",15,89000,0.088326,622.54,782.72,62.62,46.96,35.6,15,0,25.73,12.6273,"Base","DC00043"
45,49,"H","TRUE",5,59000,0.035098,436.57,552.53,44.2,33.15,23.6,15,0,26.56,4.7432,"Base","DC00044"
25,26,"H","FALSE",20,154000,0.03687,345.94,491.32,39.31,29.48,61.6,15,0,42.03,16.4132,"Base","DC00045"
25,29,"H","TRUE",15,332000,0.029288,751.43,1045.61,83.65,62.74,132.8,15,0,39.15,12.9401,"Base","DC00046"
21,22,"F","FALSE",20,87000,0.01667,87.6,159.77,12.78,9.59,34.8,15,0,82.38,16.5564,"Base","DC00047"
22,23,"H","FALSE",15,344000,0.020182,534.57,799.03,63.92,47.94,137.6,15,0,49.47,12.9875,"Base","DC00048"
40,41,"H","FALSE",25,96000,0.178906,928.47,1141.7,91.34,68.5,38.4,15,0,22.97,18.4982,"Base","DC00049"
21,25,"H","TRUE",20,869000,0.034482,1823.95,2542.49,203.4,152.55,347.6,15,0,39.4,16.4285,"Base","DC00050"
57,58,"H","FALSE",5,113000,0.079518,1927.89,2311.74,184.94,138.7,45.2,15,0,19.91,4.6608,"Base","DC00051"
29,30,"F","FALSE",10,293000,0.010659,342.41,551.87,44.15,33.11,117.2,15,0,61.17,9.1206,"Base","DC00052"
59,63,"H","TRUE",11,209000,0.312872,7589.22,8939.33,715.15,536.36,83.6,15,0,17.79,8.6162,"Base","DC00053"
24,27,"F","TRUE",20,135000,0.023553,192.55,304.13,24.33,18.25,54,15,0,57.95,16.5134,"Base","DC00054"
52,55,"F","TRUE",18,70000,0.228611,1154.27,1392.18,111.37,83.53,28,15,0,20.61,13.8639,"Base","DC00055"
58,59,"H","FALSE",12,181000,0.252261,4747.02,5621.41,449.71,337.28,72.4,15,0,18.42,9.6185,"Base","DC00056"
55,59,"H","TRUE",15,306000,0.33616,9199.86,10857.28,868.58,651.44,122.4,15,0,18.02,11.1811,"Base","DC00057"
28,29,"F","FALSE",20,137000,0.027455,228.12,346.41,27.71,20.78,54.8,15,0,51.86,16.489,"Base","DC00058"
48,52,"H","TRUE",10,128000,0.108445,1586.5,1921.75,153.74,115.3,51.2,15,0,21.13,8.7494,"Base","DC00059"
31,32,"H","FALSE",15,559000,0.036276,1571.54,2104.82,168.39,126.29,223.6,15,0,33.93,12.9036,"Base","DC00060"
39,40,"F","FALSE",25,84000,0.109952,484.02,619.33,49.55,37.16,33.6,15,0,27.95,19.0816,"Base","DC00061"
28,29,"H","FALSE",15,122000,0.029288,276.13,395.26,31.62,23.72,48.8,15,0,43.15,12.9401,"Base","DC00062"
54,55,"H","FALSE",10,99000,0.141352,1623.22,1950.96,156.08,117.06,39.6,15,0,20.19,8.621,"Base","DC00063"
48,49,"H","FALSE",15,542000,0.147948,6518.98,7849.75,627.98,470.98,216.8,15,0,20.41,12.3006,"Base","DC00064"
35,38,"F","TRUE",10,299000,0.019802,651.57,914.15,73.13,54.85,119.6,15,0,40.3,9.0871,"Base","DC00065"
56,60,"H","TRUE",14,191000,0.332341,6016.01,7101.64,568.13,426.1,76.4,15,0,18.05,10.5514,"Base","DC00066"
47,48,"H","FALSE",20,118000,0.213842,1658.82,2001.19,160.09,120.07,47.2,15,0,20.64,15.2117,"Base","DC00067"
24,25,"H","FALSE",10,350000,0.013553,520.83,785.85,62.87,47.15,140,15,0,50.88,9.1077,"Base","DC00068"
47,48,"F","FALSE",10,256000,0.048879,1393.47,1756.82,140.55,105.41,102.4,15,0,26.08,8.9798,"Base","DC00069"
21,24,"F","TRUE",5,196000,0.003388,138.3,269.42,21.55,16.17,78.4,15,0,94.81,4.8013,"Base","DC00070"
37,38,"F","FALSE",20,138000,0.059004,499.88,662.88,53.03,39.77,55.2,15,0,32.61,16.2891,"Base","DC00071"
43,46,"F","TRUE",10,175000,0.040523,787,1013.95,81.12,60.84,70,15,0,28.84,9.0108,"Base","DC00072"
37,38,"H","FALSE",10,43000,0.032665,155.43,218.17,17.45,13.09,17.2,15,0,40.37,9.0369,"Base","DC00073"
24,25,"F","FALSE",20,25000,0.020371,30.8,64.89,5.19,3.89,10,15,0,110.65,16.5333,"Base","DC00074"
59,60,"F","FALSE",10,230000,0.152432,4084.19,4873.47,389.88,292.41,92,15,0,19.33,8.5842,"Base","DC00075"
59,63,"H","TRUE",11,409000,0.312872,14851.64,17477.02,1398.16,1048.62,163.6,15,0,17.68,8.6162,"Base","DC00076"
40,41,"F","FALSE",10,98000,0.025691,277.72,385.96,30.88,23.16,39.2,15,0,38.97,9.0655,"Base","DC00077"
55,56,"F","FALSE",15,440000,0.18789,6835.98,8170.9,653.67,490.25,176,15,0,19.53,12.0936,"Base","DC00078"
58,59,"F","FALSE",12,414000,0.178206,7386.41,8798.85,703.91,527.93,165.6,15,0,19.12,9.9882,"Base","DC00080"
37,38,"F","FALSE",10,411000,0.019802,895.63,1250.04,100,75,164.4,15,0,39.57,9.0871,"Base","DC00081"
46,47,"H","FALSE",10,122000,0.069738,956.21,1186.06,94.88,71.16,48.8,15,0,24.04,8.8976,"Base","DC00082"
32,33,"F","FALSE",25,216000,0.058843,653.12,877.35,70.19,52.64,86.4,15,0,34.33,19.4607,"Base","DC00083"
38,39,"H","FALSE",10,168000,0.035391,658.69,861.5,68.92,51.69,67.2,15,0,30.79,9.0267,"Base","DC00084"
51,52,"F","FALSE",10,81000,0.07145,650.61,811.64,64.93,48.7,32.4,15,0,24.75,8.8954,"Base","DC00085"
35,39,"H","TRUE",10,185000,0.035391,725.34,946.91,75.75,56.81,74,15,0,30.55,9.0267,"Base","DC00086"
48,49,"F","FALSE",15,112000,0.098587,877.42,1089.79,87.18,65.39,44.8,15,0,24.2,12.5844,"Base","DC00087"
36,37,"H","FALSE",5,277000,0.013005,753.08,1021.95,81.76,61.32,110.8,15,0,35.7,4.7835,"Base","DC00088"
28,29,"H","FALSE",10,203000,0.017108,381.88,555.9,44.47,33.35,81.2,15,0,45.57,9.0945,"Base","DC00089"
40,41,"F","FALSE",10,161000,0.025691,456.26,622.86,49.83,37.37,64.4,15,0,36.51,9.0655,"Base","DC00090"
27,30,"F","TRUE",25,399000,0.045465,927.54,1281.56,102.53,76.89,159.6,15,0,38.17,19.5578,"Base","DC00091"
48,49,"H","FALSE",10,211000,0.083156,1983.36,2421.81,193.75,145.31,84.4,15,0,22.11,8.8466,"Base","DC00092"
57,58,"F","FALSE",10,465000,0.126385,6766.16,8101.35,648.11,486.08,186,15,0,19.73,8.6858,"Base","DC00093"
20,24,"H","TRUE",5,29000,0.005956,36.01,72.8,5.82,4.37,11.6,15,0,102.17,4.7963,"Base","DC00094"
32,33,"F","FALSE",5,257000,0.005727,306.82,493.75,39.5,29.62,102.8,15,0,60.92,4.797,"Base","DC00095"
33,34,"H","FALSE",15,52000,0.042198,170.46,239.84,19.19,14.39,20.8,15,0,40.7,12.8725,"Base","DC00096"
28,29,"H","FALSE",20,79000,0.045583,220.15,310.18,24.81,18.61,31.6,15,0,40.89,16.3571,"Base","DC00098"
35,36,"H","FALSE",15,139000,0.049371,534.69,703.82,56.31,42.23,55.6,15,0,31.63,12.8348,"Base","DC00099"
45,46,"F","FALSE",20,179000,0.122397,1380.05,1705.41,136.43,102.32,71.6,15,0,23.58,15.8756,"Base","DC00100"
52,56,"H","TRUE",10,397000,0.154315,7148.72,8514.56,681.16,510.87,158.8,15,0,19.11,8.5698,"Base","DC00101"
48,49,"F","FALSE",15,151000,0.098587,1182.95,1463.19,117.06,87.79,60.4,15,0,23.69,12.5844,"Base","DC00102"
44,45,"F","FALSE",5,370000,0.015262,1181.43,1563.29,125.06,93.8,148,15,0,32.32,4.7798,"Base","DC00103"
51,52,"H","FALSE",19,247000,0.27191,4741.35,5645.53,451.64,338.73,98.8,15,0,19.07,14.1651,"Base","DC00104"
36,39,"F","TRUE",10,79000,0.021568,187.64,272.37,21.79,16.34,31.6,15,0,45.16,9.0807,"Base","DC00105"
33,34,"H","FALSE",15,106000,0.042198,347.48,470.79,37.66,28.25,42.4,15,0,35.49,12.8725,"Base","DC00106"
25,26,"H","FALSE",10,17000,0.014315,26.73,56.43,4.51,3.39,6.8,15,0,111.12,9.1048,"Base","DC00107"
56,57,"F","FALSE",14,92000,0.185418,1496,1799.77,143.98,107.99,36.8,15,0,20.31,11.4027,"Base","DC00108"
35,36,"F","FALSE",10,185000,0.01677,340.99,499.99,40,30,74,15,0,46.63,9.0982,"Base","DC00109"
50,51,"H","FALSE",20,143000,0.271944,2630.6,3142.79,251.42,188.57,57.2,15,0,19.47,14.783,"Base","DC00110"
53,54,"H","FALSE",10,82000,0.12943,1224.45,1479.36,118.35,88.76,32.8,15,0,20.82,8.6678,"Base","DC00111"
49,52,"F","TRUE",10,94000,0.07145,755.03,939.1,75.13,56.35,37.6,15,0,24.38,8.8954,"Base","DC00112"
51,52,"H","FALSE",19,169000,0.27191,3244.08,3868.24,309.46,232.09,67.6,15,0,19.24,14.1651,"Base","DC00113"
25,28,"F","TRUE",30,158000,0.057227,404.59,561.39,44.91,33.68,63.2,15,0,38.75,22.3479,"Base","DC00114"
41,42,"F","FALSE",20,32000,0.084844,168.4,228.14,18.25,13.69,12.8,15,0,35.48,16.1225,"Base","DC00115"
57,58,"F","FALSE",10,79000,0.126385,1149.52,1390.84,111.27,83.45,31.6,15,0,20.99,8.6858,"Base","DC00116"
50,51,"F","FALSE",20,143000,0.192085,1783.58,2157.89,172.63,129.47,57.2,15,0,20.99,15.4005,"Base","DC00117"
25,26,"F","FALSE",20,276000,0.021881,365.48,570.78,45.66,34.25,110.4,15,0,56.18,16.5239,"Base","DC00118"
39,40,"H","FALSE",10,36000,0.038395,153.32,212.46,17,12.75,14.4,15,0,38.58,9.0155,"Base","DC00119"
34,35,"H","FALSE",30,143000,0.158811,1059.15,1315.52,105.24,78.93,57.2,15,0,24.21,21.4418,"Base","DC00120"
53,57,"H","TRUE",17,61000,0.340747,1673.33,1991.55,159.32,119.49,24.4,15,0,19.02,12.4216,"Base","DC00121"
42,43,"H","FALSE",15,261000,0.088326,1825.66,2261.7,180.94,135.7,104.4,15,0,23.88,12.6273,"Base","DC00122"
31,34,"F","TRUE",10,110000,0.014301,172.73,269.45,21.56,16.17,44,15,0,56,9.1073,"Base","DC00123"
45,48,"F","TRUE",15,114000,0.089796,810.43,1012.83,81.03,60.77,45.6,15,0,24.97,12.6312,"Base","DC00124"
60,61,"H","FALSE",10,83000,0.237053,2389.68,2834.74,226.78,170.08,33.2,15,0,18.62,8.2335,"Base","DC00125"
20,24,"H","TRUE",25,51000,0.04698,122.76,183.91,14.71,11.03,20.4,15,0,49.81,19.5177,"Base","DC00126"
21,22,"H","FALSE",25,61000,0.041042,127.99,194.63,15.57,11.68,24.4,15,0,52.08,19.5615,"Base","DC00127"
43,44,"H","FALSE",10,109000,0.053748,654,828.6,66.29,49.72,43.6,15,0,26.7,8.958,"Base","DC00128"
53,54,"F","FALSE",10,218000,0.086463,2132.54,2598.53,207.88,155.91,87.2,15,0,21.85,8.8387,"Base","DC00129"
44,45,"F","FALSE",10,192000,0.03693,785.75,1020.4,81.63,61.22,76.8,15,0,29.86,9.0241,"Base","DC00130"
47,48,"F","FALSE",15,515000,0.089796,3661.17,4514.15,361.13,270.85,206,15,0,23.3,12.6312,"Base","DC00131"
33,37,"H","TRUE",15,181000,0.053504,755.81,980.47,78.44,58.83,72.4,15,0,29.73,12.813,"Base","DC00132"
53,54,"F","FALSE",10,106000,0.086463,1036.92,1272.47,101.8,76.35,42.4,15,0,22.72,8.8387,"Base","DC00133"
21,22,"F","FALSE",20,220000,0.01667,221.51,377.34,30.19,22.64,88,15,0,70.35,16.5564,"Base","DC00134"
50,51,"H","FALSE",15,119000,0.175505,1719.56,2072.27,165.78,124.34,47.6,15,0,20.51,12.1457,"Base","DC00135"
51,55,"H","TRUE",10,384000,0.141352,6296.13,7517.13,601.37,451.03,153.6,15,0,19.39,8.621,"Base","DC00136"
46,47,"F","FALSE",15,158000,0.081791,1019.67,1276.59,102.13,76.6,63.2,15,0,25.2,12.6738,"Base","DC00137"
29,33,"H","TRUE",15,780000,0.039095,2365.92,3131.31,250.5,187.88,312,15,0,32.35,12.8888,"Base","DC00138"
47,48,"F","FALSE",15,31000,0.089796,220.38,288.12,23.05,17.29,12.4,15,0,30.74,12.6312,"Base","DC00139"
56,57,"F","FALSE",5,62000,0.047872,628.78,777.42,62.19,46.65,24.8,15,0,23.64,4.7203,"Base","DC00140"
24,25,"F","FALSE",20,232000,0.020371,285.85,457.74,36.62,27.46,92.8,15,0,60.13,16.5333,"Base","DC00142"
54,55,"F","FALSE",16,149000,0.189725,2212.97,2659.96,212.8,159.6,59.6,15,0,20.2,12.7743,"Base","DC00143"
33,37,"H","TRUE",15,34000,0.053504,141.97,198.34,15.87,11.9,13.6,15,0,39.7,12.813,"Base","DC00144"
33,34,"F","FALSE",5,82000,0.006149,105.12,177.82,14.23,10.67,32.8,15,0,69.15,4.7963,"Base","DC00145"
47,48,"F","FALSE",20,315000,0.146834,2943.84,3587.03,286.96,215.22,126,15,0,21.85,15.7116,"Base","DC00146"
52,53,"F","FALSE",5,303000,0.032433,2069.48,2564.75,205.18,153.88,121.2,15,0,23.93,4.7486,"Base","DC00147"
56,57,"F","FALSE",10,103000,0.114995,1356.8,1643.02,131.44,98.58,41.2,15,0,21.1,8.7297,"Base","DC00148"
54,57,"F","TRUE",16,112000,0.226471,2020.6,2419.07,193.53,145.14,44.8,15,0,19.72,12.5531,"Base","DC00149"
45,46,"F","FALSE",15,50000,0.074508,293.06,381.46,30.52,22.89,20,15,0,30.17,12.7123,"Base","DC00150"
50,51,"H","FALSE",20,139000,0.271944,2557.01,3055.36,244.43,183.32,55.6,15,0,19.49,14.783,"Base","DC00151"
51,55,"H","TRUE",10,199000,0.141352,3262.84,3904,312.32,234.24,79.6,15,0,19.65,8.621,"Base","DC00152"
36,37,"F","FALSE",20,228000,0.053958,753.77,999.97,80,60,91.2,15,0,32.66,16.3213,"Base","DC00153"
46,47,"H","FALSE",24,609000,0.267987,9498.72,11345.73,907.66,680.74,243.6,15,0,19.44,17.1817,"Base","DC00154"
49,50,"F","FALSE",15,404000,0.108228,3488.82,4262.12,340.97,255.73,161.6,15,0,22.16,12.5326,"Base","DC00155"
55,59,"H","TRUE",15,272000,0.33616,8177.65,9652.85,772.23,579.17,108.8,15,0,18.04,11.1811,"Base","DC00156"
39,43,"H","TRUE",15,63000,0.088326,440.68,559.16,44.73,33.55,25.2,15,0,26.89,12.6273,"Base","DC00157"
30,31,"F","FALSE",20,155000,0.032237,303.59,442.55,35.4,26.55,62,15,0,45.77,16.4589,"Base","DC00158"
36,37,"H","FALSE",20,258000,0.085452,1369.63,1730.03,138.4,103.8,103.2,15,0,26.31,16.0969,"Base","DC00159"
28,31,"F","TRUE",10,82000,0.011433,102.82,175.14,14.01,10.51,32.8,15,0,70.33,9.1178,"Base","DC00160"
36,37,"F","FALSE",15,73000,0.032945,186.01,267.69,21.42,16.06,29.2,15,0,43.91,12.9291,"Base","DC00161"
32,33,"H","FALSE",10,51000,0.022383,125.79,187.43,14.99,11.25,20.4,15,0,49,9.075,"Base","DC00162"
50,53,"F","TRUE",15,148000,0.142952,1713.94,2079.24,166.34,124.75,59.2,15,0,21.31,12.3439,"Base","DC00163"
20,21,"H","FALSE",15,74000,0.01816,103.39,172.08,13.77,10.32,29.6,15,0,66.44,12.998,"Base","DC00164"
36,37,"F","FALSE",20,81000,0.053958,267.79,366.5,29.32,21.99,32.4,15,0,36.86,16.3213,"Base","DC00165"
52,53,"H","FALSE",15,105000,0.207736,1823.63,2186.78,174.94,131.21,42,15,0,19.91,11.9609,"Base","DC00166"
47,48,"H","FALSE",23,145000,0.269491,2355,2823.26,225.86,169.4,58,15,0,19.88,16.5929,"Base","DC00167"
21,22,"H","FALSE",5,187000,0.005474,213.39,352.55,28.2,21.15,74.8,15,0,65.21,4.7972,"Base","DC00168"
50,51,"F","FALSE",10,83000,0.064957,604.44,758.88,60.71,45.53,33.2,15,0,25.55,8.9198,"Base","DC00169"
27,28,"H","FALSE",25,133000,0.06284,430.81,580.25,46.42,34.81,53.2,15,0,34.69,19.4001,"Base","DC00170"
35,36,"H","FALSE",15,302000,0.049371,1161.69,1508.71,120.7,90.52,120.8,15,0,29.87,12.8348,"Base","DC00171"
22,23,"H","FALSE",10,227000,0.012238,304.87,477.52,38.2,28.65,90.8,15,0,56.63,9.1125,"Base","DC00172"
56,60,"H","TRUE",14,881000,0.332341,27749.23,32693.75,2615.5,1961.63,352.4,15,0,17.82,10.5514,"Base","DC00173"
32,33,"F","FALSE",15,84000,0.023553,152.46,233.79,18.7,14.03,33.6,15,0,53.35,12.9774,"Base","DC00174"
31,35,"H","TRUE",20,162000,0.072565,726.48,937.53,75,56.25,64.8,15,0,29.05,16.1817,"Base","DC00175"
20,21,"F","FALSE",30,143000,0.032615,206.9,324.53,25.96,19.47,57.2,15,0,56.86,22.542,"Base","DC00176"
49,50,"F","FALSE",10,586000,0.059065,3870.8,4790.93,383.27,287.46,234.4,15,0,23.77,8.9418,"Base","DC00177"
56,57,"H","FALSE",10,90000,0.168387,1780.04,2129.12,170.33,127.75,36,15,0,19.61,8.5138,"Base","DC00179"
25,26,"F","FALSE",5,283000,0.003737,220.28,405.21,32.42,24.31,113.2,15,0,83.95,4.8006,"Base","DC00180"
35,36,"H","FALSE",10,347000,0.027944,1070.91,1424.09,113.93,85.45,138.8,15,0,32.98,9.0544,"Base","DC00181"
29,32,"F","TRUE",10,296000,0.012292,399.19,619.3,49.54,37.16,118.4,15,0,55.14,9.1146,"Base","DC00182"
26,29,"F","TRUE",15,76000,0.017309,101.12,170.37,13.63,10.22,30.4,15,0,68.49,13.0094,"Base","DC00183"
60,61,"F","FALSE",10,825000,0.167242,16183.3,19218.95,1537.52,1153.14,330,15,0,18.76,8.5257,"Base","DC00185"
44,45,"F","FALSE",10,41000,0.03693,167.79,231.62,18.53,13.9,16.4,15,0,38.04,9.0241,"Base","DC00186"
22,23,"F","FALSE",15,538000,0.011661,481.16,827.16,66.17,49.63,215.2,15,0,71.91,13.0383,"Base","DC00187"
37,38,"F","FALSE",15,265000,0.035949,737.72,998.51,79.88,59.91,106,15,0,35.35,12.9136,"Base","DC00188"
47,48,"H","FALSE",15,97000,0.135767,1064.77,1300.66,104.05,78.04,38.8,15,0,22.15,12.3683,"Base","DC00189"
34,35,"F","FALSE",10,123000,0.015472,209.06,317.74,25.42,19.06,49.2,15,0,51.99,9.103,"Base","DC00190"
48,52,"H","TRUE",22,75000,0.339484,1650.79,1971.85,157.75,118.31,30,15,0,19.45,15.4237,"Base","DC00191"
39,40,"F","FALSE",25,116000,0.109952,668.41,848.62,67.89,50.92,46.4,15,0,26.96,19.0816,"Base","DC00192"
44,48,"H","TRUE",10,198000,0.076139,1698.97,2085.09,166.81,125.11,79.2,15,0,22.73,8.8733,"Base","DC00193"
35,36,"F","FALSE",15,237000,0.030228,553.51,771.29,61.7,46.28,94.8,15,0,39.35,12.9431,"Base","DC00194"
43,46,"F","TRUE",15,38000,0.074508,222.72,294.1,23.53,17.65,15.2,15,0,32.05,12.7123,"Base","DC00195"
52,56,"H","TRUE",15,117000,0.265771,2676.52,3184.1,254.73,191.05,46.8,15,0,18.96,11.6178,"Base","DC00196"
57,58,"F","FALSE",13,119000,0.182223,2026.38,2429.05,194.32,145.74,47.6,15,0,19.87,10.7011,"Base","DC00197"
60,61,"H","FALSE",10,91000,0.237053,2620.01,3106.29,248.5,186.38,36.4,15,0,18.56,8.2335,"Base","DC00198"
41,42,"H","FALSE",10,264000,0.045341,1331.55,1688.55,135.08,101.31,105.6,15,0,26.81,8.9895,"Base","DC00199"
45,46,"H","FALSE",15,326000,0.114284,2983.77,3638.57,291.09,218.31,130.4,15,0,21.95,12.4865,"Base","DC00200"
39,40,"F","FALSE",20,229000,0.070692,998.41,1284.9,102.79,77.09,91.6,15,0,28.69,16.2141,"Base","DC00201"
56,57,"F","FALSE",14,80000,0.185418,1300.87,1567.29,125.38,94.04,32,15,0,20.48,11.4027,"Base","DC00202"
34,35,"F","FALSE",15,156000,0.027774,334.42,478.87,38.31,28.73,62.4,15,0,43.19,12.9557,"Base","DC00203"
40,41,"H","FALSE",10,224000,0.041702,1037.54,1328.07,106.25,79.68,89.6,15,0,28,9.0031,"Base","DC00204"
44,45,"F","FALSE",15,62000,0.06789,330.21,430.24,34.42,25.81,24.8,15,0,30.29,12.7471,"Base","DC00206"
57,58,"H","FALSE",13,124000,0.257846,3105.84,3686.56,294.92,221.19,49.6,15,0,18.7,10.2944,"Base","DC00207"
20,21,"H","FALSE",25,92000,0.038474,180.78,270.44,21.63,16.23,36.8,15,0,49.6,19.5803,"Base","DC00208"
33,36,"F","TRUE",15,155000,0.030228,362,510.47,40.84,30.63,62,15,0,41.01,12.9431,"Base","DC00209"
30,34,"H","TRUE",15,147000,0.042198,481.89,646.15,51.69,38.77,58.8,15,0,34.09,12.8725,"Base","DC00210"
47,48,"H","FALSE",10,79000,0.076139,677.87,842.41,67.39,50.54,31.6,15,0,24.27,8.8733,"Base","DC00211"
37,38,"F","FALSE",10,762000,0.019802,1660.52,2302.69,184.22,138.16,304.8,15,0,38.67,9.0871,"Base","DC00212"
53,54,"F","FALSE",15,403000,0.1567,5147.49,6190.34,495.23,371.42,161.2,15,0,20.26,12.2681,"Base","DC00213"
55,59,"H","TRUE",15,367000,0.33616,11033.82,13018.16,1041.45,781.09,146.8,15,0,17.98,11.1811,"Base","DC00214"
39,40,"H","FALSE",20,53000,0.10969,364.82,466.3,37.3,27.98,21.2,15,0,27.82,15.9355,"Base","DC00215"
34,35,"H","FALSE",20,302000,0.072565,1354.3,1732.67,138.61,103.96,120.8,15,0,27.94,16.1817,"Base","DC00216"
26,27,"H","FALSE",10,109000,0.015155,181.5,279.18,22.33,16.75,43.6,15,0,53.82,9.1017,"Base","DC00217"
46,47,"H","FALSE",10,159000,0.069738,1246.21,1540.47,123.24,92.43,63.6,15,0,23.61,8.8976,"Base","DC00218"
49,50,"H","FALSE",10,25000,0.090842,257.57,328.57,26.29,19.71,10,15,0,27.57,8.8172,"Base","DC00219"
24,28,"H","TRUE",30,121000,0.090856,499.13,654.11,52.33,39.25,48.4,15,0,31.05,22.0253,"Base","DC00220"
41,45,"H","TRUE",20,215000,0.16688,2308.15,2801.34,224.11,168.08,86,15,0,21.37,15.5445,"Base","DC00221"
39,40,"H","FALSE",20,35000,0.10969,240.92,313.86,25.11,18.83,14,15,0,30.28,15.9355,"Base","DC00222"
60,61,"H","FALSE",10,147000,0.237053,4232.32,5007.12,400.57,300.43,58.8,15,0,18.31,8.2335,"Base","DC00223"
30,31,"F","FALSE",30,107000,0.074137,357.13,482.47,38.6,28.95,42.8,15,0,35.1,22.2125,"Base","DC00224"
47,48,"H","FALSE",5,548000,0.032122,3706.9,4582.67,366.61,274.96,219.2,15,0,23.63,4.7487,"Base","DC00225"
57,58,"H","FALSE",10,137000,0.183635,2976.39,3542.08,283.37,212.52,54.8,15,0,19.01,8.4525,"Base","DC00226"
28,29,"F","FALSE",10,115000,0.00996,125.55,216.92,17.35,13.02,46,15,0,72.77,9.1231,"Base","DC00227"
42,46,"H","TRUE",15,186000,0.114284,1702.4,2083.48,166.68,125.01,74.4,15,0,22.39,12.4865,"Base","DC00228"
45,46,"F","FALSE",10,76000,0.040523,341.78,450.21,36.02,27.01,30.4,15,0,31.72,9.0108,"Base","DC00229"
60,61,"F","FALSE",10,197000,0.167242,3864.37,4602.53,368.2,276.15,78.8,15,0,19.1,8.5257,"Base","DC00230"
30,31,"H","FALSE",15,185000,0.033718,482.91,665.01,53.2,39.9,74,15,0,37.71,12.917,"Base","DC00231"
38,39,"H","FALSE",30,37000,0.218058,385.96,483.44,38.68,29.01,14.8,15,0,25.26,20.9042,"Base","DC00232"
47,48,"F","FALSE",15,124000,0.089796,881.52,1100.14,88.01,66.01,49.6,15,0,24.8,12.6312,"Base","DC00233"
40,43,"F","TRUE",10,101000,0.030744,343.23,463.52,37.08,27.81,40.4,15,0,35.05,9.0469,"Base","DC00234"
55,56,"H","FALSE",15,109000,0.265771,2493.51,2967.57,237.41,178.05,43.6,15,0,19.01,11.6178,"Base","DC00235"
41,42,"H","FALSE",5,95000,0.019239,383,506.98,40.56,30.42,38,15,0,32.37,4.7722,"Base","DC00236"
44,45,"H","FALSE",20,379000,0.16688,4068.79,4924.87,393.99,295.49,151.6,15,0,21.04,15.5445,"Base","DC00237"
49,50,"F","FALSE",10,98000,0.059065,647.34,815.74,65.26,48.94,39.2,15,0,26.01,8.9418,"Base","DC00238"
40,41,"F","FALSE",20,231000,0.077433,1106.14,1411.09,112.89,84.67,92.4,15,0,27.57,16.1706,"Base","DC00239"
40,41,"H","FALSE",20,331000,0.119293,2487.96,3064.37,245.15,183.86,132.4,15,0,23.17,15.8709,"Base","DC00240"
25,26,"F","FALSE",10,94000,0.008251,84.96,159.95,12.8,9.6,37.6,15,0,88.27,9.1294,"Base","DC00241"
60,61,"H","FALSE",10,132000,0.237053,3800.45,4497.97,359.84,269.88,52.8,15,0,18.35,8.2335,"Base","DC00242"
43,46,"F","TRUE",27,187000,0.218867,2114.75,2563.43,205.07,153.81,74.8,15,0,21.22,19.3537,"Base","DC00244"
26,27,"F","FALSE",25,75000,0.035523,135.73,210.15,16.81,12.61,30,15,0,54.83,19.6294,"Base","DC00245"
33,34,"H","FALSE",10,276000,0.024059,732.2,997.21,79.78,59.83,110.4,15,0,36.19,9.0688,"Base","DC00246"
31,34,"F","TRUE",10,186000,0.014301,292.07,443.57,35.49,26.61,74.4,15,0,51.87,9.1073,"Base","DC00247"
29,30,"F","FALSE",15,222000,0.018639,318.23,490.73,39.26,29.44,88.8,15,0,54.21,13.0026,"Base","DC00248"
44,45,"H","FALSE",10,276000,0.058587,1808.77,2249.03,179.92,134.94,110.4,15,0,24.34,8.9398,"Base","DC00249"
21,22,"F","FALSE",10,171000,0.006662,124.7,241.98,19.36,14.52,68.4,15,0,94.05,9.1352,"Base","DC00251"
54,55,"F","FALSE",10,224000,0.095105,2419.25,2934.71,234.78,176.08,89.6,15,0,21.31,8.8059,"Base","DC00252"
53,54,"H","FALSE",10,123000,0.12943,1836.67,2210.32,176.83,132.62,49.2,15,0,20.34,8.6678,"Base","DC00253"
46,50,"H","TRUE",10,102000,0.090842,1050.89,1286.84,102.95,77.21,40.8,15,0,22.45,8.8172,"Base","DC00254"
50,51,"H","FALSE",20,270000,0.271944,4966.86,5918.44,473.48,355.11,108,15,0,19.16,14.783,"Base","DC00255"
46,50,"H","TRUE",15,153000,0.161173,2016.87,2433.8,194.7,146.03,61.2,15,0,20.67,12.2266,"Base","DC00256"
35,36,"F","FALSE",20,253000,0.049384,764.15,1023.66,81.89,61.42,101.2,15,0,33.96,16.3504,"Base","DC00257"
55,56,"H","FALSE",10,195000,0.154315,3511.34,4191.09,335.29,251.47,78,15,0,19.36,8.5698,"Base","DC00258"
43,46,"F","TRUE",25,109000,0.187602,1106.67,1354.97,108.4,81.3,43.6,15,0,22.44,18.4776,"Base","DC00259"
40,44,"H","TRUE",20,192000,0.153487,1884.55,2298.08,183.85,137.89,76.8,15,0,21.94,15.6375,"Base","DC00261"
39,43,"H","TRUE",5,140000,0.020898,613.47,795.89,63.67,47.75,56,15,0,29.74,4.7692,"Base","DC00262"
52,53,"H","FALSE",18,48000,0.271351,961.97,1158.33,92.67,69.5,19.2,15,0,20.41,13.5398,"Base","DC00264"
33,34,"H","FALSE",10,275000,0.024059,729.55,993.66,79.49,59.62,110,15,0,36.2,9.0688,"Base","DC00265"
47,51,"H","TRUE",10,82000,0.099252,926.44,1132.83,90.63,67.97,32.8,15,0,22.28,8.7849,"Base","DC00266"
52,56,"H","TRUE",10,111000,0.154315,1998.76,2393.21,191.46,143.59,44.4,15,0,19.73,8.5698,"Base","DC00267"
48,51,"F","TRUE",10,118000,0.064957,859.32,1071.53,85.72,64.29,47.2,15,0,24.7,8.9198,"Base","DC00268"
55,56,"H","FALSE",15,201000,0.265771,4598.13,5457.59,436.61,327.46,80.4,15,0,18.69,11.6178,"Base","DC00269"
51,55,"H","TRUE",15,141000,0.245077,2943,3505.11,280.41,210.31,56.4,15,0,19.1,11.7417,"Base","DC00270"
57,58,"H","FALSE",13,116000,0.257846,2905.46,3449.84,275.99,206.99,46.4,15,0,18.74,10.2944,"Base","DC00271"
41,42,"H","FALSE",15,88000,0.08111,563.53,713.64,57.09,42.82,35.2,15,0,26.64,12.6661,"Base","DC00272"
26,30,"H","TRUE",10,251000,0.018239,503.61,719.78,57.58,43.19,100.4,15,0,42.92,9.0904,"Base","DC00273"
50,53,"F","TRUE",5,855000,0.032433,5839.63,7205.38,576.43,432.32,342,15,0,23.39,4.7486,"Base","DC00275"
51,52,"F","FALSE",10,37000,0.07145,297.19,380.22,30.42,22.81,14.8,15,0,27.94,8.8954,"Base","DC00276"
37,38,"H","FALSE",10,463000,0.032665,1673.56,2178.79,174.3,130.73,185.2,15,0,30.19,9.0369,"Base","DC00277"
58,59,"F","FALSE",12,83000,0.178206,1480.85,1777.97,142.24,106.68,33.2,15,0,20.06,9.9882,"Base","DC00278"
32,36,"H","TRUE",15,125000,0.049371,480.83,634.69,50.78,38.08,50,15,0,32,12.8348,"Base","DC00279"
49,50,"F","FALSE",20,249000,0.175767,2821.09,3413.59,273.09,204.82,99.6,15,0,21,15.5139,"Base","DC00280"
21,24,"F","TRUE",10,234000,0.007374,188.95,345.98,27.68,20.76,93.6,15,0,83.11,9.1326,"Base","DC00281"
47,48,"H","FALSE",23,183000,0.269491,2972.17,3558.57,284.69,213.51,73.2,15,0,19.73,16.5929,"Base","DC00282"
22,23,"H","FALSE",20,114000,0.030348,210.25,314.94,25.2,18.9,45.6,15,0,49.79,16.455,"Base","DC00283"
52,53,"H","FALSE",10,97000,0.118483,1319.43,1596.78,127.74,95.81,38.8,15,0,21.02,8.7105,"Base","DC00284"
48,52,"H","TRUE",15,1056000,0.191007,16728.77,19960.66,1596.85,1197.64,422.4,15,0,19.32,12.0573,"Base","DC00285"
39,40,"H","FALSE",15,18000,0.068512,96.85,138.43,11.07,8.31,7.2,15,0,42.93,12.7334,"Base","DC00286"
28,29,"F","FALSE",10,195000,0.00996,212.89,355.69,28.45,21.34,78,15,0,67.07,9.1231,"Base","DC00287"
29,30,"H","FALSE",25,201000,0.07329,762.42,997.46,79.8,59.85,80.4,15,0,30.83,19.3219,"Base","DC00288"
26,30,"H","TRUE",20,143000,0.04909,429.76,583.67,46.69,35.02,57.2,15,0,35.81,16.3345,"Base","DC00289"
47,48,"H","FALSE",10,168000,0.076139,1441.55,1771.81,141.74,106.31,67.2,15,0,22.91,8.8733,"Base","DC00290"
37,38,"F","FALSE",10,199000,0.019802,433.65,614.25,49.14,36.85,79.6,15,0,41.65,9.0871,"Base","DC00291"
44,45,"H","FALSE",10,188000,0.058587,1232.06,1537.51,123,92.25,75.2,15,0,24.79,8.9398,"Base","DC00292"
29,30,"F","FALSE",15,206000,0.018639,295.29,456.62,36.53,27.4,82.4,15,0,54.63,13.0026,"Base","DC00293"
28,29,"H","FALSE",20,560000,0.045583,1560.58,2092.53,167.4,125.55,224,15,0,34.09,16.3571,"Base","DC00294"
38,39,"H","FALSE",15,62000,0.063035,306.22,402.35,32.19,24.14,24.8,15,0,31.39,12.7625,"Base","DC00295"
34,38,"H","TRUE",10,141000,0.032665,509.66,675.65,54.05,40.54,56.4,15,0,32.57,9.0369,"Base","DC00296"
22,23,"H","FALSE",30,119000,0.062275,332.89,459.87,36.79,27.59,47.6,15,0,38.15,22.2615,"Base","DC00297"
41,42,"H","FALSE",15,166000,0.08111,1063.02,1330.72,106.46,79.84,66.4,15,0,25.18,12.6661,"Base","DC00298"
39,42,"F","TRUE",20,145000,0.084844,763.05,972.15,77.77,58.33,58,15,0,27.4,16.1225,"Base","DC00299"
53,57,"H","TRUE",10,69000,0.168387,1364.7,1636.39,130.91,98.18,27.6,15,0,19.91,8.5138,"Base","DC00300"
42,43,"H","FALSE",10,116000,0.049345,637.81,813.03,65.04,48.78,46.4,15,0,27.47,8.9745,"Base","DC00301"
36,37,"H","FALSE",15,179000,0.053504,747.45,969.83,77.59,58.19,71.6,15,0,29.75,12.813,"Base","DC00302"
37,38,"F","FALSE",20,143000,0.059004,517.99,686.27,54.9,41.18,57.2,15,0,32.49,16.2891,"Base","DC00303"
38,39,"H","FALSE",10,229000,0.035391,897.85,1167.97,93.44,70.08,91.6,15,0,30.08,9.0267,"Base","DC00304"
36,37,"H","FALSE",15,249000,0.053504,1039.76,1342.27,107.38,80.54,99.6,15,0,29.1,12.813,"Base","DC00305"
49,50,"F","FALSE",21,106000,0.19171,1267.39,1540.45,123.24,92.43,42.4,15,0,21.55,16.0339,"Base","DC00306"
29,30,"F","FALSE",20,81000,0.029725,146.15,225.06,18,13.5,32.4,15,0,53.99,16.4747,"Base","DC00307"
56,59,"F","TRUE",10,111000,0.138839,1784.24,2143.76,171.5,128.63,44.4,15,0,20.15,8.6374,"Base","DC00308"
29,33,"H","TRUE",10,126000,0.022383,310.77,437.41,34.99,26.24,50.4,15,0,40.75,9.075,"Base","DC00309"
53,54,"H","FALSE",17,60000,0.270197,1256.05,1505.87,120.47,90.35,24,15,0,19.89,12.907,"Base","DC00310"
23,24,"H","FALSE",30,56000,0.066997,168.83,239.8,19.18,14.39,22.4,15,0,42.04,22.2229,"Base","DC00311"
44,47,"F","TRUE",25,69000,0.204577,769.65,944.48,75.56,56.67,27.6,15,0,22.72,18.3405,"Base","DC00312"
45,48,"F","TRUE",20,313000,0.146834,2925.15,3564.36,285.15,213.86,125.2,15,0,21.85,15.7116,"Base","DC00313"
58,62,"H","TRUE",10,240000,0.257598,7588.24,8952.61,716.21,537.16,96,15,0,17.98,8.1473,"Base","DC00314"
52,53,"F","FALSE",15,282000,0.142952,3265.76,3946,315.68,236.76,112.8,15,0,20.83,12.3439,"Base","DC00315"
41,42,"H","FALSE",10,112000,0.045341,564.9,726.4,58.11,43.58,44.8,15,0,28.59,8.9895,"Base","DC00316"
38,39,"H","FALSE",10,74000,0.035391,290.14,389.23,31.14,23.35,29.6,15,0,34.15,9.0267,"Base","DC00317"
25,28,"F","TRUE",10,171000,0.009331,174.84,300.28,24.02,18.02,68.4,15,0,71.74,9.1254,"Base","DC00318"
44,45,"H","FALSE",20,350000,0.16688,3757.46,4549.37,363.95,272.96,140,15,0,21.08,15.5445,"Base","DC00319"
49,50,"F","FALSE",20,127000,0.175767,1438.87,1749.62,139.97,104.98,50.8,15,0,21.6,15.5139,"Base","DC00320"
58,59,"H","FALSE",10,190000,0.200123,4534.31,5378.26,430.26,322.7,76,15,0,18.61,8.3857,"Base","DC00321"
44,48,"H","TRUE",20,181000,0.213842,2544.46,3060.3,244.82,183.62,72.4,15,0,20.27,15.2117,"Base","DC00322"
21,22,"H","FALSE",10,278000,0.011673,356.02,560.72,44.86,33.64,111.2,15,0,57.5,9.1146,"Base","DC00323"
57,58,"F","FALSE",5,122000,0.052793,1367.1,1663.84,133.11,99.83,48.8,15,0,21.71,4.7113,"Base","DC00324"
28,32,"H","TRUE",20,183000,0.057186,642.74,849.93,67.99,51,73.2,15,0,32.24,16.282,"Base","DC00325"
30,34,"H","TRUE",15,103000,0.042198,337.65,457.96,36.64,27.48,41.2,15,0,35.63,12.8725,"Base","DC00326"
24,25,"H","FALSE",15,162000,0.022645,282.74,421.56,33.72,25.29,64.8,15,0,49.1,12.9747,"Base","DC00329"
33,34,"F","FALSE",15,355000,0.025556,699.65,996.1,79.69,59.77,142,15,0,42.37,12.9671,"Base","DC00330"
20,21,"H","FALSE",10,137000,0.01116,167.71,276.18,22.09,16.57,54.8,15,0,64.67,9.1165,"Base","DC00331"
60,61,"H","FALSE",10,683000,0.237053,19664.48,23200.79,1856.06,1392.05,273.2,15,0,17.98,8.2335,"Base","DC00332"
29,33,"H","TRUE",10,121000,0.022383,298.44,420.74,33.66,25.24,48.4,15,0,40.98,9.075,"Base","DC00333"
31,34,"F","TRUE",20,217000,0.041486,548.91,756.64,60.53,45.4,86.8,15,0,37.84,16.4005,"Base","DC00334"
41,42,"H","FALSE",10,61000,0.045341,307.67,403.57,32.29,24.21,24.4,15,0,31.17,8.9895,"Base","DC00335"
20,24,"H","TRUE",25,137000,0.04698,329.77,464.61,37.17,27.88,54.8,15,0,40.89,19.5177,"Base","DC00336"
23,24,"H","FALSE",10,58000,0.012863,81.89,139.64,11.17,8.38,23.2,15,0,70.52,9.1102,"Base","DC00337"
22,26,"H","TRUE",15,89000,0.02407,165.2,250.94,20.07,15.06,35.6,15,0,51.89,12.9673,"Base","DC00338"
57,58,"F","FALSE",10,63000,0.126385,916.71,1112.68,89.01,66.76,25.2,15,0,21.38,8.6858,"Base","DC00339"
24,25,"H","FALSE",10,45000,0.013553,66.96,116.24,9.3,6.97,18,15,0,73.58,9.1077,"Base","DC00340"
39,40,"H","FALSE",20,119000,0.10969,819.12,1025.26,82.02,61.52,47.6,15,0,25.17,15.9355,"Base","DC00341"
53,56,"F","TRUE",17,41000,0.227831,706.97,858.57,68.69,51.51,16.4,15,0,21.44,13.2128,"Base","DC00342"
42,43,"H","FALSE",10,122000,0.049345,670.8,854.18,68.33,51.25,48.8,15,0,27.34,8.9745,"Base","DC00343"
55,56,"F","FALSE",10,308000,0.104593,3673.41,4432.11,354.57,265.93,123.2,15,0,20.65,8.7696,"Base","DC00344"
39,43,"H","TRUE",20,170000,0.141132,1526,1870.93,149.67,112.26,68,15,0,22.6,15.7224,"Base","DC00345"
28,29,"H","FALSE",20,76000,0.045583,211.79,299.06,23.92,17.94,30.4,15,0,41.2,16.3571,"Base","DC00346"
46,47,"H","FALSE",24,76000,0.267987,1185.39,1431.15,114.49,85.87,30.4,15,0,20.73,17.1817,"Base","DC00347"
22,23,"H","FALSE",10,255000,0.012238,342.47,534.27,42.74,32.06,102,15,0,56,9.1125,"Base","DC00348"
50,54,"H","TRUE",15,39000,0.225744,742.58,899.05,71.92,53.94,15.6,15,0,21.07,11.8559,"Base","DC00349"
37,38,"H","FALSE",20,143000,0.092825,827.14,1045.75,83.66,62.74,57.2,15,0,26.43,16.048,"Base","DC00350"
29,30,"H","FALSE",10,52000,0.018239,104.33,162.95,13.04,9.78,20.8,15,0,56.18,9.0904,"Base","DC00351"
59,60,"F","FALSE",10,48000,0.152432,852.35,1030.87,82.47,61.85,19.2,15,0,20.94,8.5842,"Base","DC00353"
39,40,"H","FALSE",25,191000,0.164888,1692.18,2073.93,165.91,124.44,76.4,15,0,22.56,18.6113,"Base","DC00354"
56,57,"F","FALSE",5,68000,0.047872,689.63,850.97,68.08,51.06,27.2,15,0,23.39,4.7203,"Base","DC00355"
25,26,"F","FALSE",10,199000,0.008251,179.86,319.14,25.53,19.15,79.6,15,0,77.44,9.1294,"Base","DC00356"
48,49,"H","FALSE",10,355000,0.083156,3336.93,4062.71,325.02,243.76,142,15,0,21.75,8.8466,"Base","DC00357"
23,24,"F","FALSE",25,50000,0.028166,71.55,123.9,9.91,7.43,20,15,0,73.16,19.682,"Base","DC00358"
46,50,"H","TRUE",24,83000,0.335535,1679.1,2008.49,160.68,120.51,33.2,15,0,19.62,16.5859,"Base","DC00359"
28,29,"H","FALSE",30,66000,0.098278,295.33,391.55,31.32,23.49,26.4,15,0,32.58,21.9631,"Base","DC00360"
59,60,"F","FALSE",11,170000,0.173255,3179.54,3793.65,303.49,227.62,68,15,0,19.31,9.2634,"Base","DC00361"
42,43,"F","FALSE",15,296000,0.056427,1304.13,1671.55,133.72,100.29,118.4,15,0,28.17,12.8072,"Base","DC00362"
45,46,"H","FALSE",5,168000,0.026969,952.23,1202.83,96.23,72.17,67.2,15,0,26.32,4.7581,"Base","DC00363"
31,32,"H","FALSE",10,1500000,0.020864,3446.46,4722.62,377.81,283.36,600,15,0,37.03,9.0806,"Base","DC00364"
29,33,"H","TRUE",10,140000,0.022383,345.3,484.07,38.73,29.04,56,15,0,40.19,9.075,"Base","DC00365"
42,46,"H","TRUE",10,167000,0.063902,1196.42,1486.3,118.9,89.18,66.8,15,0,24.23,8.9197,"Base","DC00366"
46,49,"F","TRUE",10,135000,0.053721,809.26,1021.23,81.7,61.27,54,15,0,26.19,8.9618,"Base","DC00367"
53,54,"F","FALSE",10,231000,0.086463,2259.71,2752.45,220.2,165.15,92.4,15,0,21.81,8.8387,"Base","DC00368"
35,39,"H","TRUE",20,136000,0.100886,857.84,1078.18,86.25,64.69,54.4,15,0,25.69,15.9944,"Base","DC00369"
44,45,"F","FALSE",5,126000,0.015262,402.32,543.86,43.51,32.63,50.4,15,0,35.18,4.7798,"Base","DC00370"
47,48,"F","FALSE",15,106000,0.089796,753.56,942.98,75.44,56.58,42.4,15,0,25.14,12.6312,"Base","DC00371"
34,35,"H","FALSE",20,87000,0.072565,390.14,511.56,40.93,30.69,34.8,15,0,31.12,16.1817,"Base","DC00372"
57,58,"F","FALSE",13,384000,0.182223,6538.92,7799.44,623.96,467.97,153.6,15,0,19.28,10.7011,"Base","DC00373"
42,43,"H","FALSE",10,231000,0.049345,1270.11,1601.76,128.14,96.11,92.4,15,0,26.11,8.9745,"Base","DC00374"
38,39,"F","FALSE",15,390000,0.039272,1187.63,1579.8,126.38,94.79,156,15,0,33.02,12.8964,"Base","DC00375"
29,30,"H","FALSE",25,105000,0.07329,398.28,529.39,42.35,31.76,42,15,0,32.92,19.3219,"Base","DC00376"
32,33,"F","FALSE",15,184000,0.023553,333.95,491.34,39.31,29.48,73.6,15,0,47.13,12.9774,"Base","DC00377"
57,58,"F","FALSE",13,195000,0.182223,3320.54,3969.24,317.54,238.15,78,15,0,19.54,10.7011,"Base","DC00378"
20,21,"F","FALSE",30,48000,0.032615,69.45,120.52,9.64,7.23,19.2,15,0,73.54,22.542,"Base","DC00379"
30,31,"H","FALSE",10,298000,0.019487,639.15,899.25,71.94,53.95,119.2,15,0,40.69,9.0857,"Base","DC00380"
45,49,"H","TRUE",20,156000,0.231924,2399.15,2879.71,230.38,172.78,62.4,15,0,20.03,15.0803,"Base","DC00381"
29,30,"H","FALSE",25,212000,0.07329,804.14,1051.1,84.09,63.07,84.8,15,0,30.71,19.3219,"Base","DC00382"
34,37,"F","TRUE",10,235000,0.018208,470.58,673.93,53.91,40.44,94,15,0,43.21,9.093,"Base","DC00383"
36,37,"H","FALSE",20,170000,0.085452,902.47,1145.89,91.67,68.75,68,15,0,26.97,16.0969,"Base","DC00384"
27,28,"F","FALSE",5,54000,0.004166,46.87,97.06,7.76,5.82,21.6,15,0,107.07,4.7999,"Base","DC00385"
55,58,"F","TRUE",10,240000,0.126385,3492.21,4189.78,335.18,251.39,96,15,0,19.98,8.6858,"Base","DC00386"
25,29,"H","TRUE",10,244000,0.017108,459.01,664.66,53.17,39.88,97.6,15,0,44.8,9.0945,"Base","DC00387"
29,30,"F","FALSE",10,132000,0.010659,154.26,258.21,20.66,15.49,52.8,15,0,67.39,9.1206,"Base","DC00388"
46,50,"H","TRUE",15,254000,0.161173,3348.26,4028.91,322.31,241.73,101.6,15,0,20.33,12.2266,"Base","DC00389"
39,40,"H","FALSE",15,155000,0.068512,833.98,1059.28,84.74,63.56,62,15,0,27.01,12.7334,"Base","DC00390"
44,48,"H","TRUE",25,47000,0.309586,837.42,1013.05,81.04,60.78,18.8,15,0,20.97,17.3754,"Base","DC00391"
43,44,"F","FALSE",10,233000,0.033681,868.49,1135.69,90.86,68.14,93.2,15,0,30.77,9.0361,"Base","DC00392"
35,39,"H","TRUE",30,189000,0.218058,1971.51,2397.81,191.82,143.87,75.6,15,0,21.62,20.9042,"Base","DC00393"
35,36,"H","FALSE",10,322000,0.027944,993.76,1322.74,105.82,79.36,128.8,15,0,33.11,9.0544,"Base","DC00394"
22,23,"H","FALSE",10,64000,0.012238,85.95,147.16,11.77,8.83,25.6,15,0,71.2,9.1125,"Base","DC00395"
51,52,"F","FALSE",10,90000,0.07145,722.9,899.88,71.99,53.99,36,15,0,24.48,8.8954,"Base","DC00396"
40,41,"H","FALSE",10,59000,0.041702,273.28,362.65,29.01,21.76,23.6,15,0,32.7,9.0031,"Base","DC00397"
58,61,"F","TRUE",10,90000,0.167242,1765.45,2112.15,168.97,126.73,36,15,0,19.64,8.5257,"Base","DC00398"
22,23,"H","FALSE",20,235000,0.030348,433.41,630.71,50.46,37.84,94,15,0,45.52,16.455,"Base","DC00399"
29,33,"H","TRUE",15,272000,0.039095,825.04,1103.3,88.26,66.2,108.8,15,0,33.73,12.8888,"Base","DC00400"
40,43,"F","TRUE",10,123000,0.030744,417.99,560.69,44.85,33.64,49.2,15,0,34.14,9.0469,"Base","DC00401"
26,30,"H","TRUE",15,96000,0.031395,233.11,333.15,26.65,19.99,38.4,15,0,42.92,12.9291,"Base","DC00402"
38,39,"H","FALSE",15,69000,0.063035,340.8,445.81,35.66,26.75,27.6,15,0,30.81,12.7625,"Base","DC00403"
48,49,"F","FALSE",15,542000,0.098587,4246.07,5206.83,416.55,312.41,216.8,15,0,22.63,12.5844,"Base","DC00404"
43,44,"H","FALSE",25,298000,0.227707,3750.19,4516.73,361.34,271,119.2,15,0,20.44,18.0942,"Base","DC00405"
48,52,"H","TRUE",22,69000,0.339484,1518.73,1815.5,145.24,108.93,27.6,15,0,19.54,15.4237,"Base","DC00406"
49,50,"F","FALSE",15,166000,0.108228,1433.53,1761.54,140.92,105.69,66.4,15,0,22.88,12.5326,"Base","DC00407"
54,55,"H","FALSE",15,128000,0.245077,2671.66,3183.56,254.68,191.01,51.2,15,0,19.16,11.7417,"Base","DC00408"
53,54,"H","FALSE",10,152000,0.12943,2269.71,2727.34,218.19,163.64,60.8,15,0,20.16,8.6678,"Base","DC00409"
58,62,"H","TRUE",5,194000,0.11467,4842.11,5738.04,459.04,344.28,77.6,15,0,18.5,4.5943,"Base","DC00410"
40,41,"H","FALSE",15,693000,0.074522,4066.01,5067.68,405.41,304.06,277.2,15,0,24.64,12.7013,"Base","DC00411"
45,49,"H","TRUE",20,318000,0.231924,4890.58,5852.07,468.17,351.12,127.2,15,0,19.66,15.0803,"Base","DC00412"
52,53,"H","FALSE",5,198000,0.050319,2113,2566.51,205.32,153.99,79.2,15,0,21.46,4.7152,"Base","DC00413"
42,45,"F","TRUE",20,453000,0.111695,3172.96,3917.63,313.41,235.06,181.2,15,0,23.47,15.9466,"Base","DC00415"
60,61,"H","FALSE",10,234000,0.237053,6737.17,7960.2,636.82,477.61,93.6,15,0,18.15,8.2335,"Base","DC00416"
37,38,"H","FALSE",5,186000,0.014019,545.31,738.03,59.04,44.28,74.4,15,0,35.34,4.7817,"Base","DC00417"
40,41,"H","FALSE",15,117000,0.074522,686.47,870.08,69.61,52.2,46.8,15,0,26.75,12.7013,"Base","DC00418"
52,53,"H","FALSE",10,53000,0.118483,720.92,880.38,70.43,52.82,21.2,15,0,22.12,8.7105,"Base","DC00419"
30,33,"F","TRUE",10,283000,0.013245,411.4,627.44,50.19,37.65,113.2,15,0,52.51,9.1111,"Base","DC00420"
59,60,"F","FALSE",11,135000,0.173255,2524.93,3016.2,241.3,180.97,54,15,0,19.46,9.2634,"Base","DC00421"
33,36,"F","TRUE",15,331000,0.030228,773.05,1070.29,85.62,64.22,132.4,15,0,38.45,12.9431,"Base","DC00422"
21,22,"F","FALSE",5,320000,0.003105,206.9,406.86,32.55,24.41,128,15,0,96.64,4.8018,"Base","DC00423"
57,58,"F","FALSE",10,143000,0.126385,2080.78,2503.46,200.28,150.21,57.2,15,0,20.31,8.6858,"Base","DC00424"
54,58,"H","TRUE",16,110000,0.338918,3158.22,3740.96,299.28,224.46,44,15,0,18.45,11.8044,"Base","DC00425"
47,48,"F","FALSE",23,408000,0.19011,4490.37,5428.57,434.29,325.71,163.2,15,0,20.89,17.2736,"Base","DC00426"
35,36,"H","FALSE",10,230000,0.027944,709.83,949.8,75.98,56.99,92,15,0,33.81,9.0544,"Base","DC00427"
35,36,"F","FALSE",20,175000,0.049384,528.56,713.44,57.08,42.81,70,15,0,34.98,16.3504,"Base","DC00428"
27,28,"F","FALSE",10,372000,0.009331,380.36,632.74,50.62,37.96,148.8,15,0,66.35,9.1254,"Base","DC00429"
57,58,"H","FALSE",13,598000,0.257846,14978.16,17712.05,1416.96,1062.72,239.2,15,0,18.25,10.2944,"Base","DC00430"
57,58,"F","FALSE",5,56000,0.052793,627.52,773.16,61.85,46.39,22.4,15,0,23.21,4.7113,"Base","DC00431"
27,30,"F","TRUE",15,194000,0.018639,278.09,431.04,34.48,25.86,77.6,15,0,55,13.0026,"Base","DC00432"
50,51,"H","FALSE",20,317000,0.271944,5831.46,6945.65,555.65,416.74,126.8,15,0,19.11,14.783,"Base","DC00433"
56,59,"F","TRUE",14,95000,0.221686,1879.27,2246.82,179.75,134.81,38,15,0,19.56,11.2066,"Base","DC00434"
42,43,"H","FALSE",20,104000,0.141132,933.55,1151.34,92.11,69.08,41.6,15,0,23.33,15.7224,"Base","DC00435"
60,61,"F","FALSE",10,59000,0.167242,1157.35,1390.64,111.25,83.44,23.6,15,0,20.16,8.5257,"Base","DC00436"
29,30,"H","FALSE",10,143000,0.018239,286.92,417.58,33.41,25.05,57.2,15,0,45.54,9.0904,"Base","DC00437"
30,34,"H","TRUE",15,96000,0.042198,314.7,428.03,34.24,25.68,38.4,15,0,36.01,12.8725,"Base","DC00438"
46,47,"H","FALSE",15,66000,0.124567,661.41,817.23,65.38,49.03,26.4,15,0,23.56,12.4301,"Base","DC00439"
42,43,"H","FALSE",10,504000,0.049345,2771.16,3474.14,277.93,208.45,201.6,15,0,25.37,8.9745,"Base","DC00440"
52,53,"F","FALSE",10,64000,0.078598,567.21,706.76,56.54,42.41,25.6,15,0,24.6,8.8684,"Base","DC00441"
41,45,"H","TRUE",10,156000,0.058587,1022.35,1278.78,102.3,76.73,62.4,15,0,25.08,8.9398,"Base","DC00442"
34,35,"F","FALSE",15,160000,0.027774,343,490.7,39.26,29.44,64,15,0,43.06,12.9557,"Base","DC00443"
23,24,"H","FALSE",10,221000,0.012863,312.04,483.07,38.65,28.98,88.4,15,0,54.81,9.1102,"Base","DC00444"
58,59,"H","FALSE",10,69000,0.200123,1646.67,1964.27,157.14,117.86,27.6,15,0,19.29,8.3857,"Base","DC00445"
29,30,"H","FALSE",10,188000,0.018239,377.21,543.5,43.48,32.61,75.2,15,0,44.08,9.0904,"Base","DC00446"
27,28,"H","FALSE",10,765000,0.016084,1352.34,1945.75,155.66,116.74,306,15,0,43.88,9.0983,"Base","DC00447"
50,51,"H","FALSE",20,425000,0.271944,7818.21,9306.05,744.48,558.36,170,15,0,19.03,14.783,"Base","DC00448"
47,48,"F","FALSE",20,90000,0.146834,841.1,1037.32,82.99,62.24,36,15,0,23.33,15.7116,"Base","DC00449"
54,55,"H","FALSE",15,123000,0.245077,2567.3,3059.88,244.79,183.59,49.2,15,0,19.19,11.7417,"Base","DC00450"
39,40,"H","FALSE",30,185000,0.23561,2101.72,2547.35,203.79,152.84,74,15,0,21.2,20.7391,"Base","DC00451"
27,28,"H","FALSE",15,248000,0.027376,524.27,742.4,59.39,44.54,99.2,15,0,41.61,12.9501,"Base","DC00452"
51,52,"H","FALSE",10,2e+05,0.108445,2478.91,2992.92,239.43,179.58,80,15,0,20.74,8.7494,"Base","DC00453"
22,23,"F","FALSE",15,131000,0.011661,117.16,214.6,17.17,12.88,52.4,15,0,83.17,13.0383,"Base","DC00454"
60,61,"H","FALSE",10,260000,0.237053,7485.74,8842.73,707.42,530.56,104,15,0,18.13,8.2335,"Base","DC00455"
30,33,"F","TRUE",20,102000,0.038089,236.58,339.98,27.2,20.4,40.8,15,0,43.7,16.422,"Base","DC00456"
32,33,"F","FALSE",15,164000,0.023553,297.65,439.83,35.19,26.39,65.6,15,0,47.77,12.9774,"Base","DC00457"
58,59,"F","FALSE",10,189000,0.138839,3038.03,3637.94,291.03,218.28,75.6,15,0,19.75,8.6374,"Base","DC00458"
37,41,"H","TRUE",10,157000,0.041702,727.21,936.05,74.88,56.16,62.8,15,0,28.72,9.0031,"Base","DC00459"
58,62,"H","TRUE",12,272000,0.320888,9415.68,11092.42,887.39,665.55,108.8,15,0,17.81,9.2698,"Base","DC00460"
40,41,"H","FALSE",10,89000,0.041702,412.24,538.18,43.05,32.29,35.6,15,0,30.55,9.0031,"Base","DC00461"
24,25,"F","FALSE",15,98000,0.013171,99.05,178.2,14.26,10.69,39.2,15,0,79.9,13.0306,"Base","DC00462"
50,51,"H","FALSE",20,179000,0.271944,3292.84,3929.59,314.37,235.78,71.6,15,0,19.34,14.783,"Base","DC00463"
37,41,"H","TRUE",10,230000,0.041702,1065.33,1363.18,109.05,81.79,92,15,0,27.96,9.0031,"Base","DC00465"
22,23,"F","FALSE",15,121000,0.011661,108.22,199.55,15.96,11.97,48.4,15,0,84.4,13.0383,"Base","DC00467"
27,28,"F","FALSE",20,40000,0.025405,61.58,107.65,8.61,6.46,16,15,0,74.81,16.5018,"Base","DC00468"
38,39,"F","FALSE",5,557000,0.00906,1053.29,1501.27,120.1,90.08,222.8,15,0,42.53,4.791,"Base","DC00469"
29,30,"H","FALSE",20,183000,0.04909,549.97,742.06,59.36,44.52,73.2,15,0,34.93,16.3345,"Base","DC00470"
34,35,"H","FALSE",20,172000,0.072565,771.32,994.33,79.55,59.66,68.8,15,0,28.91,16.1817,"Base","DC00471"
31,32,"F","FALSE",15,113000,0.021745,189.21,290.01,23.2,17.4,45.2,15,0,53.28,12.9867,"Base","DC00472"
54,55,"H","FALSE",10,125000,0.141352,2049.52,2458.75,196.7,147.52,50,15,0,19.97,8.621,"Base","DC00473"
51,55,"H","TRUE",15,43000,0.245077,897.51,1081.06,86.48,64.86,17.2,15,0,20.45,11.7417,"Base","DC00474"
53,54,"F","FALSE",17,142000,0.190999,2017.23,2429.11,194.33,145.75,56.8,15,0,20.42,13.4451,"Base","DC00475"
59,60,"F","FALSE",11,117000,0.173255,2188.27,2616.36,209.31,156.98,46.8,15,0,19.56,9.2634,"Base","DC00476"
20,21,"F","FALSE",20,203000,0.01567,192.06,335.18,26.81,20.11,81.2,15,0,74.52,16.5627,"Base","DC00477"
32,33,"F","FALSE",10,1e+05,0.013245,145.37,232.99,18.64,13.98,40,15,0,60.27,9.1111,"Base","DC00478"
26,30,"H","TRUE",20,190000,0.04909,571.01,769.78,61.58,46.19,76,15,0,34.81,16.3345,"Base","DC00479"
30,34,"H","TRUE",25,180000,0.100856,949.84,1205.62,96.45,72.34,72,15,0,26.93,19.1129,"Base","DC00480"
30,31,"H","FALSE",15,483000,0.033718,1260.79,1708.13,136.65,102.49,193.2,15,0,35.48,12.917,"Base","DC00481"
32,33,"F","FALSE",10,213000,0.013245,309.64,476.55,38.12,28.59,85.2,15,0,53.91,9.1111,"Base","DC00482"
56,57,"H","FALSE",10,297000,0.168387,5874.14,6985.98,558.88,419.16,118.8,15,0,18.93,8.5138,"Base","DC00483"
53,57,"H","TRUE",10,227000,0.168387,4489.66,5343.56,427.48,320.61,90.8,15,0,19.02,8.5138,"Base","DC00484"
34,35,"F","FALSE",10,90000,0.015472,152.97,237.17,18.97,14.23,36,15,0,55.05,9.103,"Base","DC00485"
56,57,"F","FALSE",10,102000,0.114995,1343.63,1627.24,130.18,97.63,40.8,15,0,21.11,8.7297,"Base","DC00486"
33,34,"F","FALSE",10,131000,0.014301,205.71,317.57,25.41,19.05,52.4,15,0,54.38,9.1073,"Base","DC00487"
56,57,"F","FALSE",14,63000,0.185418,1024.44,1237.95,99.04,74.28,25.2,15,0,20.84,11.4027,"Base","DC00488"
45,46,"F","FALSE",10,306000,0.040523,1376.13,1759.92,140.79,105.59,122.4,15,0,27.89,9.0108,"Base","DC00489"
47,48,"H","FALSE",5,143000,0.032122,967.31,1208.73,96.7,72.52,57.2,15,0,24.96,4.7487,"Base","DC00490"
37,41,"H","TRUE",20,157000,0.119293,1180.09,1462.66,117.01,87.76,62.8,15,0,23.95,15.8709,"Base","DC00491"
36,37,"H","FALSE",15,178000,0.053504,743.28,964.51,77.16,57.87,71.2,15,0,29.76,12.813,"Base","DC00492"
58,59,"F","FALSE",10,351000,0.138839,5642.05,6741.22,539.3,404.47,140.4,15,0,19.48,8.6374,"Base","DC00493"
53,54,"F","FALSE",10,119000,0.086463,1164.09,1426.39,114.11,85.58,47.6,15,0,22.53,8.8387,"Base","DC00494"
31,32,"H","FALSE",20,74000,0.057186,259.9,354.07,28.33,21.24,29.6,15,0,36.23,16.282,"Base","DC00495"
49,50,"F","FALSE",5,227000,0.024319,1158.91,1470.59,117.65,88.24,90.8,15,0,26.89,4.7634,"Base","DC00496"
54,55,"H","FALSE",10,69000,0.141352,1131.34,1365.04,109.2,81.9,27.6,15,0,20.66,8.621,"Base","DC00497"
39,40,"H","FALSE",20,133000,0.10969,915.49,1143.83,91.51,68.63,53.2,15,0,24.94,15.9355,"Base","DC00498"
45,49,"H","TRUE",5,158000,0.035098,1169.13,1450.39,116.03,87.02,63.2,15,0,24.06,4.7432,"Base","DC00499"
44,48,"H","TRUE",15,47000,0.135767,515.92,639.21,51.14,38.35,18.8,15,0,23.9,12.3683,"Base","DC00500"
39,40,"F","FALSE",10,326000,0.023525,845.21,1151.87,92.15,69.11,130.4,15,0,36.28,9.0735,"Base","DC00502"
47,48,"H","FALSE",15,231000,0.135767,2535.69,3073.36,245.87,184.4,92.4,15,0,21.2,12.3683,"Base","DC00503"
52,53,"F","FALSE",15,224000,0.142952,2594.08,3138,251.04,188.28,89.6,15,0,20.97,12.3439,"Base","DC00504"
40,41,"F","FALSE",20,144000,0.077433,689.54,886.21,70.9,53.17,57.6,15,0,28.52,16.1706,"Base","DC00505"
53,54,"H","FALSE",15,204000,0.225744,3884.29,4628.94,370.32,277.74,81.6,15,0,19.17,11.8559,"Base","DC00506"
24,25,"H","FALSE",20,108000,0.034482,226.68,331.26,26.5,19.88,43.2,15,0,46.13,16.4285,"Base","DC00507"
31,32,"F","FALSE",10,413000,0.012292,556.98,857.19,68.58,51.43,165.2,15,0,53.9,9.1146,"Base","DC00508"
22,26,"H","TRUE",10,131000,0.014315,205.96,317.86,25.43,19.07,52.4,15,0,54.33,9.1048,"Base","DC00509"
37,40,"F","TRUE",15,5e+05,0.042945,1667.44,2188.89,175.11,131.33,200,15,0,31.27,12.8774,"Base","DC00510"
27,28,"F","FALSE",15,108000,0.016109,133.67,223.11,17.85,13.39,43.2,15,0,66.91,13.0155,"Base","DC00512"
49,50,"H","FALSE",10,6e+05,0.090842,6181.68,7484.52,598.76,449.07,240,15,0,21.08,8.8172,"Base","DC00514"
39,40,"F","FALSE",10,79000,0.023525,204.82,292.35,23.39,17.54,31.6,15,0,42.73,9.0735,"Base","DC00515"
53,54,"F","FALSE",5,178000,0.035733,1341.14,1659.69,132.78,99.58,71.2,15,0,23.75,4.7426,"Base","DC00516"
40,41,"H","FALSE",10,93000,0.041702,430.77,561.59,44.93,33.7,37.2,15,0,30.37,9.0031,"Base","DC00517"
38,42,"H","TRUE",20,91000,0.129754,747.32,928.74,74.3,55.72,36.4,15,0,24.28,15.8,"Base","DC00518"
37,40,"F","TRUE",20,308000,0.070692,1342.84,1722.14,137.77,103.33,123.2,15,0,28.25,16.2141,"Base","DC00519"
59,60,"H","FALSE",10,139000,0.21791,3643.71,4318.97,345.52,259.14,55.6,15,0,18.53,8.3128,"Base","DC00520"
43,44,"F","FALSE",10,67000,0.033681,249.74,339,27.12,20.34,26.8,15,0,35.74,9.0361,"Base","DC00521"
48,49,"H","FALSE",20,167000,0.231924,2568.32,3081.54,246.52,184.89,66.8,15,0,19.98,15.0803,"Base","DC00522"
53,54,"H","FALSE",17,2e+05,0.270197,4186.83,4978.87,398.31,298.73,80,15,0,18.92,12.907,"Base","DC00523"
41,42,"F","FALSE",10,91000,0.028089,282.24,387.95,31.04,23.28,36.4,15,0,37.46,9.0567,"Base","DC00524"
23,27,"H","TRUE",20,122000,0.0395,293.91,415.94,33.27,24.96,48.8,15,0,41.52,16.3963,"Base","DC00525"
42,45,"F","TRUE",20,391000,0.111695,2738.69,3383.83,270.71,203.03,156.4,15,0,23.56,15.9466,"Base","DC00526"
36,37,"F","FALSE",15,131000,0.032945,333.8,466.51,37.32,27.99,52.4,15,0,39.76,12.9291,"Base","DC00527"
39,40,"F","FALSE",25,23000,0.109952,132.53,182.24,14.58,10.93,9.2,15,0,37.51,19.0816,"Base","DC00528"
58,59,"F","FALSE",12,267000,0.178206,4763.7,5680.82,454.47,340.85,106.8,15,0,19.25,9.9882,"Base","DC00529"
28,29,"F","FALSE",10,95000,0.00996,103.72,182.23,14.58,10.93,38,15,0,75.7,9.1231,"Base","DC00530"
38,42,"H","TRUE",10,156000,0.045341,786.83,1004.91,80.39,60.29,62.4,15,0,27.72,8.9895,"Base","DC00531"
40,41,"F","FALSE",10,224000,0.025691,634.8,859.76,68.78,51.59,89.6,15,0,35.44,9.0655,"Base","DC00532"
36,37,"H","FALSE",15,30000,0.053504,125.27,177.06,14.16,10.62,12,15,0,41.34,12.813,"Base","DC00533"
53,54,"F","FALSE",17,497000,0.190999,7060.32,8458.28,676.66,507.5,198.8,15,0,19.8,13.4451,"Base","DC00534"
26,30,"H","TRUE",10,585000,0.018239,1173.76,1654.38,132.35,99.26,234,15,0,40.95,9.0904,"Base","DC00535"
23,27,"H","TRUE",15,83000,0.025642,164.23,247.02,19.76,14.82,33.2,15,0,50.41,12.9591,"Base","DC00536"
20,21,"F","FALSE",30,295000,0.032615,426.82,650.95,52.08,39.06,118,15,0,52.51,22.542,"Base","DC00537"
47,48,"F","FALSE",10,1022000,0.048879,5562.99,6961.38,556.91,417.68,408.8,15,0,25.14,8.9798,"Base","DC00538"
36,37,"H","FALSE",20,71000,0.085452,376.91,488.74,39.1,29.32,28.4,15,0,29.67,16.0969,"Base","DC00539"
55,59,"H","TRUE",15,262000,0.33616,7877.01,9298.61,743.89,557.92,104.8,15,0,18.05,11.1811,"Base","DC00540"
53,54,"F","FALSE",17,75000,0.190999,1065.44,1291.21,103.3,77.47,30,15,0,21.19,13.4451,"Base","DC00541"
46,47,"F","FALSE",20,98000,0.134087,831.81,1030.25,82.42,61.81,39.2,15,0,23.86,15.7975,"Base","DC00542"
48,49,"H","FALSE",15,116000,0.147948,1395.21,1693.73,135.5,101.62,46.4,15,0,21.4,12.3006,"Base","DC00543"
45,46,"H","FALSE",10,132000,0.063902,945.67,1178.46,94.28,70.71,52.8,15,0,24.62,8.9197,"Base","DC00544"
40,44,"H","TRUE",15,440000,0.096223,3364.27,4134.03,330.72,248.04,176,15,0,22.88,12.5847,"Base","DC00545"
59,60,"F","FALSE",10,337000,0.152432,5984.22,7132.58,570.61,427.96,134.8,15,0,19.19,8.5842,"Base","DC00546"
54,55,"H","FALSE",16,315000,0.268368,6891.64,8177.49,654.2,490.65,126,15,0,18.66,12.2664,"Base","DC00547"
32,33,"H","FALSE",20,206000,0.061843,783.9,1024.76,81.98,61.49,82.4,15,0,30.73,16.2517,"Base","DC00548"
53,54,"F","FALSE",10,288000,0.086463,2817.3,3427.32,274.19,205.64,115.2,15,0,21.65,8.8387,"Base","DC00549"
55,56,"H","FALSE",5,132000,0.066188,1864.56,2246.93,179.75,134.82,52.8,15,0,20.51,4.6857,"Base","DC00550"
60,64,"H","TRUE",10,105000,0.30302,4000.97,4718.57,377.49,283.11,42,15,0,17.94,7.9523,"Base","DC00551"
47,48,"F","FALSE",20,78000,0.146834,728.95,901.34,72.11,54.08,31.2,15,0,23.65,15.7116,"Base","DC00552"
29,33,"H","TRUE",15,79000,0.039095,239.63,332.82,26.63,19.97,31.6,15,0,38.89,12.8888,"Base","DC00553"
51,52,"H","FALSE",10,280000,0.108445,3470.47,4183.11,334.65,250.99,112,15,0,20.53,8.7494,"Base","DC00554"
46,47,"H","FALSE",24,106000,0.267987,1653.31,1989.2,159.14,119.35,42.4,15,0,20.32,17.1817,"Base","DC00555"
52,53,"F","FALSE",18,65000,0.191779,883.69,1075.23,86.02,64.51,26,15,0,21.67,14.1063,"Base","DC00556"
20,24,"H","TRUE",10,466000,0.012863,657.96,999.26,79.94,59.96,186.4,15,0,51.87,9.1102,"Base","DC00557"
33,34,"H","FALSE",20,456000,0.066956,1882.55,2418.54,193.48,145.11,182.4,15,0,28.47,16.2184,"Base","DC00558"
51,52,"H","FALSE",19,338000,0.27191,6488.17,7719.03,617.52,463.14,135.2,15,0,18.97,14.1651,"Base","DC00559"
47,48,"F","FALSE",15,141000,0.089796,1002.38,1248.58,99.89,74.91,56.4,15,0,24.56,12.6312,"Base","DC00560"
51,54,"F","TRUE",10,47000,0.086463,459.77,573.92,45.91,34.43,18.8,15,0,24.83,8.8387,"Base","DC00561"
49,50,"F","FALSE",10,166000,0.059065,1096.51,1369.66,109.57,82.18,66.4,15,0,24.91,8.9418,"Base","DC00563"
53,54,"H","FALSE",15,157000,0.225744,2989.38,3566.49,285.32,213.99,62.8,15,0,19.31,11.8559,"Base","DC00565"
60,64,"H","TRUE",10,116000,0.30302,4420.12,5211.07,416.89,312.66,46.4,15,0,17.89,7.9523,"Base","DC00566"
54,57,"F","TRUE",16,311000,0.226471,5610.78,6686.26,534.9,401.18,124.4,15,0,19.17,12.5531,"Base","DC00567"
43,47,"H","TRUE",10,59000,0.069738,462.43,582.59,46.61,34.96,23.6,15,0,25.99,8.8976,"Base","DC00568"
53,54,"H","FALSE",10,355000,0.12943,5300.97,6346.47,507.72,380.79,142,15,0,19.72,8.6678,"Base","DC00569"
43,47,"H","TRUE",10,117000,0.069738,917.02,1138.16,91.05,68.29,46.8,15,0,24.12,8.8976,"Base","DC00570"
47,48,"H","FALSE",10,236000,0.076139,2025.04,2481.91,198.55,148.91,94.4,15,0,22.56,8.8733,"Base","DC00571"
37,38,"H","FALSE",15,89000,0.058045,403.95,528.54,42.28,31.71,35.6,15,0,30.84,12.789,"Base","DC00572"
49,50,"F","FALSE",15,238000,0.108228,2055.3,2518.02,201.44,151.08,95.2,15,0,22.51,12.5326,"Base","DC00573"
41,45,"H","TRUE",29,49000,0.320647,810.34,982.49,78.6,58.95,19.6,15,0,21.24,19.3889,"Base","DC00574"
45,46,"H","FALSE",20,71000,0.181367,833.84,1020.05,81.6,61.2,28.4,15,0,22.33,15.4431,"Base","DC00575"
39,43,"H","TRUE",10,379000,0.049345,2083.87,2616.82,209.35,157.01,151.6,15,0,25.58,8.9745,"Base","DC00576"
50,53,"F","TRUE",5,24000,0.032433,163.92,219.21,17.54,13.15,9.6,15,0,33.73,4.7486,"Base","DC00577"
59,60,"H","FALSE",10,243000,0.21791,6369.95,7537.38,602.99,452.24,97.2,15,0,18.33,8.3128,"Base","DC00578"
49,53,"H","TRUE",21,151000,0.340849,3469.55,4122.04,329.76,247.32,60.4,15,0,18.81,14.8342,"Base","DC00579"
27,30,"F","TRUE",20,64000,0.029725,115.48,181.48,14.52,10.89,25.6,15,0,57.16,16.4747,"Base","DC00580"
44,45,"H","FALSE",15,102000,0.104857,853.05,1056.8,84.54,63.41,40.8,15,0,23.89,12.5379,"Base","DC00581"
57,58,"F","FALSE",5,180000,0.052793,2017.03,2446.55,195.72,146.79,72,15,0,21.29,4.7113,"Base","DC00582"
54,58,"H","TRUE",16,133000,0.338918,3818.58,4519.51,361.56,271.17,53.2,15,0,18.36,11.8044,"Base","DC00583"
20,21,"H","FALSE",20,205000,0.026946,335.26,502.63,40.21,30.16,82,15,0,49.92,16.4767,"Base","DC00584"
49,52,"F","TRUE",21,2e+05,0.228141,2893.85,3475.4,278.03,208.52,80,15,0,20.1,15.7673,"Base","DC00585"
23,24,"F","FALSE",10,732000,0.007374,591.06,1045.19,83.62,62.71,292.8,15,0,76.83,9.1326,"Base","DC00586"
47,48,"F","FALSE",15,107000,0.089796,760.67,951.71,76.14,57.1,42.8,15,0,25.11,12.6312,"Base","DC00587"
60,61,"H","FALSE",10,224000,0.237053,6449.26,7620.76,609.66,457.25,89.6,15,0,18.16,8.2335,"Base","DC00588"
52,53,"F","FALSE",5,128000,0.032433,874.24,1093.53,87.48,65.61,51.2,15,0,25.08,4.7486,"Base","DC00589"
25,26,"H","FALSE",20,59000,0.03687,132.53,198.99,15.92,11.94,23.6,15,0,50.14,16.4132,"Base","DC00590"
39,40,"H","FALSE",25,198000,0.164888,1754.19,2149.29,171.94,128.96,79.2,15,0,22.52,18.6113,"Base","DC00591"
33,37,"H","TRUE",10,47000,0.03019,156.85,221.69,17.74,13.3,18.8,15,0,41.34,9.0461,"Base","DC00592"
28,29,"H","FALSE",10,256000,0.017108,481.58,696.49,55.72,41.79,102.4,15,0,44.63,9.0945,"Base","DC00593"
47,48,"H","FALSE",15,159000,0.135767,1745.35,2120.87,169.67,127.25,63.6,15,0,21.52,12.3683,"Base","DC00594"
50,51,"H","FALSE",20,234000,0.271944,4304.61,5131.64,410.53,307.9,93.6,15,0,19.21,14.783,"Base","DC00595"
43,44,"F","FALSE",10,80000,0.033681,298.19,401.39,32.11,24.08,32,15,0,34.61,9.0361,"Base","DC00596"
25,29,"H","TRUE",15,118000,0.029288,267.07,382.88,30.63,22.97,47.2,15,0,43.36,12.9401,"Base","DC00597"
30,31,"F","FALSE",20,310000,0.032237,607.18,867.66,69.41,52.06,124,15,0,42.9,16.4589,"Base","DC00599"
28,29,"H","FALSE",15,54000,0.029288,122.22,184.67,14.77,11.08,21.6,15,0,51.1,12.9401,"Base","DC00600"
37,38,"H","FALSE",15,268000,0.058045,1216.38,1556.48,124.52,93.39,107.2,15,0,27.96,12.789,"Base","DC00601"
38,39,"H","FALSE",10,184000,0.035391,721.42,941.88,75.35,56.51,73.6,15,0,30.56,9.0267,"Base","DC00602"
52,53,"H","FALSE",10,282000,0.118483,3835.86,4608.91,368.71,276.53,112.8,15,0,20.15,8.7105,"Base","DC00603"
59,62,"F","TRUE",10,179000,0.183344,3878.53,4610.61,368.85,276.64,71.6,15,0,18.88,8.4616,"Base","DC00604"
30,34,"H","TRUE",25,271000,0.100856,1430.03,1806.32,144.51,108.38,108.4,15,0,26.31,19.1129,"Base","DC00605"
52,53,"F","FALSE",15,135000,0.142952,1563.4,1898.13,151.85,113.89,54,15,0,21.41,12.3439,"Base","DC00606"
57,58,"H","FALSE",13,76000,0.257846,1903.58,2266.25,181.3,135.98,30.4,15,0,19.05,10.2944,"Base","DC00607"
53,54,"F","FALSE",17,36000,0.190999,511.41,628.85,50.31,37.73,14.4,15,0,22.96,13.4451,"Base","DC00608"
56,57,"F","FALSE",10,452000,0.114995,5954.12,7151.06,572.09,429.06,180.8,15,0,20.1,8.7297,"Base","DC00609"
20,21,"F","FALSE",30,369000,0.032615,533.88,809.87,64.79,48.59,147.6,15,0,51.69,22.542,"Base","DC00610"
49,50,"H","FALSE",15,44000,0.161173,580.01,712.34,56.99,42.74,17.6,15,0,22.81,12.2266,"Base","DC00611"
37,38,"H","FALSE",15,322000,0.058045,1461.47,1866.59,149.33,112,128.8,15,0,27.72,12.789,"Base","DC00612"
23,26,"F","TRUE",20,101000,0.021881,133.74,219.93,17.59,13.2,40.4,15,0,64.45,16.5239,"Base","DC00613"
34,35,"F","FALSE",10,215000,0.015472,365.42,542.35,43.39,32.54,86,15,0,48.42,9.103,"Base","DC00614"
26,27,"F","FALSE",10,104000,0.008763,99.85,181.91,14.55,10.91,41.6,15,0,82.19,9.1275,"Base","DC00615"
33,34,"F","FALSE",30,463000,0.096557,2029.3,2592.45,207.4,155.55,185.2,15,0,27.75,22.0302,"Base","DC00616"
29,30,"H","FALSE",15,383000,0.031395,930.02,1277,102.16,76.62,153.2,15,0,37.31,12.9291,"Base","DC00617"
54,55,"H","FALSE",16,333000,0.268368,7285.45,8643.77,691.5,518.63,133.2,15,0,18.64,12.2664,"Base","DC00618"
26,27,"H","FALSE",20,110000,0.0395,265,376.74,30.14,22.6,44,15,0,42.17,16.3963,"Base","DC00619"
24,25,"F","FALSE",15,118000,0.013171,119.27,211.01,16.88,12.66,47.2,15,0,76.92,13.0306,"Base","DC00620"
43,47,"H","TRUE",15,168000,0.124567,1683.6,2053.25,164.26,123.2,67.2,15,0,21.96,12.4301,"Base","DC00621"
57,58,"F","FALSE",13,105000,0.182223,1787.98,2145.33,171.63,128.72,42,15,0,19.99,10.7011,"Base","DC00622"
24,25,"H","FALSE",10,67000,0.013553,99.7,164.54,13.16,9.87,26.8,15,0,65.03,9.1077,"Base","DC00623"
40,41,"H","FALSE",20,131000,0.119293,984.66,1223.33,97.87,73.4,52.4,15,0,24.24,15.8709,"Base","DC00624"
60,61,"F","FALSE",10,71000,0.167242,1392.74,1669.94,133.59,100.2,28.4,15,0,19.9,8.5257,"Base","DC00625"
54,55,"H","FALSE",16,189000,0.268368,4134.98,4913.47,393.08,294.81,75.6,15,0,18.83,12.2664,"Base","DC00626"
22,26,"H","TRUE",10,108000,0.014315,169.8,265.11,21.21,15.91,43.2,15,0,56.14,9.1048,"Base","DC00627"
28,29,"H","FALSE",15,120000,0.029288,271.6,389.07,31.13,23.34,48,15,0,43.25,12.9401,"Base","DC00628"
46,49,"F","TRUE",20,47000,0.160705,483.64,601.67,48.13,36.1,18.8,15,0,24.41,15.6173,"Base","DC00629"
48,49,"H","FALSE",15,496000,0.147948,5965.71,7185.01,574.8,431.1,198.4,15,0,20.44,12.3006,"Base","DC00630"
46,47,"H","FALSE",10,137000,0.069738,1073.78,1329.74,106.38,79.78,54.8,15,0,23.84,8.8976,"Base","DC00631"
58,59,"F","FALSE",12,123000,0.178206,2194.51,2626.41,210.11,157.58,49.2,15,0,19.68,9.9882,"Base","DC00632"
36,37,"H","FALSE",20,341000,0.085452,1810.24,2280.98,182.48,136.86,136.4,15,0,26,16.0969,"Base","DC00633"
53,57,"H","TRUE",5,74000,0.072545,1148.6,1387.44,110.99,83.25,29.6,15,0,20.79,4.6738,"Base","DC00634"
39,40,"H","FALSE",25,90000,0.164888,797.36,986.47,78.92,59.19,36,15,0,23.72,18.6113,"Base","DC00635"
45,49,"H","TRUE",20,248000,0.231924,3814.04,4567.72,365.42,274.06,99.2,15,0,19.76,15.0803,"Base","DC00636"
31,32,"F","FALSE",10,267000,0.012292,360.08,560.33,44.83,33.62,106.8,15,0,55.61,9.1146,"Base","DC00637"
43,44,"H","FALSE",15,45000,0.096223,344.07,438.46,35.08,26.31,18,15,0,27.43,12.5847,"Base","DC00638"
43,44,"H","FALSE",5,162000,0.022728,772.56,991.11,79.29,59.47,64.8,15,0,28.29,4.7658,"Base","DC00639"
57,58,"F","FALSE",10,170000,0.126385,2473.65,2972.85,237.83,178.37,68,15,0,20.18,8.6858,"Base","DC00640"
41,42,"H","FALSE",10,316000,0.045341,1593.83,2017.7,161.42,121.06,126.4,15,0,26.6,8.9895,"Base","DC00642"
49,50,"H","FALSE",15,56000,0.161173,738.2,901.86,72.15,54.11,22.4,15,0,22.17,12.2266,"Base","DC00643"
29,30,"H","FALSE",20,114000,0.04909,342.61,468.84,37.51,28.13,45.6,15,0,36.85,16.3345,"Base","DC00644"
52,56,"H","TRUE",15,57000,0.265771,1303.95,1560.17,124.81,93.61,22.8,15,0,19.65,11.6178,"Base","DC00645"
26,27,"H","FALSE",15,130000,0.025642,257.23,377.02,30.16,22.62,52,15,0,46.57,12.9591,"Base","DC00646"
44,45,"H","FALSE",15,66000,0.104857,551.97,689.97,55.2,41.4,26.4,15,0,25,12.5379,"Base","DC00647"
43,47,"H","TRUE",10,126000,0.069738,987.56,1224.37,97.95,73.46,50.4,15,0,23.98,8.8976,"Base","DC00648"
21,22,"H","FALSE",10,182000,0.011673,233.08,373.11,29.85,22.39,72.8,15,0,60.08,9.1146,"Base","DC00649"
55,56,"F","FALSE",15,232000,0.18789,3604.42,4316.54,345.32,258.99,92.8,15,0,19.76,12.0936,"Base","DC00650"
27,28,"H","FALSE",20,133000,0.042396,344.29,479.64,38.37,28.78,53.2,15,0,39.31,16.3777,"Base","DC00651"
33,36,"F","TRUE",5,152000,0.007136,226.24,351.21,28.1,21.07,60.8,15,0,55.24,4.7945,"Base","DC00652"
36,37,"H","FALSE",20,145000,0.085452,769.75,979.94,78.4,58.8,58,15,0,27.31,16.0969,"Base","DC00653"
56,57,"H","FALSE",14,113000,0.262304,2704.25,3214.48,257.16,192.87,45.2,15,0,18.87,10.9606,"Base","DC00654"
36,39,"F","TRUE",15,151000,0.039272,459.82,622.35,49.79,37.34,60.4,15,0,35.35,12.8964,"Base","DC00655"
35,36,"F","FALSE",30,51000,0.115279,268.76,353.67,28.29,21.22,20.4,15,0,31.59,21.8755,"Base","DC00656"
51,52,"F","FALSE",10,56000,0.07145,449.8,566.52,45.32,33.99,22.4,15,0,25.95,8.8954,"Base","DC00657"
44,45,"F","FALSE",20,120000,0.111695,840.52,1050.6,84.05,63.04,48,15,0,24.99,15.9466,"Base","DC00658"
57,58,"H","FALSE",13,44000,0.257846,1102.07,1319.39,105.55,79.16,17.6,15,0,19.72,10.2944,"Base","DC00659"
22,26,"H","TRUE",10,224000,0.014315,352.17,531.13,42.49,31.87,89.6,15,0,50.82,9.1048,"Base","DC00660"
33,34,"F","FALSE",20,57000,0.041486,144.18,211.61,16.93,12.7,22.8,15,0,46.76,16.4005,"Base","DC00661"
28,31,"F","TRUE",20,140000,0.032237,274.21,401.41,32.11,24.08,56,15,0,46.39,16.4589,"Base","DC00662"
28,29,"H","FALSE",10,139000,0.017108,261.48,386.14,30.89,23.17,55.6,15,0,47.67,9.0945,"Base","DC00663"
43,44,"H","FALSE",15,541000,0.096223,4136.52,5078.97,406.32,304.74,216.4,15,0,22.78,12.5847,"Base","DC00664"
54,57,"F","TRUE",16,468000,0.226471,8443.24,10052.84,804.23,603.17,187.2,15,0,19.06,12.5531,"Base","DC00667"
58,59,"F","FALSE",10,43000,0.138839,691.19,841.15,67.29,50.47,17.2,15,0,21.7,8.6374,"Base","DC00668"
52,53,"F","FALSE",10,112000,0.078598,992.62,1223.75,97.9,73.42,44.8,15,0,23.28,8.8684,"Base","DC00669"
41,42,"H","FALSE",10,149000,0.045341,751.52,960.6,76.85,57.64,59.6,15,0,27.82,8.9895,"Base","DC00671"
23,24,"H","FALSE",5,165000,0.005956,204.88,332.42,26.59,19.95,66,15,0,62.25,4.7963,"Base","DC00672"
48,52,"H","TRUE",15,366000,0.191007,5798.04,6929.58,554.37,415.77,146.4,15,0,19.52,12.0573,"Base","DC00673"
46,47,"H","FALSE",15,221000,0.124567,2214.73,2695.5,215.64,161.73,88.4,15,0,21.71,12.4301,"Base","DC00674"
27,28,"F","FALSE",10,60000,0.009331,61.35,116.68,9.33,7,24,15,0,90.2,9.1254,"Base","DC00675"
31,32,"H","FALSE",20,170000,0.057186,597.08,790.79,63.26,47.45,68,15,0,32.44,16.282,"Base","DC00676"
28,29,"F","FALSE",10,86000,0.00996,93.89,166.62,13.33,10,34.4,15,0,77.46,9.1231,"Base","DC00677"
43,44,"F","FALSE",10,244000,0.033681,909.49,1188.48,95.08,71.31,97.6,15,0,30.68,9.0361,"Base","DC00678"
22,26,"H","TRUE",25,165000,0.054165,459.15,628.09,50.25,37.69,66,15,0,36.79,19.4646,"Base","DC00679"
22,23,"F","FALSE",15,150000,0.011661,134.15,243.2,19.46,14.59,60,15,0,81.29,13.0383,"Base","DC00680"
45,49,"H","TRUE",10,40000,0.083156,375.99,473.25,37.86,28.39,16,15,0,25.87,8.8466,"Base","DC00681"
60,61,"H","FALSE",10,221000,0.237053,6362.88,7518.93,601.51,451.14,88.4,15,0,18.17,8.2335,"Base","DC00682"
26,27,"H","FALSE",20,186000,0.0395,448.09,624.98,50,37.5,74.4,15,0,39.48,16.3963,"Base","DC00683"
46,47,"F","FALSE",24,51000,0.188955,538.96,667.86,53.43,40.07,20.4,15,0,23.92,17.8801,"Base","DC00684"
42,43,"H","FALSE",10,90000,0.049345,494.85,634.71,50.78,38.08,36,15,0,28.26,8.9745,"Base","DC00685"
51,52,"F","FALSE",19,101000,0.192123,1314.84,1593.3,127.46,95.6,40.4,15,0,21.18,14.758,"Base","DC00686"
34,35,"H","FALSE",15,230000,0.045613,816.14,1073.42,85.87,64.4,92,15,0,31.52,12.8546,"Base","DC00687"
39,40,"H","FALSE",20,50000,0.10969,344.17,440.89,35.27,26.45,20,15,0,28.1,15.9355,"Base","DC00688"
54,55,"H","FALSE",16,61000,0.268368,1334.57,1597.64,127.81,95.86,24.4,15,0,19.71,12.2664,"Base","DC00689"
46,47,"H","FALSE",10,201000,0.069738,1575.39,1942.78,155.42,116.57,80.4,15,0,23.32,8.8976,"Base","DC00690"
38,39,"H","FALSE",25,153000,0.151917,1241.97,1532.76,122.62,91.97,61.2,15,0,23.41,18.7149,"Base","DC00691"
21,22,"H","FALSE",10,118000,0.011673,151.12,248.04,19.84,14.88,47.2,15,0,64.14,9.1146,"Base","DC00692"
41,42,"H","FALSE",10,181000,0.045341,912.92,1163.16,93.05,69.79,72.4,15,0,27.41,8.9895,"Base","DC00693"
56,57,"F","FALSE",10,126000,0.114995,1659.78,2006.02,160.48,120.36,50.4,15,0,20.86,8.7297,"Base","DC00694"
60,64,"H","TRUE",10,42000,0.30302,1600.39,1897.89,151.83,113.87,16.8,15,0,18.59,7.9523,"Base","DC00695"
52,53,"F","FALSE",5,65000,0.032433,443.95,563.89,45.11,33.83,26,15,0,27.02,4.7486,"Base","DC00696"
37,41,"H","TRUE",15,67000,0.074522,393.11,505.7,40.46,30.34,26.8,15,0,28.64,12.7013,"Base","DC00698"
56,57,"H","FALSE",14,413000,0.262304,9883.69,11702.19,936.18,702.13,165.2,15,0,18.4,10.9606,"Base","DC00699"
54,55,"F","FALSE",16,424000,0.189725,6297.3,7537.09,602.97,452.23,169.6,15,0,19.69,12.7743,"Base","DC00700"
44,45,"H","FALSE",15,54000,0.104857,451.61,567.69,45.42,34.06,21.6,15,0,25.7,12.5379,"Base","DC00701"
58,59,"F","FALSE",12,313000,0.178206,5584.42,6656.53,532.52,399.39,125.2,15,0,19.2,9.9882,"Base","DC00702"
33,37,"H","TRUE",15,165000,0.053504,688.99,895.34,71.63,53.72,66,15,0,29.95,12.813,"Base","DC00703"
46,50,"H","TRUE",10,179000,0.090842,1844.2,2245.12,179.61,134.71,71.6,15,0,21.74,8.8172,"Base","DC00704"
29,30,"H","FALSE",15,159000,0.031395,386.09,540.34,43.23,32.42,63.6,15,0,39.95,12.9291,"Base","DC00705"
42,43,"F","FALSE",20,193000,0.092983,1116.76,1405.77,112.46,84.35,77.2,15,0,25.88,16.0695,"Base","DC00706"
40,43,"F","TRUE",20,101000,0.092983,584.42,743.97,59.52,44.64,40.4,15,0,27.3,16.0695,"Base","DC00708"
60,64,"H","TRUE",10,509000,0.30302,19395.18,22806.72,1824.54,1368.4,203.6,15,0,17.59,7.9523,"Base","DC00709"
58,59,"F","FALSE",12,81000,0.178206,1445.17,1735.54,138.84,104.13,32.4,15,0,20.09,9.9882,"Base","DC00710"
25,26,"H","FALSE",15,92000,0.02407,170.77,258.81,20.7,15.53,36.8,15,0,51.55,12.9673,"Base","DC00711"
47,48,"H","FALSE",20,69000,0.213842,969.99,1177.43,94.19,70.65,27.6,15,0,21.39,15.2117,"Base","DC00712"
27,31,"H","TRUE",10,183000,0.019487,392.5,558.95,44.72,33.54,73.2,15,0,42.41,9.0857,"Base","DC00713"
50,51,"H","FALSE",20,97000,0.271944,1784.39,2137.43,170.99,128.25,38.8,15,0,19.78,14.783,"Base","DC00714"
45,46,"F","FALSE",20,160000,0.122397,1233.56,1526.24,122.1,91.57,64,15,0,23.73,15.8756,"Base","DC00715"
43,47,"H","TRUE",20,187000,0.197005,2402.76,2898.33,231.87,173.9,74.8,15,0,20.62,15.3323,"Base","DC00716"
56,57,"H","FALSE",14,845000,0.262304,20222.07,23924.5,1913.96,1435.47,338,15,0,18.31,10.9606,"Base","DC00717"
38,39,"H","FALSE",15,61000,0.063035,301.28,396.14,31.69,23.77,24.4,15,0,31.49,12.7625,"Base","DC00718"
39,40,"H","FALSE",10,350000,0.038395,1490.56,1913.45,153.08,114.81,140,15,0,28.37,9.0155,"Base","DC00719"
30,31,"F","FALSE",10,164000,0.011433,205.65,332.85,26.63,19.97,65.6,15,0,61.85,9.1178,"Base","DC00720"
46,50,"H","TRUE",10,64000,0.090842,659.38,813.93,65.11,48.84,25.6,15,0,23.44,8.8172,"Base","DC00721"
26,27,"H","FALSE",10,586000,0.015155,975.76,1424.6,113.97,85.48,234.4,15,0,46,9.1017,"Base","DC00722"
23,24,"H","FALSE",10,396000,0.012863,559.13,851.78,68.14,51.11,158.4,15,0,52.34,9.1102,"Base","DC00723"
50,51,"F","FALSE",10,213000,0.064957,1551.14,1920.17,153.61,115.21,85.2,15,0,23.79,8.9198,"Base","DC00724"
20,21,"F","FALSE",5,190000,0.002984,118.06,243.09,19.45,14.59,76,15,0,105.91,4.802,"Base","DC00726"
24,25,"F","FALSE",25,122000,0.030375,188.43,293.29,23.46,17.6,48.8,15,0,55.65,19.6663,"Base","DC00727"
36,39,"F","TRUE",15,298000,0.039272,907.47,1211.24,96.9,72.67,119.2,15,0,33.47,12.8964,"Base","DC00728"
20,21,"F","FALSE",30,365000,0.032615,528.1,801.28,64.1,48.08,146,15,0,51.73,22.542,"Base","DC00729"
43,46,"F","TRUE",15,42000,0.074508,246.17,323.22,25.86,19.39,16.8,15,0,31.3,12.7123,"Base","DC00730"
52,56,"H","TRUE",18,196000,0.341761,5139.62,6084.91,486.79,365.09,78.4,15,0,18.39,13.0331,"Base","DC00731"
22,23,"F","FALSE",10,219000,0.007,167.82,314.45,25.16,18.87,87.6,15,0,87.37,9.1339,"Base","DC00733"
24,25,"H","FALSE",15,122000,0.022645,212.93,321.78,25.74,19.31,48.8,15,0,51.12,12.9747,"Base","DC00734"
58,59,"F","FALSE",10,102000,0.138839,1639.57,1971.36,157.71,118.28,40.8,15,0,20.24,8.6374,"Base","DC00735"
25,26,"H","FALSE",25,118000,0.054165,328.36,454.14,36.33,27.25,47.2,15,0,38.31,19.4646,"Base","DC00736"
35,36,"H","FALSE",10,171000,0.027944,527.74,710.63,56.85,42.64,68.4,15,0,34.65,9.0544,"Base","DC00737"
32,33,"H","FALSE",5,120000,0.009818,246.01,359.31,28.74,21.56,48,15,0,46.06,4.7893,"Base","DC00738"
52,53,"F","FALSE",18,161000,0.191779,2188.84,2637.49,211,158.25,64.4,15,0,20.5,14.1063,"Base","DC00739"
29,30,"F","FALSE",10,227000,0.010659,265.28,431.49,34.52,25.89,90.8,15,0,62.65,9.1206,"Base","DC00740"
33,34,"F","FALSE",10,253000,0.014301,397.28,597.07,47.77,35.82,101.2,15,0,50.29,9.1073,"Base","DC00741"
53,54,"F","FALSE",17,135000,0.190999,1917.79,2310.22,184.82,138.61,54,15,0,20.46,13.4451,"Base","DC00742"
35,36,"F","FALSE",10,77000,0.01677,141.93,218.29,17.46,13.1,30.8,15,0,53.8,9.0982,"Base","DC00743"
60,61,"H","FALSE",10,141000,0.237053,4059.58,4803.46,384.28,288.21,56.4,15,0,18.32,8.2335,"Base","DC00744"
36,37,"F","FALSE",10,160000,0.018208,320.39,464.41,37.15,27.86,64,15,0,44.95,9.093,"Base","DC00745"
21,22,"F","FALSE",5,35000,0.003105,22.63,60.03,4.8,3.6,14,15,0,165.29,4.8018,"Base","DC00746"
34,35,"H","FALSE",15,40000,0.045613,141.94,201.09,16.09,12.07,16,15,0,41.68,12.8546,"Base","DC00747"
42,43,"F","FALSE",15,123000,0.056427,541.92,704.79,56.38,42.29,49.2,15,0,30.05,12.8072,"Base","DC00748"
46,47,"H","FALSE",20,86000,0.197005,1105.01,1342.34,107.39,80.54,34.4,15,0,21.48,15.3323,"Base","DC00749"
59,60,"F","FALSE",10,108000,0.152432,1917.79,2297.67,183.81,137.86,43.2,15,0,19.81,8.5842,"Base","DC00750"
22,25,"F","TRUE",10,93000,0.00779,79.34,152.95,12.24,9.18,37.2,15,0,92.78,9.1311,"Base","DC00751"
53,54,"F","FALSE",15,33000,0.1567,421.51,522.91,41.83,31.37,13.2,15,0,24.06,12.2681,"Base","DC00752"
22,26,"H","TRUE",15,124000,0.02407,230.17,342.76,27.42,20.57,49.6,15,0,48.91,12.9673,"Base","DC00753"
56,59,"F","TRUE",14,111000,0.221686,2195.77,2622.29,209.78,157.34,44.4,15,0,19.42,11.2066,"Base","DC00754"
41,45,"H","TRUE",10,119000,0.058587,779.87,979.61,78.37,58.78,47.6,15,0,25.61,8.9398,"Base","DC00755"
52,53,"H","FALSE",15,88000,0.207736,1528.38,1835.55,146.84,110.13,35.2,15,0,20.1,11.9609,"Base","DC00756"
33,34,"H","FALSE",30,112000,0.14656,761.73,955.26,76.42,57.32,44.8,15,0,25.41,21.5494,"Base","DC00758"
57,58,"H","FALSE",5,92000,0.079518,1569.61,1885.36,150.83,113.12,36.8,15,0,20.12,4.6608,"Base","DC00759"
35,36,"H","FALSE",10,161000,0.027944,496.88,670.09,53.61,40.21,64.4,15,0,34.86,9.0544,"Base","DC00760"
29,32,"F","TRUE",20,167000,0.035016,355.67,508.69,40.69,30.52,66.8,15,0,43.02,16.4414,"Base","DC00761"
46,47,"H","FALSE",20,2e+05,0.197005,2569.8,3098.6,247.89,185.92,80,15,0,20.58,15.3323,"Base","DC00762"
27,28,"F","FALSE",15,45000,0.016109,55.7,103.14,8.25,6.19,18,15,0,85.17,13.0155,"Base","DC00763"
42,43,"H","FALSE",15,279000,0.088326,1951.57,2416.47,193.32,144.99,111.6,15,0,23.82,12.6273,"Base","DC00764"
28,32,"H","TRUE",5,136000,0.0092,261.2,384.41,30.75,23.06,54.4,15,0,47.17,4.7904,"Base","DC00765"
54,55,"H","FALSE",15,171000,0.245077,3569.17,4247.17,339.77,254.83,68.4,15,0,19,11.7417,"Base","DC00766"
53,54,"H","FALSE",17,115000,0.270197,2407.43,2870.26,229.62,172.22,46,15,0,19.23,12.907,"Base","DC00767"
57,58,"H","FALSE",13,109000,0.257846,2730.13,3242.71,259.42,194.56,43.6,15,0,18.77,10.2944,"Base","DC00768"
53,54,"F","FALSE",10,194000,0.086463,1897.76,2314.38,185.15,138.86,77.6,15,0,21.95,8.8387,"Base","DC00769"
49,50,"H","FALSE",10,183000,0.090842,1885.41,2294.9,183.59,137.69,73.2,15,0,21.72,8.8172,"Base","DC00770"
44,45,"H","FALSE",26,139000,0.26419,2002.6,2410.69,192.86,144.64,55.6,15,0,20.38,18.3374,"Base","DC00771"
49,50,"H","FALSE",21,225000,0.271516,3968.63,4736.78,378.94,284.21,90,15,0,19.36,15.3935,"Base","DC00772"
28,29,"F","FALSE",10,339000,0.00996,370.1,605.47,48.44,36.33,135.6,15,0,63.59,9.1231,"Base","DC00773"
56,57,"H","FALSE",14,79000,0.262304,1890.58,2252.54,180.2,135.15,31.6,15,0,19.15,10.9606,"Base","DC00774"
36,37,"F","FALSE",10,110000,0.018208,220.27,324.73,25.98,19.48,44,15,0,47.42,9.093,"Base","DC00775"
39,43,"H","TRUE",15,134000,0.088326,937.31,1169.66,93.57,70.18,53.6,15,0,24.79,12.6273,"Base","DC00776"
55,56,"F","FALSE",15,62000,0.18789,963.25,1166.34,93.31,69.98,24.8,15,0,21.08,12.0936,"Base","DC00777"
57,60,"F","TRUE",13,283000,0.218067,5866.75,6970.87,557.67,418.25,113.2,15,0,18.82,10.5191,"Base","DC00778"
53,56,"F","TRUE",17,144000,0.227831,2483.02,2971.65,237.73,178.3,57.6,15,0,19.68,13.2128,"Base","DC00779"
22,23,"H","FALSE",10,65000,0.012238,87.3,149.18,11.93,8.95,26,15,0,70.89,9.1125,"Base","DC00780"
36,37,"H","FALSE",20,173000,0.085452,918.39,1165.81,93.26,69.95,69.2,15,0,26.94,16.0969,"Base","DC00781"
43,44,"H","FALSE",15,128000,0.096223,978.7,1214.99,97.2,72.9,51.2,15,0,24.14,12.5847,"Base","DC00782"
30,31,"H","FALSE",10,105000,0.019487,225.2,328.14,26.25,19.69,42,15,0,45.71,9.0857,"Base","DC00783"
27,28,"H","FALSE",15,89000,0.027376,188.14,277.61,22.21,16.66,35.6,15,0,47.55,12.9501,"Base","DC00784"
58,59,"H","FALSE",12,563000,0.252261,14765.58,17448.58,1395.89,1046.91,225.2,15,0,18.17,9.6185,"Base","DC00785"
39,40,"F","FALSE",10,356000,0.023525,922.99,1256.27,100.5,75.38,142.4,15,0,36.11,9.0735,"Base","DC00786"
47,48,"H","FALSE",20,101000,0.213842,1419.84,1715.39,137.23,102.92,40.4,15,0,20.82,15.2117,"Base","DC00787"
42,46,"H","TRUE",5,179000,0.026969,1014.58,1280.44,102.44,76.83,71.6,15,0,26.2,4.7581,"Base","DC00788"
52,53,"F","FALSE",18,170000,0.191779,2311.2,2783.96,222.72,167.04,68,15,0,20.45,14.1063,"Base","DC00789"
38,39,"F","FALSE",10,252000,0.021568,598.55,830.64,66.45,49.84,100.8,15,0,38.78,9.0807,"Base","DC00790"
35,36,"F","FALSE",10,107000,0.01677,197.22,296.54,23.72,17.79,42.8,15,0,50.36,9.0982,"Base","DC00791"
59,60,"H","FALSE",11,489000,0.245391,13434.54,15866.44,1269.32,951.99,195.6,15,0,18.1,8.9319,"Base","DC00792"
29,30,"H","FALSE",5,246000,0.008134,417.52,617.35,49.39,37.04,98.4,15,0,47.86,4.7924,"Base","DC00793"
29,30,"H","FALSE",20,233000,0.04909,700.24,940.04,75.2,56.4,93.2,15,0,34.25,16.3345,"Base","DC00794"
38,39,"H","FALSE",10,111000,0.035391,435.2,575.12,46.01,34.51,44.4,15,0,32.15,9.0267,"Base","DC00795"
32,33,"H","FALSE",15,305000,0.039095,925.14,1235.04,98.8,74.1,122,15,0,33.5,12.8888,"Base","DC00796"
42,43,"H","FALSE",20,243000,0.141132,2181.29,2666.85,213.35,160.01,97.2,15,0,22.26,15.7224,"Base","DC00797"
59,60,"F","FALSE",5,233000,0.064215,3190.08,3835.21,306.82,230.11,93.2,15,0,20.22,4.6902,"Base","DC00798"
57,58,"H","FALSE",10,89000,0.183635,1933.57,2307.17,184.57,138.43,35.6,15,0,19.32,8.4525,"Base","DC00799"
58,59,"H","FALSE",5,188000,0.087158,3526.52,4205.48,336.44,252.33,75.2,15,0,19.25,4.6464,"Base","DC00800"
58,61,"F","TRUE",10,136000,0.167242,2667.79,3182.78,254.62,190.97,54.4,15,0,19.3,8.5257,"Base","DC00801"
56,57,"H","FALSE",14,156000,0.262304,3733.31,4431.05,354.48,265.86,62.4,15,0,18.69,10.9606,"Base","DC00802"
20,21,"H","FALSE",10,162000,0.01116,198.32,323.39,25.87,19.4,64.8,15,0,63.07,9.1165,"Base","DC00803"
53,54,"F","FALSE",10,61000,0.086463,596.72,739.67,59.17,44.38,24.4,15,0,23.96,8.8387,"Base","DC00804"
57,58,"H","FALSE",13,59000,0.257846,1477.78,1763.23,141.06,105.79,23.6,15,0,19.32,10.2944,"Base","DC00806"
55,56,"F","FALSE",15,175000,0.18789,2718.85,3260.3,260.82,195.62,70,15,0,19.91,12.0936,"Base","DC00807"
31,35,"H","TRUE",10,455000,0.025906,1300.76,1741.58,139.33,104.49,182,15,0,33.89,9.062,"Base","DC00808"
25,26,"F","FALSE",20,339000,0.021881,448.9,697.09,55.77,41.83,135.6,15,0,55.29,16.5239,"Base","DC00809"
36,37,"F","FALSE",10,195000,0.018208,390.48,562.18,44.97,33.73,78,15,0,43.97,9.093,"Base","DC00810"
20,21,"H","FALSE",10,71000,0.01116,86.92,151.53,12.12,9.09,28.4,15,0,74.34,9.1165,"Base","DC00811"
39,43,"H","TRUE",20,104000,0.141132,933.55,1151.34,92.11,69.08,41.6,15,0,23.33,15.7224,"Base","DC00812"
45,46,"F","FALSE",15,153000,0.074508,896.76,1131.34,90.51,67.88,61.2,15,0,26.16,12.7123,"Base","DC00813"
38,39,"F","FALSE",15,94000,0.039272,286.25,394.01,31.52,23.64,37.6,15,0,37.65,12.8964,"Base","DC00814"
56,57,"F","FALSE",14,156000,0.185418,2536.7,3039.65,243.17,182.38,62.4,15,0,19.83,11.4027,"Base","DC00815"
22,23,"F","FALSE",10,76000,0.007,58.24,120.51,9.64,7.23,30.4,15,0,106.92,9.1339,"Base","DC00816"
38,39,"H","FALSE",30,217000,0.218058,2263.59,2750.45,220.04,165.03,86.8,15,0,21.51,20.9042,"Base","DC00817"
39,42,"F","TRUE",25,138000,0.131621,960.2,1198.14,95.85,71.89,55.2,15,0,24.78,18.9166,"Base","DC00818"
50,51,"H","FALSE",10,90000,0.099252,1016.82,1241.65,99.33,74.5,36,15,0,22.11,8.7849,"Base","DC00819"
33,34,"F","FALSE",10,90000,0.014301,141.33,223.63,17.89,13.42,36,15,0,58.24,9.1073,"Base","DC00820"
53,54,"H","FALSE",5,113000,0.055119,1323.45,1608.89,128.71,96.53,45.2,15,0,21.57,4.7063,"Base","DC00821"
52,53,"H","FALSE",18,174000,0.271351,3487.13,4153.17,332.25,249.19,69.6,15,0,19.1,13.5398,"Base","DC00822"
41,42,"F","FALSE",15,166000,0.051482,665.94,869,69.52,52.14,66.4,15,0,30.49,12.833,"Base","DC00823"
26,27,"H","FALSE",15,137000,0.025642,271.08,396.38,31.71,23.78,54.8,15,0,46.22,12.9591,"Base","DC00824"
57,58,"F","FALSE",5,83000,0.052793,930.08,1137.53,91,68.25,33.2,15,0,22.31,4.7113,"Base","DC00825"
49,50,"H","FALSE",20,182000,0.251283,3061.62,3662.12,292.97,219.73,72.8,15,0,19.61,14.9377,"Base","DC00827"
44,45,"H","FALSE",10,107000,0.058587,701.23,882.59,70.61,52.96,42.8,15,0,25.86,8.9398,"Base","DC00828"
29,30,"H","FALSE",20,138000,0.04909,414.73,563.87,45.11,33.83,55.2,15,0,35.96,16.3345,"Base","DC00829"
49,50,"H","FALSE",20,215000,0.251283,3616.75,4322.96,345.84,259.38,86,15,0,19.53,14.9377,"Base","DC00830"
46,47,"H","FALSE",15,43000,0.124567,430.92,538.51,43.08,32.31,17.2,15,0,24.97,12.4301,"Base","DC00831"
38,39,"H","FALSE",10,63000,0.035391,247.01,333.96,26.72,20.04,25.2,15,0,35.2,9.0267,"Base","DC00832"
28,29,"H","FALSE",15,78000,0.029288,176.54,259,20.72,15.54,31.2,15,0,46.71,12.9401,"Base","DC00833"
41,42,"F","FALSE",15,274000,0.051482,1099.21,1423.03,113.84,85.38,109.6,15,0,29.46,12.833,"Base","DC00834"
46,47,"F","FALSE",15,131000,0.081791,845.42,1061.42,84.91,63.69,52.4,15,0,25.55,12.6738,"Base","DC00835"
27,28,"H","FALSE",10,240000,0.016084,424.26,622.4,49.79,37.34,96,15,0,46.7,9.0983,"Base","DC00836"
38,39,"F","FALSE",15,111000,0.039272,338.02,462.11,36.97,27.73,44.4,15,0,36.71,12.8964,"Base","DC00837"
26,27,"H","FALSE",20,361000,0.0395,869.67,1196.6,95.73,71.8,144.4,15,0,37.59,16.3963,"Base","DC00838"
45,46,"H","FALSE",15,329000,0.114284,3011.23,3671.89,293.75,220.31,131.6,15,0,21.94,12.4865,"Base","DC00839"
35,36,"H","FALSE",20,189000,0.078715,921.69,1177.08,94.17,70.62,75.6,15,0,27.71,16.1413,"Base","DC00840"
27,30,"F","TRUE",5,62000,0.004695,60.66,116.82,9.35,7.01,24.8,15,0,92.57,4.7989,"Base","DC00841"
42,43,"F","FALSE",10,127000,0.030744,431.58,578.35,46.27,34.7,50.8,15,0,34.01,9.0469,"Base","DC00842"
40,41,"F","FALSE",15,58000,0.047002,212.04,290.98,23.28,17.46,23.2,15,0,37.23,12.8563,"Base","DC00843"
35,36,"H","FALSE",10,50000,0.027944,154.31,220.13,17.61,13.21,20,15,0,42.65,9.0544,"Base","DC00844"
50,51,"F","FALSE",10,84000,0.064957,611.72,767.81,61.43,46.07,33.6,15,0,25.52,8.9198,"Base","DC00845"
48,49,"H","FALSE",15,274000,0.147948,3295.57,3976.95,318.16,238.62,109.6,15,0,20.68,12.3006,"Base","DC00846"
46,47,"F","FALSE",15,333000,0.081791,2149.04,2671.21,213.7,160.27,133.2,15,0,24.3,12.6738,"Base","DC00847"
29,33,"H","TRUE",15,178000,0.039095,539.92,728.04,58.24,43.68,71.2,15,0,34.84,12.8888,"Base","DC00848"
39,40,"F","FALSE",10,238000,0.023525,617.05,845.65,67.65,50.74,95.2,15,0,37.05,9.0735,"Base","DC00849"
37,38,"F","FALSE",10,88000,0.019802,191.77,281.36,22.51,16.88,35.2,15,0,46.72,9.0871,"Base","DC00850"
35,39,"H","TRUE",30,132000,0.218058,1376.93,1679.92,134.39,100.8,52.8,15,0,22,20.9042,"Base","DC00851"
27,28,"F","FALSE",10,63000,0.009331,64.42,121.65,9.73,7.3,25.2,15,0,88.85,9.1254,"Base","DC00852"
40,41,"F","FALSE",30,133000,0.178697,1114.09,1374.75,109.98,82.49,53.2,15,0,23.4,21.3329,"Base","DC00853"
42,46,"H","TRUE",15,184000,0.114284,1684.09,2061.27,164.9,123.68,73.6,15,0,22.4,12.4865,"Base","DC00855"
21,22,"H","FALSE",15,165000,0.019121,242.82,376.54,30.12,22.59,66,15,0,55.07,12.993,"Base","DC00856"
52,53,"H","FALSE",15,422000,0.207736,7329.26,8736.11,698.89,524.17,168.8,15,0,19.2,11.9609,"Base","DC00857"
47,48,"H","FALSE",10,538000,0.076139,4616.4,5635.58,450.85,338.14,215.2,15,0,22.08,8.8733,"Base","DC00858"
50,54,"H","TRUE",10,156000,0.12943,2329.44,2798.65,223.89,167.92,62.4,15,0,20.14,8.6678,"Base","DC00859"
28,29,"H","FALSE",20,91000,0.045583,253.59,354.64,28.37,21.28,36.4,15,0,39.85,16.3571,"Base","DC00861"
52,56,"H","TRUE",18,33000,0.341761,865.34,1039,83.12,62.34,13.2,15,0,20.07,13.0331,"Base","DC00862"
25,28,"F","TRUE",15,102000,0.016109,126.25,211.68,16.93,12.7,40.8,15,0,67.67,13.0155,"Base","DC00864"
31,32,"F","FALSE",5,319000,0.005347,355.51,579.2,46.34,34.75,127.6,15,0,62.92,4.7977,"Base","DC00865"
38,39,"H","FALSE",20,296000,0.100886,1867.05,2326.11,186.09,139.57,118.4,15,0,24.59,15.9944,"Base","DC00866"
52,53,"F","FALSE",15,214000,0.142952,2478.27,2998.69,239.9,179.92,85.6,15,0,21,12.3439,"Base","DC00867"
30,31,"F","FALSE",15,218000,0.020112,337.4,511.16,40.89,30.67,87.2,15,0,51.5,12.9951,"Base","DC00868"
47,51,"H","TRUE",23,202000,0.337695,4261.38,5066.49,405.32,303.99,80.8,15,0,18.89,16.0076,"Base","DC00869"
46,47,"H","FALSE",10,166000,0.069738,1301.07,1607.53,128.6,96.45,66.4,15,0,23.55,8.8976,"Base","DC00870"
35,36,"F","FALSE",30,140000,0.115279,737.77,940.43,75.23,56.43,56,15,0,27.47,21.8755,"Base","DC00871"
33,34,"F","FALSE",15,110000,0.025556,216.79,320.69,25.66,19.24,44,15,0,47.92,12.9671,"Base","DC00872"
42,43,"H","FALSE",15,132000,0.088326,923.32,1152.47,92.2,69.15,52.8,15,0,24.82,12.6273,"Base","DC00873"
56,60,"H","TRUE",14,129000,0.332341,4063.17,4802.06,384.16,288.12,51.6,15,0,18.19,10.5514,"Base","DC00874"
59,63,"H","TRUE",11,114000,0.312872,4139.58,4883.93,390.71,293.04,45.6,15,0,17.98,8.6162,"Base","DC00875"
38,39,"F","FALSE",30,191000,0.150193,1329.3,1651.98,132.16,99.12,76.4,15,0,24.27,21.5805,"Base","DC00876"
26,27,"H","FALSE",25,204000,0.0583,611.98,823.93,65.91,49.44,81.6,15,0,34.63,19.4339,"Base","DC00877"
52,53,"F","FALSE",10,833000,0.078598,7382.65,8989.36,719.15,539.36,333.2,15,0,21.76,8.8684,"Base","DC00878"
43,44,"F","FALSE",15,214000,0.06188,1036.28,1321.95,105.76,79.32,85.6,15,0,27.57,12.7787,"Base","DC00879"
34,35,"F","FALSE",15,196000,0.027774,420.17,597.18,47.77,35.83,78.4,15,0,42.13,12.9557,"Base","DC00880"
27,28,"H","FALSE",20,197000,0.042396,509.96,702.05,56.16,42.12,78.8,15,0,37.67,16.3777,"Base","DC00881"
25,26,"H","FALSE",15,62000,0.02407,115.09,180.1,14.41,10.81,24.8,15,0,56.49,12.9673,"Base","DC00882"
53,54,"H","FALSE",10,136000,0.12943,2030.79,2442.08,195.37,146.53,54.4,15,0,20.25,8.6678,"Base","DC00883"
52,53,"H","FALSE",15,93000,0.207736,1615.22,1938.86,155.11,116.33,37.2,15,0,20.04,11.9609,"Base","DC00884"
49,50,"H","FALSE",10,71000,0.090842,731.5,901.05,72.08,54.06,28.4,15,0,23.18,8.8172,"Base","DC00885"
56,57,"H","FALSE",14,51000,0.262304,1220.5,1460.35,116.83,87.62,20.4,15,0,19.65,10.9606,"Base","DC00886"
56,57,"F","FALSE",10,263000,0.114995,3464.45,4168.2,333.46,250.09,105.2,15,0,20.31,8.7297,"Base","DC00887"
46,47,"F","FALSE",10,219000,0.044493,1083.14,1378.77,110.3,82.73,87.6,15,0,27.29,8.9961,"Base","DC00888"
46,50,"H","TRUE",10,147000,0.090842,1514.51,1846.88,147.75,110.81,58.8,15,0,21.95,8.8172,"Base","DC00889"
36,37,"H","FALSE",10,44000,0.03019,146.84,208.65,16.69,12.52,17.6,15,0,42.09,9.0461,"Base","DC00890"
36,37,"F","FALSE",10,116000,0.018208,232.28,341.49,27.32,20.49,46.4,15,0,47.02,9.093,"Base","DC00891"
45,46,"F","FALSE",15,197000,0.074508,1154.65,1451.68,116.13,87.1,78.8,15,0,25.73,12.7123,"Base","DC00892"
49,50,"H","FALSE",21,173000,0.271516,3051.44,3646.09,291.69,218.77,69.2,15,0,19.49,15.3935,"Base","DC00893"
46,47,"F","FALSE",20,75000,0.134087,636.59,792.55,63.4,47.55,30,15,0,24.5,15.7975,"Base","DC00894"
38,41,"F","TRUE",10,326000,0.025691,923.85,1243.32,99.47,74.6,130.4,15,0,34.58,9.0655,"Base","DC00895"
32,36,"H","TRUE",10,46000,0.027944,141.97,203.91,16.31,12.23,18.4,15,0,43.64,9.0544,"Base","DC00896"
37,38,"F","FALSE",15,163000,0.035949,453.77,620.89,49.67,37.25,65.2,15,0,36.83,12.9136,"Base","DC00897"
29,32,"F","TRUE",15,116000,0.021745,194.23,297.24,23.78,17.83,46.4,15,0,53.04,12.9867,"Base","DC00898"
22,23,"H","FALSE",15,85000,0.020182,132.09,210.57,16.85,12.63,34,15,0,59.41,12.9875,"Base","DC00899"
47,48,"F","FALSE",15,51000,0.089796,362.56,462.75,37.02,27.76,20.4,15,0,27.63,12.6312,"Base","DC00900"
40,41,"F","FALSE",15,242000,0.047002,884.74,1158.77,92.7,69.53,96.8,15,0,30.97,12.8563,"Base","DC00901"
29,30,"F","FALSE",20,104000,0.029725,187.65,284.01,22.72,17.04,41.6,15,0,51.35,16.4747,"Base","DC00902"
52,53,"F","FALSE",18,85000,0.191779,1155.6,1400.7,112.06,84.04,34,15,0,21.21,14.1063,"Base","DC00903"
30,31,"F","FALSE",5,55000,0.005004,57.36,109.72,8.78,6.58,22,15,0,91.29,4.7983,"Base","DC00904"
32,33,"F","FALSE",25,389000,0.058843,1176.22,1566.07,125.29,93.96,155.6,15,0,33.14,19.4607,"Base","DC00905"
26,27,"F","FALSE",15,221000,0.015027,255.05,416.8,33.34,25.01,88.4,15,0,63.42,13.0211,"Base","DC00906"
59,60,"F","FALSE",10,186000,0.152432,3302.86,3944.49,315.56,236.67,74.4,15,0,19.43,8.5842,"Base","DC00907"
55,56,"H","FALSE",15,164000,0.265771,3751.71,4456.17,356.49,267.37,65.6,15,0,18.78,11.6178,"Base","DC00908"
24,25,"H","FALSE",10,125000,0.013553,186.01,291.87,23.35,17.51,50,15,0,56.91,9.1077,"Base","DC00910"
39,40,"F","FALSE",10,299000,0.023525,775.21,1057.92,84.63,63.47,119.6,15,0,36.47,9.0735,"Base","DC00911"
42,43,"H","FALSE",10,85000,0.049345,467.36,600.42,48.03,36.02,34,15,0,28.47,8.9745,"Base","DC00912"
38,41,"F","TRUE",10,607000,0.025691,1720.18,2299.98,184,138,242.8,15,0,33.71,9.0655,"Base","DC00913"
57,58,"H","FALSE",13,101000,0.257846,2529.76,3006,240.48,180.36,40.4,15,0,18.83,10.2944,"Base","DC00916"
58,62,"H","TRUE",10,215000,0.257598,6797.8,8021.86,641.75,481.31,86,15,0,18.01,8.1473,"Base","DC00917"
29,33,"H","TRUE",10,73000,0.022383,180.05,260.76,20.86,15.65,29.2,15,0,44.82,9.075,"Base","DC00918"
47,48,"H","FALSE",10,108000,0.076139,926.71,1145.25,91.62,68.71,43.2,15,0,23.58,8.8733,"Base","DC00919"
54,55,"F","FALSE",10,68000,0.095105,734.41,903.04,72.24,54.18,27.2,15,0,22.96,8.8059,"Base","DC00920"
43,44,"H","FALSE",5,129000,0.022728,615.18,792.77,63.42,47.57,51.6,15,0,28.87,4.7658,"Base","DC00921"
36,37,"F","FALSE",25,229000,0.083927,997.04,1283.31,102.66,77,91.6,15,0,28.71,19.2763,"Base","DC00922"
29,30,"F","FALSE",15,392000,0.018639,561.92,853.16,68.25,51.19,156.8,15,0,51.83,13.0026,"Base","DC00923"
59,60,"F","FALSE",5,47000,0.064215,643.49,787.55,63,47.25,18.8,15,0,22.39,4.6902,"Base","DC00924"
44,47,"F","TRUE",25,269000,0.204577,3000.53,3631.54,290.52,217.89,107.6,15,0,21.03,18.3405,"Base","DC00925"
42,43,"H","FALSE",10,364000,0.049345,2001.39,2513.94,201.12,150.84,145.6,15,0,25.61,8.9745,"Base","DC00926"
32,33,"F","FALSE",30,161000,0.088385,643.98,841.14,67.29,50.47,64.4,15,0,30.62,22.097,"Base","DC00927"
59,60,"H","FALSE",11,95000,0.245391,2609.98,3096.49,247.72,185.79,38,15,0,18.64,8.9319,"Base","DC00928"
46,47,"H","FALSE",20,252000,0.197005,3237.94,3899.7,311.98,233.98,100.8,15,0,20.44,15.3323,"Base","DC00929"
56,57,"H","FALSE",14,296000,0.262304,7083.71,8391.99,671.36,503.52,118.4,15,0,18.47,10.9606,"Base","DC00930"
36,37,"H","FALSE",5,188000,0.013005,511.11,699.2,55.94,41.95,75.2,15,0,36.8,4.7835,"Base","DC00931"
44,45,"F","FALSE",25,269000,0.171874,2485.31,3032.45,242.6,181.95,107.6,15,0,22.02,18.6029,"Base","DC00932"
28,29,"F","FALSE",15,108000,0.017309,143.69,234.76,18.78,14.09,43.2,15,0,63.37,13.0094,"Base","DC00933"
59,63,"H","TRUE",11,650000,0.312872,23602.85,27764.94,2221.2,1665.9,260,15,0,17.63,8.6162,"Base","DC00934"
47,48,"H","FALSE",10,46000,0.076139,394.71,497.8,39.82,29.87,18.4,15,0,26.12,8.8733,"Base","DC00935"
38,41,"F","TRUE",10,120000,0.025691,340.07,468.69,37.49,28.12,48,15,0,37.82,9.0655,"Base","DC00936"
32,33,"H","FALSE",10,113000,0.022383,278.71,394.08,31.53,23.64,45.2,15,0,41.39,9.075,"Base","DC00937"
52,56,"H","TRUE",15,65000,0.265771,1486.96,1776.69,142.14,106.6,26,15,0,19.49,11.6178,"Base","DC00938"
31,32,"F","FALSE",25,187000,0.053941,517.37,706.02,56.48,42.36,74.8,15,0,36.46,19.4964,"Base","DC00939"
20,24,"H","TRUE",15,73000,0.021353,120.08,191.02,15.28,11.46,29.2,15,0,59.08,12.9814,"Base","DC00940"
57,58,"F","FALSE",5,189000,0.052793,2117.88,2568,205.44,154.08,75.6,15,0,21.25,4.7113,"Base","DC00941"
38,41,"F","TRUE",20,161000,0.077433,770.95,988.77,79.1,59.33,64.4,15,0,28.25,16.1706,"Base","DC00942"
38,39,"F","FALSE",20,140000,0.064566,556.14,729.23,58.34,43.75,56,15,0,31.12,16.2535,"Base","DC00943"
56,57,"H","FALSE",14,90000,0.262304,2153.83,2563.76,205.1,153.83,36,15,0,19.03,10.9606,"Base","DC00944"
42,43,"H","FALSE",5,168000,0.020898,736.16,951.59,76.13,57.1,67.2,15,0,29.26,4.7692,"Base","DC00945"
46,47,"H","FALSE",20,181000,0.197005,2325.67,2805.89,224.47,168.35,72.4,15,0,20.65,15.3323,"Base","DC00946"
50,51,"H","FALSE",10,170000,0.099252,1920.66,2329.84,186.39,139.79,68,15,0,21.3,8.7849,"Base","DC00947"
41,45,"H","TRUE",15,165000,0.104857,1379.93,1698.75,135.9,101.93,66,15,0,23.1,12.5379,"Base","DC00948"
32,33,"H","FALSE",10,166000,0.022383,409.43,570.73,45.66,34.24,66.4,15,0,39.4,9.075,"Base","DC00949"
33,34,"H","FALSE",15,146000,0.042198,478.61,641.87,51.35,38.51,58.4,15,0,34.11,12.8725,"Base","DC00950"
39,40,"H","FALSE",20,59000,0.10969,406.12,517.12,41.37,31.03,23.6,15,0,27.33,15.9355,"Base","DC00951"
27,28,"H","FALSE",25,42000,0.06284,136.05,195.17,15.61,11.71,16.8,15,0,43.46,19.4001,"Base","DC00952"
33,36,"F","TRUE",20,275000,0.049384,830.59,1111.16,88.89,66.67,110,15,0,33.78,16.3504,"Base","DC00953"
33,34,"H","FALSE",25,126000,0.100856,664.89,849.17,67.93,50.95,50.4,15,0,27.72,19.1129,"Base","DC00955"
49,52,"F","TRUE",5,124000,0.02945,768.14,968.3,77.46,58.1,49.6,15,0,26.06,4.7541,"Base","DC00956"
29,30,"H","FALSE",25,491000,0.07329,1862.42,2411.42,192.91,144.69,196.4,15,0,29.48,19.3219,"Base","DC00957"
21,25,"H","TRUE",10,4e+05,0.013553,595.23,895.62,71.65,53.74,160,15,0,50.47,9.1077,"Base","DC00958"
51,52,"F","FALSE",19,126000,0.192123,1640.3,1983.37,158.67,119,50.4,15,0,20.92,14.758,"Base","DC00959"
22,23,"H","FALSE",15,119000,0.020182,184.92,287.82,23.03,17.27,47.6,15,0,55.64,12.9875,"Base","DC00960"
53,54,"F","FALSE",10,59000,0.086463,577.15,715.99,57.28,42.96,23.6,15,0,24.06,8.8387,"Base","DC00961"
47,51,"H","TRUE",20,271000,0.271944,4985.26,5940.3,475.22,356.42,108.4,15,0,19.16,14.783,"Base","DC00962"
47,51,"H","TRUE",10,27000,0.099252,305.05,384.71,30.78,23.08,10.8,15,0,26.11,8.7849,"Base","DC00963"
49,53,"H","TRUE",21,116000,0.340849,2665.35,3170.64,253.65,190.24,46.4,15,0,18.96,14.8342,"Base","DC00964"
29,30,"F","FALSE",10,170000,0.010659,198.67,327.52,26.2,19.65,68,15,0,64.86,9.1206,"Base","DC00965"
44,47,"F","TRUE",25,80000,0.204577,892.35,1092.27,87.38,65.54,32,15,0,22.4,18.3405,"Base","DC00966"
38,39,"F","FALSE",25,356000,0.100475,1867.56,2354.6,188.37,141.28,142.4,15,0,26.08,19.1529,"Base","DC00967"
31,32,"H","FALSE",10,172000,0.020864,395.19,556.97,44.56,33.42,68.8,15,0,40.94,9.0806,"Base","DC00968"
37,38,"F","FALSE",20,547000,0.059004,1981.41,2575.82,206.07,154.55,218.8,15,0,30,16.2891,"Base","DC00969"
50,51,"H","FALSE",20,1255000,0.271944,23086.7,27446.17,2195.69,1646.77,502,15,0,18.88,14.783,"Base","DC00970"
37,38,"H","FALSE",25,117000,0.13994,870.46,1084.02,86.72,65.04,46.8,15,0,24.53,18.8096,"Base","DC00971"
28,31,"F","TRUE",15,86000,0.020112,133.1,212.21,16.98,12.73,34.4,15,0,59.44,12.9951,"Base","DC00972"
27,28,"F","FALSE",10,739000,0.009331,755.61,1239.78,99.18,74.39,295.6,15,0,64.08,9.1254,"Base","DC00973"
60,61,"H","FALSE",10,35000,0.237053,1007.7,1205.46,96.44,72.33,14,15,0,19.63,8.2335,"Base","DC00974"
27,28,"F","FALSE",15,183000,0.016109,226.5,365.93,29.27,21.96,73.2,15,0,61.56,13.0155,"Base","DC00975"
54,58,"H","TRUE",10,221000,0.183635,4801.33,5703.17,456.25,342.19,88.4,15,0,18.78,8.4525,"Base","DC00976"
27,28,"F","FALSE",20,516000,0.025405,794.39,1181.15,94.49,70.87,206.4,15,0,48.69,16.5018,"Base","DC00977"
29,30,"F","FALSE",10,91000,0.010659,106.35,183.42,14.67,11.01,36.4,15,0,72.48,9.1206,"Base","DC00978"
29,30,"F","FALSE",20,71000,0.029725,128.11,199.43,15.95,11.97,28.4,15,0,55.67,16.4747,"Base","DC00979"
53,54,"F","FALSE",17,164000,0.190999,2329.76,2802.75,224.22,168.16,65.6,15,0,20.3,13.4451,"Base","DC00980"
30,34,"H","TRUE",10,259000,0.024059,687.1,936.86,74.95,56.21,103.6,15,0,36.35,9.0688,"Base","DC00981"
39,40,"F","FALSE",20,391000,0.070692,1704.71,2181.53,174.52,130.89,156.4,15,0,27.97,16.2141,"Base","DC00982"
21,25,"H","TRUE",10,450000,0.013553,669.64,1005.39,80.43,60.32,180,15,0,50.14,9.1077,"Base","DC00983"
50,51,"F","FALSE",10,112000,0.064957,815.63,1017.94,81.43,61.08,44.8,15,0,24.8,8.9198,"Base","DC00984"
44,45,"F","FALSE",10,50000,0.03693,204.62,278.63,22.29,16.72,20,15,0,36.17,9.0241,"Base","DC00985"
29,32,"F","TRUE",10,292000,0.012292,393.8,611.16,48.89,36.67,116.8,15,0,55.2,9.1146,"Base","DC00986"
51,54,"F","TRUE",19,112000,0.228883,1767.11,2124.32,169.95,127.46,44.8,15,0,20.21,14.5066,"Base","DC00987"
55,56,"H","FALSE",15,61000,0.265771,1395.45,1668.43,133.47,100.11,24.4,15,0,19.56,11.6178,"Base","DC00988"
34,35,"H","FALSE",20,260000,0.072565,1165.95,1494.13,119.53,89.65,104,15,0,28.15,16.1817,"Base","DC00989"
42,43,"F","FALSE",5,266000,0.012756,709.23,965.85,77.27,57.95,106.4,15,0,36.18,4.7844,"Base","DC00990"
43,44,"F","FALSE",15,120000,0.06188,581.09,748.94,59.92,44.94,48,15,0,28.89,12.7787,"Base","DC00991"
44,45,"F","FALSE",5,21000,0.015262,67.05,105.18,8.41,6.31,8.4,15,0,56.86,4.7798,"Base","DC00992"
30,34,"H","TRUE",30,149000,0.14656,1013.37,1265.08,101.21,75.9,59.6,15,0,24.84,21.5494,"Base","DC00993"
38,39,"H","FALSE",10,186000,0.035391,729.26,951.93,76.15,57.12,74.4,15,0,30.53,9.0267,"Base","DC00994"
53,54,"F","FALSE",17,119000,0.190999,1690.5,2038.49,163.08,122.31,47.6,15,0,20.58,13.4451,"Base","DC00995"
38,39,"H","FALSE",15,256000,0.063035,1264.4,1606.74,128.54,96.4,102.4,15,0,27.08,12.7625,"Base","DC00997"
42,43,"F","FALSE",15,159000,0.056427,700.53,905.97,72.48,54.36,63.6,15,0,29.33,12.8072,"Base","DC00998"
24,27,"F","TRUE",25,237000,0.035523,428.89,626.39,50.11,37.58,94.8,15,0,46.05,19.6294,"Base","DC00999"
40,41,"F","FALSE",15,81000,0.047002,296.13,399.46,31.96,23.97,32.4,15,0,34.89,12.8563,"Base","DC01000"
36,37,"F","FALSE",5,37000,0.007712,59.53,103.87,8.31,6.23,14.8,15,0,74.49,4.7935,"Base","DC01001"
54,55,"F","FALSE",15,60000,0.171656,845.26,1028.21,82.26,61.69,24,15,0,21.64,12.1849,"Base","DC01002"
29,32,"F","TRUE",10,80000,0.012292,107.89,180.11,14.41,10.81,32,15,0,66.93,9.1146,"Base","DC01003"
47,50,"F","TRUE",20,49000,0.175767,555.15,685.76,54.86,41.15,19.6,15,0,23.53,15.5139,"Base","DC01004"
53,54,"F","FALSE",15,6e+05,0.1567,7663.76,9207.86,736.63,552.47,240,15,0,20.15,12.2681,"Base","DC01005"
41,42,"F","FALSE",10,86000,0.028089,266.73,367.59,29.41,22.06,34.4,15,0,37.81,9.0567,"Base","DC01006"
43,44,"H","FALSE",5,1e+05,0.022728,476.89,618.47,49.48,37.11,40,15,0,29.69,4.7658,"Base","DC01008"
34,35,"H","FALSE",25,166000,0.109415,953.57,1203.46,96.28,72.21,66.4,15,0,26.21,19.0472,"Base","DC01010"
45,46,"H","FALSE",15,495000,0.114284,4530.57,5515.78,441.26,330.95,198,15,0,21.75,12.4865,"Base","DC01011"
57,61,"H","TRUE",13,71000,0.327309,2343.93,2775.97,222.08,166.56,28.4,15,0,18.43,9.9145,"Base","DC01012"
52,53,"F","FALSE",10,218000,0.078598,1932.07,2365.43,189.23,141.93,87.2,15,0,22.43,8.8684,"Base","DC01013"
47,48,"H","FALSE",10,56000,0.076139,480.52,602.23,48.18,36.13,22.4,15,0,25.33,8.8733,"Base","DC01014"
42,46,"H","TRUE",28,145000,0.324051,2493.96,2984.83,238.79,179.09,58,15,0,19.68,18.8405,"Base","DC01015"
60,61,"H","FALSE",10,64000,0.237053,1842.64,2189.82,175.19,131.39,25.6,15,0,18.84,8.2335,"Base","DC01016"
33,34,"H","FALSE",20,128000,0.066956,528.43,691.44,55.31,41.49,51.2,15,0,30.85,16.2184,"Base","DC01017"
31,32,"H","FALSE",15,212000,0.036276,596.01,809.08,64.73,48.54,84.8,15,0,35.75,12.9036,"Base","DC01018"
37,38,"F","FALSE",15,413000,0.035949,1149.73,1546.43,123.71,92.79,165.2,15,0,34.5,12.9136,"Base","DC01019"
26,27,"H","FALSE",20,77000,0.0395,185.5,268.95,21.52,16.14,30.8,15,0,44.99,16.3963,"Base","DC01020"
35,36,"H","FALSE",15,266000,0.049371,1023.21,1330.95,106.48,79.86,106.4,15,0,30.08,12.8348,"Base","DC01021"
31,32,"F","FALSE",15,275000,0.021745,460.46,680.77,54.46,40.85,110,15,0,47.85,12.9867,"Base","DC01022"
25,26,"H","FALSE",15,84000,0.02407,155.92,237.82,19.03,14.27,33.6,15,0,52.52,12.9673,"Base","DC01023"
38,39,"H","FALSE",15,1500000,0.063035,7408.6,9329.76,746.38,559.79,600,15,0,25.93,12.7625,"Base","DC01024"
21,22,"H","FALSE",10,109000,0.011673,139.59,230.45,18.44,13.83,43.6,15,0,65.09,9.1146,"Base","DC01025"
27,28,"F","FALSE",10,122000,0.009331,124.74,219.23,17.54,13.15,48.8,15,0,75.75,9.1254,"Base","DC01026"
43,47,"H","TRUE",15,170000,0.124567,1703.64,2077.49,166.2,124.65,68,15,0,21.94,12.4301,"Base","DC01027"
40,41,"F","FALSE",25,20000,0.120312,126.62,173.98,13.92,10.44,8,15,0,37.4,19.0031,"Base","DC01028"
44,45,"F","FALSE",26,239000,0.186079,2332.53,2840.85,227.27,170.45,95.6,15,0,21.79,19.0663,"Base","DC01030"
47,48,"H","FALSE",23,135000,0.269491,2192.59,2629.75,210.38,157.79,54,15,0,19.94,16.5929,"Base","DC01031"
44,48,"H","TRUE",10,546000,0.076139,4685.05,5719.13,457.53,343.15,218.4,15,0,22.07,8.8733,"Base","DC01032"
52,53,"H","FALSE",10,248000,0.118483,3373.38,4055.33,324.43,243.32,99.2,15,0,20.22,8.7105,"Base","DC01033"
25,26,"H","FALSE",10,185000,0.014315,290.86,441.69,35.34,26.5,74,15,0,51.86,9.1048,"Base","DC01034"
38,39,"H","FALSE",15,61000,0.063035,301.28,396.14,31.69,23.77,24.4,15,0,31.49,12.7625,"Base","DC01035"
55,58,"F","TRUE",10,443000,0.126385,6446.04,7718.89,617.51,463.13,177.2,15,0,19.75,8.6858,"Base","DC01036"
40,41,"F","FALSE",20,150000,0.077433,718.27,922.41,73.79,55.34,60,15,0,28.42,16.1706,"Base","DC01037"
20,21,"H","FALSE",15,179000,0.01816,250.09,391.5,31.32,23.49,71.6,15,0,56.54,12.998,"Base","DC01038"
20,21,"F","FALSE",15,619000,0.010433,495.1,881.04,70.48,52.86,247.6,15,0,77.95,13.0445,"Base","DC01039"
20,24,"H","TRUE",10,209000,0.012863,295.1,457.79,36.62,27.47,83.6,15,0,55.13,9.1102,"Base","DC01040"
34,38,"H","TRUE",10,163000,0.032665,589.18,778.35,62.27,46.7,65.2,15,0,32.11,9.0369,"Base","DC01041"
45,46,"H","FALSE",15,72000,0.114284,658.99,817.2,65.38,49.03,28.8,15,0,24.01,12.4865,"Base","DC01042"
46,47,"H","FALSE",15,136000,0.124567,1362.91,1665.48,133.24,99.93,54.4,15,0,22.2,12.4301,"Base","DC01043"
37,38,"F","FALSE",10,97000,0.019802,211.38,308.35,24.67,18.5,38.8,15,0,45.87,9.0871,"Base","DC01044"
40,41,"F","FALSE",20,96000,0.077433,459.69,596.62,47.73,35.8,38.4,15,0,29.79,16.1706,"Base","DC01045"
49,50,"F","FALSE",10,124000,0.059065,819.08,1027.53,82.2,61.65,49.6,15,0,25.45,8.9418,"Base","DC01046"
30,31,"F","FALSE",10,254000,0.011433,318.5,505.93,40.47,30.36,101.6,15,0,58.85,9.1178,"Base","DC01047"
52,56,"H","TRUE",15,367000,0.265771,8395.59,9950.45,796.04,597.03,146.8,15,0,18.52,11.6178,"Base","DC01048"
49,50,"H","FALSE",10,151000,0.090842,1555.72,1896.66,151.73,113.8,60.4,15,0,21.91,8.8172,"Base","DC01049"
29,30,"H","FALSE",10,118000,0.018239,236.76,347.63,27.81,20.86,47.2,15,0,46.83,9.0904,"Base","DC01050"
60,61,"H","FALSE",10,260000,0.237053,7485.74,8842.73,707.42,530.56,104,15,0,18.13,8.2335,"Base","DC01051"
56,57,"F","FALSE",14,84000,0.185418,1365.92,1644.79,131.58,98.69,33.6,15,0,20.42,11.4027,"Base","DC01052"
57,58,"F","FALSE",13,47000,0.182223,800.34,969.93,77.59,58.2,18.8,15,0,21.19,10.7011,"Base","DC01053"
56,57,"H","FALSE",10,227000,0.168387,4489.66,5343.56,427.48,320.61,90.8,15,0,19.02,8.5138,"Base","DC01054"
38,39,"H","FALSE",10,140000,0.035391,548.91,720.82,57.67,43.25,56,15,0,31.32,9.0267,"Base","DC01055"
25,29,"H","TRUE",10,28000,0.017108,52.67,91.71,7.34,5.5,11.2,15,0,74.12,9.0945,"Base","DC01056"
27,28,"H","FALSE",10,32000,0.016084,56.57,98.1,7.85,5.89,12.8,15,0,73.42,9.0983,"Base","DC01057"
35,36,"H","FALSE",10,183000,0.027944,564.78,759.27,60.74,45.56,73.2,15,0,34.44,9.0544,"Base","DC01058"
36,37,"H","FALSE",10,308000,0.03019,1027.89,1355.92,108.47,81.36,123.2,15,0,31.91,9.0461,"Base","DC01059"
27,28,"F","FALSE",10,223000,0.009331,228.01,386.29,30.9,23.18,89.2,15,0,69.42,9.1254,"Base","DC01060"
59,60,"H","FALSE",11,119000,0.245391,3269.35,3874.36,309.95,232.46,47.6,15,0,18.51,8.9319,"Base","DC01061"
58,59,"H","FALSE",5,459000,0.087158,8609.95,10242.5,819.4,614.55,183.6,15,0,18.96,4.6464,"Base","DC01062"
30,31,"H","FALSE",20,76000,0.052947,246.72,339.68,27.17,20.38,30.4,15,0,37.68,16.3095,"Base","DC01063"
34,35,"F","FALSE",20,113000,0.045239,312.15,432.97,34.64,25.98,45.2,15,0,38.7,16.3768,"Base","DC01064"
50,51,"H","FALSE",15,87000,0.175505,1257.15,1519.71,121.58,91.18,34.8,15,0,20.89,12.1457,"Base","DC01065"
38,39,"F","FALSE",20,205000,0.064566,814.35,1059.71,84.78,63.58,82,15,0,30.13,16.2535,"Base","DC01066"
42,43,"F","FALSE",15,45000,0.056427,198.26,268.91,21.51,16.13,18,15,0,35.63,12.8072,"Base","DC01067"
44,45,"H","FALSE",15,48000,0.104857,401.43,506.55,40.52,30.39,19.2,15,0,26.19,12.5379,"Base","DC01068"
22,26,"H","TRUE",10,35000,0.014315,55.03,97.71,7.82,5.86,14,15,0,77.56,9.1048,"Base","DC01069"
47,50,"F","TRUE",20,141000,0.175767,1597.49,1940.56,155.25,116.43,56.4,15,0,21.48,15.5139,"Base","DC01070"
35,36,"F","FALSE",25,379000,0.076737,1504.6,1943.26,155.46,116.6,151.6,15,0,29.15,19.3295,"Base","DC01071"
40,41,"F","FALSE",25,472000,0.120312,2988.33,3711.78,296.94,222.71,188.8,15,0,24.21,19.0031,"Base","DC01072"
46,50,"H","TRUE",15,77000,0.161173,1015.02,1233.52,98.68,74.01,30.8,15,0,21.53,12.2266,"Base","DC01073"
50,51,"F","FALSE",5,105000,0.026754,590.29,752.66,60.21,45.16,42,15,0,27.51,4.759,"Base","DC01074"
52,53,"F","FALSE",10,76000,0.078598,673.57,836.01,66.88,50.16,30.4,15,0,24.12,8.8684,"Base","DC01075"
28,29,"F","FALSE",10,187000,0.00996,204.16,341.81,27.34,20.51,74.8,15,0,67.43,9.1231,"Base","DC01076"
56,60,"H","TRUE",14,190000,0.332341,5984.51,7064.55,565.16,423.87,76,15,0,18.05,10.5514,"Base","DC01077"
46,47,"H","FALSE",20,256000,0.197005,3289.34,3961.32,316.91,237.68,102.4,15,0,20.43,15.3323,"Base","DC01078"
54,57,"F","TRUE",16,40000,0.226471,721.64,875.17,70.01,52.51,16,15,0,21.27,12.5531,"Base","DC01079"
24,25,"F","FALSE",15,54000,0.013171,54.58,106.02,8.48,6.36,21.6,15,0,94.25,13.0306,"Base","DC01080"
47,48,"F","FALSE",23,103000,0.19011,1133.6,1383.49,110.68,83.01,41.2,15,0,22.04,17.2736,"Base","DC01081"
30,31,"H","FALSE",15,89000,0.033718,232.32,328.98,26.32,19.74,35.6,15,0,41.6,12.917,"Base","DC01082"
56,57,"H","FALSE",14,215000,0.262304,5145.26,6100.3,488.02,366.02,86,15,0,18.56,10.9606,"Base","DC01083"
27,28,"H","FALSE",20,132000,0.042396,341.7,476.16,38.09,28.57,52.8,15,0,39.35,16.3777,"Base","DC01084"
57,58,"F","FALSE",10,47000,0.126385,683.89,834.53,66.76,50.07,18.8,15,0,22.03,8.6858,"Base","DC01085"
40,41,"F","FALSE",10,340000,0.025691,963.53,1295.96,103.68,77.76,136,15,0,34.5,9.0655,"Base","DC01086"
23,27,"H","TRUE",15,203000,0.025642,401.68,578.93,46.31,34.74,81.2,15,0,44.13,12.9591,"Base","DC01087"
24,28,"H","TRUE",30,85000,0.090856,350.63,464.69,37.18,27.88,34,15,0,32.53,22.0253,"Base","DC01088"
43,44,"F","FALSE",15,61000,0.06188,295.39,389.29,31.14,23.36,24.4,15,0,31.79,12.7787,"Base","DC01089"
31,32,"H","FALSE",20,106000,0.057186,372.29,499.65,39.97,29.98,42.4,15,0,34.21,16.282,"Base","DC01090"
58,59,"H","FALSE",12,70000,0.252261,1835.86,2184.72,174.78,131.08,28,15,0,19,9.6185,"Base","DC01091"
47,48,"H","FALSE",5,415000,0.032122,2807.23,3474.69,277.97,208.48,166,15,0,23.78,4.7487,"Base","DC01092"
55,56,"H","FALSE",5,120000,0.066188,1695.05,2044.25,163.54,122.65,48,15,0,20.6,4.6857,"Base","DC01093"
21,25,"H","TRUE",10,150000,0.013553,223.21,346.76,27.74,20.81,60,15,0,55.35,9.1077,"Base","DC01094"
31,32,"H","FALSE",15,258000,0.036276,725.33,980.85,78.47,58.85,103.2,15,0,35.23,12.9036,"Base","DC01095"
20,24,"H","TRUE",15,213000,0.021353,350.36,523.91,41.91,31.43,85.2,15,0,49.53,12.9814,"Base","DC01096"
31,32,"H","FALSE",10,506000,0.020864,1162.6,1604.66,128.37,96.28,202.4,15,0,38.02,9.0806,"Base","DC01097"
50,51,"F","FALSE",5,212000,0.026754,1191.82,1501.89,120.15,90.11,84.8,15,0,26.02,4.759,"Base","DC01098"
20,21,"H","FALSE",25,586000,0.038474,1151.46,1628.91,130.31,97.73,234.4,15,0,41.46,19.5803,"Base","DC01099"
29,30,"H","FALSE",10,101000,0.018239,202.65,300.06,24,18,40.4,15,0,48.07,9.0904,"Base","DC01100"
50,51,"H","FALSE",20,53000,0.271944,974.98,1175.79,94.06,70.55,21.2,15,0,20.6,14.783,"Base","DC01101"
22,26,"H","TRUE",15,122000,0.02407,226.46,337.51,27,20.25,48.8,15,0,49.04,12.9673,"Base","DC01102"
36,37,"H","FALSE",15,174000,0.053504,726.58,943.23,75.46,56.59,69.6,15,0,29.82,12.813,"Base","DC01103"
23,27,"H","TRUE",10,258000,0.015155,429.6,636.98,50.96,38.22,103.2,15,0,48.27,9.1017,"Base","DC01104"
44,45,"H","FALSE",5,339000,0.024745,1761.5,2223.38,177.87,133.4,135.6,15,0,26.22,4.7622,"Base","DC01105"
30,31,"H","FALSE",20,131000,0.052947,425.28,572.88,45.83,34.37,52.4,15,0,34.71,16.3095,"Base","DC01106"
58,61,"F","TRUE",12,122000,0.213476,2651.8,3157.67,252.61,189.46,48.8,15,0,19.08,9.8213,"Base","DC01107"
29,30,"F","FALSE",20,113000,0.029725,203.89,307.08,24.57,18.42,45.2,15,0,50.61,16.4747,"Base","DC01108"
26,27,"F","FALSE",10,48000,0.008763,46.08,93.35,7.47,5.6,19.2,15,0,102.58,9.1275,"Base","DC01110"
54,55,"H","FALSE",15,257000,0.245077,5364.19,6374.4,509.95,382.46,102.8,15,0,18.83,11.7417,"Base","DC01111"
50,54,"H","TRUE",10,61000,0.12943,910.87,1104.97,88.4,66.3,24.4,15,0,21.31,8.6678,"Base","DC01112"
40,41,"H","FALSE",20,280000,0.119293,2104.62,2594.9,207.59,155.69,112,15,0,23.3,15.8709,"Base","DC01113"
45,48,"F","TRUE",15,132000,0.089796,938.4,1170,93.6,70.2,52.8,15,0,24.68,12.6312,"Base","DC01114"
48,49,"H","FALSE",22,495000,0.270682,8375.9,9987.1,798.97,599.23,198,15,0,19.24,15.9968,"Base","DC01115"
56,57,"F","FALSE",10,61000,0.114995,803.54,980.17,78.41,58.81,24.4,15,0,21.98,8.7297,"Base","DC01116"
32,33,"H","FALSE",30,106000,0.135243,662.23,836.77,66.94,50.21,42.4,15,0,26.36,21.6479,"Base","DC01117"
23,26,"F","TRUE",20,174000,0.021881,230.41,366.29,29.3,21.98,69.6,15,0,58.97,16.5239,"Base","DC01118"
27,28,"F","FALSE",20,184000,0.025405,283.27,432.41,34.59,25.94,73.6,15,0,52.65,16.5018,"Base","DC01119"
54,55,"F","FALSE",15,55000,0.171656,774.82,943.98,75.52,56.64,22,15,0,21.83,12.1849,"Base","DC01120"
28,29,"F","FALSE",15,141000,0.017309,187.6,301.16,24.09,18.07,56.4,15,0,60.53,13.0094,"Base","DC01121"
32,33,"H","FALSE",25,51000,0.093015,247.42,328.86,26.31,19.73,20.4,15,0,32.92,19.1727,"Base","DC01122"
24,25,"H","FALSE",10,219000,0.013553,325.89,498.24,39.86,29.89,87.6,15,0,52.89,9.1077,"Base","DC01123"
31,32,"F","FALSE",10,105000,0.012292,141.61,230.94,18.47,13.86,42,15,0,63.08,9.1146,"Base","DC01124"
23,24,"F","FALSE",15,194000,0.012377,184.21,321.87,25.75,19.31,77.6,15,0,74.73,13.0346,"Base","DC01125"
44,48,"H","TRUE",20,326000,0.213842,4582.84,5497.95,439.84,329.88,130.4,15,0,19.97,15.2117,"Base","DC01126"
22,23,"F","FALSE",10,264000,0.007,202.31,375.48,30.04,22.53,105.6,15,0,85.6,9.1339,"Base","DC01128"
58,59,"H","FALSE",12,140000,0.252261,3671.72,4352.01,348.16,261.12,56,15,0,18.53,9.6185,"Base","DC01129"
57,58,"F","FALSE",13,154000,0.182223,2622.38,3138.35,251.07,188.3,61.6,15,0,19.68,10.7011,"Base","DC01130"
36,37,"H","FALSE",10,222000,0.03019,740.89,982.19,78.58,58.93,88.8,15,0,32.57,9.0461,"Base","DC01131"
45,49,"H","TRUE",15,153000,0.147948,1840.23,2228.41,178.27,133.7,61.2,15,0,21.09,12.3006,"Base","DC01132"
39,40,"H","FALSE",15,120000,0.068512,645.66,824.03,65.92,49.44,48,15,0,27.62,12.7334,"Base","DC01133"
39,42,"F","TRUE",10,74000,0.028089,229.51,318.73,25.5,19.12,29.6,15,0,38.88,9.0567,"Base","DC01134"
31,34,"F","TRUE",10,302000,0.014301,474.22,709.33,56.75,42.56,120.8,15,0,49.58,9.1073,"Base","DC01135"
39,40,"H","FALSE",15,597000,0.068512,3212.18,4030.21,322.42,241.81,238.8,15,0,25.47,12.7334,"Base","DC01136"
47,48,"F","FALSE",20,293000,0.146834,2738.24,3337.72,267.02,200.26,117.2,15,0,21.89,15.7116,"Base","DC01137"
54,57,"F","TRUE",16,311000,0.226471,5610.78,6686.26,534.9,401.18,124.4,15,0,19.17,12.5531,"Base","DC01138"
22,23,"F","FALSE",15,97000,0.011661,86.75,163.43,13.07,9.81,38.8,15,0,88.39,13.0383,"Base","DC01139"
54,58,"H","TRUE",16,161000,0.338918,4622.49,5467.31,437.38,328.04,64.4,15,0,18.28,11.8044,"Base","DC01141"
50,51,"H","FALSE",20,228000,0.271944,4194.24,5000.51,400.04,300.03,91.2,15,0,19.22,14.783,"Base","DC01142"
39,40,"H","FALSE",20,120000,0.10969,826.01,1033.73,82.7,62.02,48,15,0,25.15,15.9355,"Base","DC01143"
42,46,"H","TRUE",15,86000,0.114284,787.13,972.71,77.82,58.36,34.4,15,0,23.58,12.4865,"Base","DC01144"
57,61,"H","TRUE",5,136000,0.104673,3085.75,3668.78,293.5,220.13,54.4,15,0,18.89,4.6133,"Base","DC01145"
29,30,"F","FALSE",25,1076000,0.045465,2501.35,3426.45,274.12,205.59,430.4,15,0,36.98,19.5578,"Base","DC01146"
45,48,"F","TRUE",20,118000,0.146834,1102.77,1354.62,108.37,81.28,47.2,15,0,22.84,15.7116,"Base","DC01147"
50,54,"H","TRUE",20,299000,0.34173,7175.71,8500.36,680.03,510.02,119.6,15,0,18.46,14.2393,"Base","DC01148"
57,58,"F","FALSE",10,46000,0.126385,669.34,817.14,65.37,49.03,18.4,15,0,22.08,8.6858,"Base","DC01149"
20,21,"F","FALSE",10,1198000,0.006357,833.63,1543.99,123.52,92.64,479.2,15,0,85.21,9.1363,"Base","DC01150"
54,55,"H","FALSE",10,54000,0.141352,885.39,1072.09,85.77,64.33,21.6,15,0,21.09,8.621,"Base","DC01151"
32,33,"H","FALSE",20,166000,0.061843,631.68,829.17,66.33,49.75,66.4,15,0,31.26,16.2517,"Base","DC01152"
24,25,"F","FALSE",15,155000,0.013171,156.67,271.7,21.74,16.3,62,15,0,73.43,13.0306,"Base","DC01153"
33,34,"F","FALSE",20,132000,0.041486,333.9,467.1,37.37,28.03,52.8,15,0,39.89,16.4005,"Base","DC01154"
46,47,"F","FALSE",24,47000,0.188955,496.69,616.85,49.35,37.01,18.8,15,0,24.19,17.8801,"Base","DC01155"
46,47,"H","FALSE",10,75000,0.069738,587.83,735.85,58.87,44.15,30,15,0,25.18,8.8976,"Base","DC01156"
52,53,"H","FALSE",5,326000,0.050319,3478.98,4214.39,337.15,252.86,130.4,15,0,21.14,4.7152,"Base","DC01157"
51,52,"F","FALSE",19,168000,0.192123,2187.06,2638.68,211.09,158.32,67.2,15,0,20.65,14.758,"Base","DC01158"
20,21,"H","FALSE",20,145000,0.026946,237.14,360.62,28.85,21.64,58,15,0,52.07,16.4767,"Base","DC01159"
51,52,"F","FALSE",15,187000,0.130339,1963.55,2387.61,191.01,143.26,74.8,15,0,21.6,12.4129,"Base","DC01160"
33,34,"H","FALSE",20,170000,0.066956,701.83,912.59,73.01,54.76,68,15,0,30.03,16.2184,"Base","DC01161"
52,53,"H","FALSE",18,169000,0.271351,3386.92,4034.33,322.75,242.06,67.6,15,0,19.11,13.5398,"Base","DC01162"
39,43,"H","TRUE",25,259000,0.210274,2985.73,3609.69,288.78,216.58,103.6,15,0,20.9,18.2404,"Base","DC01163"
22,23,"H","FALSE",15,231000,0.020182,358.97,542.29,43.38,32.54,92.4,15,0,51.07,12.9875,"Base","DC01164"
22,23,"H","FALSE",30,373000,0.062275,1043.43,1404.22,112.34,84.25,149.2,15,0,34.58,22.2615,"Base","DC01165"
42,43,"H","FALSE",15,142000,0.088326,993.27,1238.45,99.08,74.31,56.8,15,0,24.68,12.6273,"Base","DC01166"
52,53,"F","FALSE",5,192000,0.032433,1311.35,1631.57,130.53,97.89,76.8,15,0,24.42,4.7486,"Base","DC01167"
25,26,"H","FALSE",10,33000,0.014315,51.88,93.12,7.45,5.59,13.2,15,0,79.48,9.1048,"Base","DC01168"
25,26,"F","FALSE",25,383000,0.032819,639.72,939.44,75.16,56.37,153.2,15,0,46.85,19.6488,"Base","DC01169"
33,34,"H","FALSE",10,281000,0.024059,745.46,1014.96,81.2,60.9,112.4,15,0,36.15,9.0688,"Base","DC01170"
39,40,"F","FALSE",5,130000,0.009846,267.24,388.65,31.09,23.32,52,15,0,45.43,4.7896,"Base","DC01171"
27,30,"F","TRUE",10,565000,0.010659,660.28,1048,83.84,62.88,226,15,0,58.72,9.1206,"Base","DC01172"
28,29,"F","FALSE",25,127000,0.041816,271.17,391.83,31.35,23.51,50.8,15,0,44.49,19.5841,"Base","DC01173"
55,56,"H","FALSE",15,192000,0.265771,4392.24,5214,417.12,312.84,76.8,15,0,18.71,11.6178,"Base","DC01174"
58,59,"H","FALSE",12,53000,0.252261,1390.01,1658.38,132.67,99.5,21.2,15,0,19.31,9.6185,"Base","DC01175"
34,35,"H","FALSE",10,87000,0.025906,248.72,347.11,27.77,20.83,34.8,15,0,39.56,9.062,"Base","DC01177"
26,27,"H","FALSE",15,97000,0.025642,191.94,285.74,22.86,17.14,38.8,15,0,48.87,12.9591,"Base","DC01178"
48,51,"F","TRUE",10,568000,0.064957,4136.39,5091.38,407.31,305.48,227.2,15,0,23.09,8.9198,"Base","DC01179"
34,35,"F","FALSE",20,342000,0.045239,944.74,1275.05,102,76.5,136.8,15,0,34.96,16.3768,"Base","DC01180"
49,50,"H","FALSE",15,93000,0.161173,1225.94,1486.21,118.9,89.17,37.2,15,0,21.23,12.2266,"Base","DC01181"
35,39,"H","TRUE",10,293000,0.035391,1148.78,1489.51,119.16,89.37,117.2,15,0,29.66,9.0267,"Base","DC01182"
36,37,"H","FALSE",15,305000,0.053504,1273.6,1640.23,131.22,98.41,122,15,0,28.79,12.813,"Base","DC01183"
20,21,"F","FALSE",25,228000,0.022739,262.89,429.18,34.33,25.75,91.2,15,0,63.25,19.7207,"Base","DC01184"
38,39,"H","FALSE",30,151000,0.218058,1575.12,1919.22,153.54,115.15,60.4,15,0,21.85,20.9042,"Base","DC01185"
27,28,"F","FALSE",15,181000,0.016109,224.03,362.12,28.97,21.73,72.4,15,0,61.64,13.0155,"Base","DC01186"
30,31,"H","FALSE",20,274000,0.052947,889.51,1179.19,94.34,70.75,109.6,15,0,32.57,16.3095,"Base","DC01187"
29,30,"H","FALSE",15,115000,0.031395,279.25,395.64,31.65,23.74,46,15,0,41.68,12.9291,"Base","DC01188"
46,47,"H","FALSE",24,446000,0.267987,6956.37,8313.69,665.1,498.82,178.4,15,0,19.51,17.1817,"Base","DC01189"
47,48,"H","FALSE",23,138000,0.269491,2241.31,2687.8,215.02,161.27,55.2,15,0,19.92,16.5929,"Base","DC01190"
21,22,"H","FALSE",15,332000,0.019121,488.59,739.99,59.2,44.4,132.8,15,0,51.45,12.993,"Base","DC01191"
45,46,"F","FALSE",15,181000,0.074508,1060.87,1335.2,106.82,80.11,72.4,15,0,25.86,12.7123,"Base","DC01192"
27,28,"H","FALSE",20,95000,0.042396,245.92,347.58,27.81,20.85,38,15,0,41.34,16.3777,"Base","DC01193"
49,50,"H","FALSE",20,144000,0.251283,2422.38,2901.14,232.09,174.07,57.6,15,0,19.76,14.9377,"Base","DC01194"
47,48,"F","FALSE",15,220000,0.089796,1563.99,1938.37,155.07,116.3,88,15,0,23.94,12.6312,"Base","DC01195"
35,39,"H","TRUE",10,1e+05,0.035391,392.08,519.86,41.59,31.19,40,15,0,32.59,9.0267,"Base","DC01196"
51,54,"F","TRUE",15,99000,0.1567,1264.52,1533.86,122.71,92.03,39.6,15,0,21.3,12.2681,"Base","DC01197"
42,43,"F","FALSE",10,227000,0.030744,771.41,1020.01,81.6,61.2,90.8,15,0,32.23,9.0469,"Base","DC01198"
56,60,"H","TRUE",14,227000,0.332341,7149.91,8436.88,674.95,506.21,90.8,15,0,18,10.5514,"Base","DC01199"
26,29,"F","TRUE",10,322000,0.00996,351.54,575.98,46.08,34.56,128.8,15,0,63.84,9.1231,"Base","DC01200"
56,57,"H","FALSE",14,220000,0.262304,5264.92,6241.76,499.34,374.51,88,15,0,18.55,10.9606,"Base","DC01201"
31,32,"H","FALSE",10,286000,0.020864,657.12,914.56,73.17,54.87,114.4,15,0,39.18,9.0806,"Base","DC01202"
25,26,"F","FALSE",20,105000,0.021881,139.04,227.95,18.24,13.68,42,15,0,63.95,16.5239,"Base","DC01203"
49,50,"F","FALSE",20,481000,0.175767,5449.58,6577.88,526.23,394.67,192.4,15,0,20.7,15.5139,"Base","DC01204"
36,37,"F","FALSE",15,238000,0.032945,606.45,833.31,66.67,50,95.2,15,0,37.41,12.9291,"Base","DC01205"
42,43,"H","FALSE",15,125000,0.088326,874.36,1092.28,87.38,65.54,50,15,0,24.92,12.6273,"Base","DC01206"
56,60,"H","TRUE",10,109000,0.21791,2857.3,3390.58,271.25,203.43,43.6,15,0,18.66,8.3128,"Base","DC01207"
57,58,"H","FALSE",10,57000,0.183635,1238.35,1483.9,118.71,89.03,22.8,15,0,19.83,8.4525,"Base","DC01208"
47,48,"F","FALSE",15,259000,0.089796,1841.25,2278.89,182.31,136.73,103.6,15,0,23.77,12.6312,"Base","DC01209"
20,21,"F","FALSE",10,392000,0.006357,272.77,516.95,41.36,31.02,156.8,15,0,89.51,9.1363,"Base","DC01211"
41,42,"H","FALSE",10,124000,0.045341,625.43,802.36,64.19,48.14,49.6,15,0,28.29,8.9895,"Base","DC01212"
40,41,"F","FALSE",15,197000,0.047002,720.22,946.54,75.72,56.79,78.8,15,0,31.42,12.8563,"Base","DC01213"
20,21,"H","FALSE",10,268000,0.01116,328.08,523.58,41.89,31.42,107.2,15,0,59.59,9.1165,"Base","DC01215"
57,58,"H","FALSE",13,407000,0.257846,10194.17,12060.42,964.83,723.63,162.8,15,0,18.31,10.2944,"Base","DC01216"
31,34,"F","TRUE",25,128000,0.064246,423.43,569.33,45.55,34.16,51.2,15,0,34.46,19.4213,"Base","DC01217"
54,55,"H","FALSE",10,394000,0.141352,6460.1,7712.44,616.99,462.75,157.6,15,0,19.39,8.621,"Base","DC01218"
48,49,"H","FALSE",22,217000,0.270682,3671.86,4387.98,351.04,263.28,86.8,15,0,19.5,15.9968,"Base","DC01219"
50,51,"H","FALSE",20,210000,0.271944,3863.11,4607.11,368.57,276.43,84,15,0,19.26,14.783,"Base","DC01220"
20,21,"H","FALSE",10,230000,0.01116,281.56,451.82,36.15,27.11,92,15,0,60.47,9.1165,"Base","DC01221"
43,44,"F","FALSE",10,91000,0.033681,339.2,454.18,36.33,27.25,36.4,15,0,33.9,9.0361,"Base","DC01222"
22,23,"H","FALSE",10,116000,0.012238,155.79,252.55,20.2,15.15,46.4,15,0,62.11,9.1125,"Base","DC01223"
21,22,"H","FALSE",15,50000,0.019121,73.58,126.26,10.1,7.58,20,15,0,71.59,12.993,"Base","DC01225"
25,26,"H","FALSE",15,59000,0.02407,109.52,172.23,13.78,10.33,23.6,15,0,57.26,12.9673,"Base","DC01227"
57,58,"H","FALSE",13,134000,0.257846,3356.31,3982.45,318.6,238.95,53.6,15,0,18.66,10.2944,"Base","DC01228"
41,42,"H","FALSE",20,47000,0.129754,385.98,488.11,39.05,29.29,18.8,15,0,26.46,15.8,"Base","DC01229"
26,27,"F","FALSE",30,338000,0.052592,794.11,1098.03,87.84,65.88,135.2,15,0,38.27,22.3848,"Base","DC01230"
31,32,"F","FALSE",5,212000,0.005347,236.26,390.77,31.26,23.45,84.8,15,0,65.4,4.7977,"Base","DC01231"
48,49,"F","FALSE",20,81000,0.160705,833.5,1024.3,81.94,61.46,32.4,15,0,22.89,15.6173,"Base","DC01232"
20,21,"F","FALSE",10,196000,0.006357,136.39,267.19,21.38,16.03,78.4,15,0,95.91,9.1363,"Base","DC01233"
32,33,"F","FALSE",20,274000,0.038089,635.52,883.86,70.71,53.03,109.6,15,0,39.08,16.422,"Base","DC01234"
50,51,"H","FALSE",20,47000,0.271944,864.6,1044.65,83.57,62.68,18.8,15,0,20.82,14.783,"Base","DC01235"
54,58,"H","TRUE",16,132000,0.338918,3789.87,4485.66,358.85,269.14,52.8,15,0,18.36,11.8044,"Base","DC01236"
44,45,"H","FALSE",10,138000,0.058587,904.38,1133.24,90.66,67.99,55.2,15,0,25.3,8.9398,"Base","DC01237"
59,63,"H","TRUE",5,2e+05,0.12558,5491.79,6496.27,519.7,389.78,80,15,0,18.29,4.5734,"Base","DC01238"
44,47,"F","TRUE",10,90000,0.044493,445.13,576.89,46.15,34.61,36,15,0,29.6,8.9961,"Base","DC01239"
34,35,"F","FALSE",10,241000,0.015472,409.62,605.83,48.47,36.35,96.4,15,0,47.9,9.103,"Base","DC01240"
56,57,"H","FALSE",14,124000,0.262304,2967.5,3525.7,282.06,211.54,49.6,15,0,18.81,10.9606,"Base","DC01241"
30,31,"H","FALSE",20,1e+05,0.052947,324.64,441.44,35.32,26.49,40,15,0,35.98,16.3095,"Base","DC01242"
43,44,"H","FALSE",15,58000,0.096223,443.47,560.08,44.81,33.6,23.2,15,0,26.3,12.5847,"Base","DC01243"
38,39,"F","FALSE",10,27000,0.021568,64.13,104.57,8.37,6.27,10.8,15,0,63.06,9.0807,"Base","DC01244"
54,55,"F","FALSE",5,108000,0.039382,898.09,1111.96,88.96,66.72,43.2,15,0,23.81,4.7359,"Base","DC01245"
52,53,"F","FALSE",18,523000,0.191779,7110.34,8528.54,682.28,511.71,209.2,15,0,19.95,14.1063,"Base","DC01246"
60,61,"H","FALSE",10,240000,0.237053,6909.92,8163.86,653.11,489.83,96,15,0,18.15,8.2335,"Base","DC01247"
44,45,"F","FALSE",15,83000,0.06789,442.05,570.06,45.6,34.2,33.2,15,0,28.96,12.7471,"Base","DC01248"
36,37,"F","FALSE",15,182000,0.032945,463.76,641.34,51.31,38.48,72.8,15,0,38.29,12.9291,"Base","DC01249"
58,59,"F","FALSE",12,41000,0.178206,731.5,887.1,70.97,53.23,16.4,15,0,21.27,9.9882,"Base","DC01250"
31,35,"H","TRUE",15,256000,0.045613,908.4,1192.79,95.42,71.57,102.4,15,0,31.31,12.8546,"Base","DC01251"
51,52,"H","FALSE",15,457000,0.191007,7239.63,8648.17,691.85,518.89,182.8,15,0,19.46,12.0573,"Base","DC01255"
40,43,"F","TRUE",20,116000,0.092983,671.21,851.88,68.15,51.11,46.4,15,0,26.92,16.0695,"Base","DC01256"
56,57,"H","FALSE",10,147000,0.168387,2907.4,3466.51,277.32,207.99,58.8,15,0,19.23,8.5138,"Base","DC01257"
38,41,"F","TRUE",10,64000,0.025691,181.37,258.1,20.65,15.49,25.6,15,0,42.31,9.0655,"Base","DC01258"
46,47,"H","FALSE",5,123000,0.029421,761.26,959.84,76.79,57.59,49.2,15,0,26.09,4.7536,"Base","DC01259"
46,47,"H","FALSE",20,370000,0.197005,4754.12,5717.59,457.41,343.06,148,15,0,20.27,15.3323,"Base","DC01260"
21,22,"F","FALSE",20,68000,0.01667,68.47,128.68,10.29,7.72,27.2,15,0,87.95,16.5564,"Base","DC01261"
46,50,"H","TRUE",24,131000,0.335535,2650.15,3159.95,252.8,189.6,52.4,15,0,19.24,16.5859,"Base","DC01262"
23,24,"F","FALSE",15,101000,0.012377,95.9,175.93,14.07,10.56,40.4,15,0,83.45,13.0346,"Base","DC01264"
47,48,"H","FALSE",20,449000,0.213842,6311.95,7565.75,605.26,453.95,179.6,15,0,19.86,15.2117,"Base","DC01265"
26,27,"H","FALSE",5,127000,0.006883,182.33,288.52,23.08,17.31,50.8,15,0,58.24,4.7946,"Base","DC01266"
50,51,"F","FALSE",10,93000,0.064957,677.26,848.21,67.86,50.89,37.2,15,0,25.24,8.9198,"Base","DC01267"
47,48,"H","FALSE",15,163000,0.135767,1789.25,2173.78,173.9,130.43,65.2,15,0,21.49,12.3683,"Base","DC01268"
32,33,"F","FALSE",10,132000,0.013245,191.89,301.96,24.16,18.12,52.8,15,0,57.36,9.1111,"Base","DC01269"
45,46,"H","FALSE",25,213000,0.266208,3192.12,3828.28,306.26,229.7,85.2,15,0,19.93,17.7632,"Base","DC01270"
29,30,"H","FALSE",25,152000,0.07329,576.55,758.55,60.68,45.51,60.8,15,0,31.57,19.3219,"Base","DC01271"
20,21,"H","FALSE",15,64000,0.01816,89.42,151.18,12.09,9.07,25.6,15,0,69.08,12.998,"Base","DC01272"
60,61,"H","FALSE",5,80000,0.104673,1815.15,2165.29,173.22,129.92,32,15,0,19.29,4.6133,"Base","DC01273"
22,25,"F","TRUE",10,121000,0.00779,103.23,193.75,15.5,11.63,48.4,15,0,87.69,9.1311,"Base","DC01274"
20,23,"F","TRUE",15,94000,0.011661,84.07,158.92,12.71,9.54,37.6,15,0,89.03,13.0383,"Base","DC01275"
26,27,"F","FALSE",25,65000,0.035523,117.63,184.45,14.76,11.07,26,15,0,56.81,19.6294,"Base","DC01276"
28,29,"H","FALSE",10,189000,0.017108,355.54,518.77,41.5,31.13,75.6,15,0,45.91,9.0945,"Base","DC01277"
21,22,"F","FALSE",20,162000,0.01667,163.11,282.46,22.6,16.95,64.8,15,0,73.17,16.5564,"Base","DC01278"
33,37,"H","TRUE",15,141000,0.053504,588.78,767.65,61.41,46.06,56.4,15,0,30.38,12.813,"Base","DC01279"
40,41,"H","FALSE",25,430000,0.178906,4158.75,5053.2,404.26,303.19,172,15,0,21.51,18.4982,"Base","DC01280"
37,38,"H","FALSE",15,354000,0.058045,1606.7,2050.35,164.03,123.02,141.6,15,0,27.61,12.789,"Base","DC01282"
31,32,"H","FALSE",15,77000,0.036276,216.47,304.97,24.4,18.3,30.8,15,0,40.88,12.9036,"Base","DC01283"
41,42,"F","FALSE",20,45000,0.084844,236.81,313.73,25.1,18.82,18,15,0,32.48,16.1225,"Base","DC01284"
47,51,"H","TRUE",20,111000,0.271944,2041.93,2443.41,195.47,146.6,44.4,15,0,19.66,14.783,"Base","DC01285"
44,45,"F","FALSE",25,189000,0.171874,1746.18,2135.79,170.86,128.15,75.6,15,0,22.31,18.6029,"Base","DC01286"
60,61,"H","FALSE",10,507000,0.237053,14597.2,17226.75,1378.14,1033.6,202.8,15,0,18.01,8.2335,"Base","DC01287"
54,58,"H","TRUE",10,143000,0.183635,3106.74,3696.44,295.72,221.79,57.2,15,0,18.98,8.4525,"Base","DC01288"
45,46,"H","FALSE",20,171000,0.181367,2008.27,2432.17,194.57,145.93,68.4,15,0,21.11,15.4431,"Base","DC01289"
28,29,"F","FALSE",20,49000,0.027455,81.59,135.1,10.81,8.11,19.6,15,0,65.59,16.489,"Base","DC01290"
52,55,"F","TRUE",10,480000,0.095105,5184.1,6268.72,501.5,376.12,192,15,0,20.92,8.8059,"Base","DC01291"
33,34,"H","FALSE",10,27000,0.024059,71.63,113.29,9.06,6.8,10.8,15,0,58.16,9.0688,"Base","DC01292"
46,49,"F","TRUE",10,169000,0.053721,1013.07,1274.04,101.92,76.44,67.6,15,0,25.76,8.9618,"Base","DC01293"
31,32,"H","FALSE",20,59000,0.057186,207.22,285.84,22.87,17.15,23.6,15,0,37.94,16.282,"Base","DC01294"
33,34,"F","FALSE",25,390000,0.064246,1290.12,1698.98,135.92,101.94,156,15,0,31.69,19.4213,"Base","DC01295"
31,35,"H","TRUE",10,190000,0.025906,543.17,737.41,58.99,44.24,76,15,0,35.76,9.062,"Base","DC01296"
51,55,"H","TRUE",15,172000,0.245077,3590.04,4271.91,341.75,256.31,68.8,15,0,18.99,11.7417,"Base","DC01297"
39,43,"H","TRUE",10,211000,0.049345,1160.15,1464.59,117.17,87.88,84.4,15,0,26.24,8.9745,"Base","DC01298"
42,43,"H","FALSE",25,154000,0.210274,1775.3,2153.37,172.27,129.2,61.6,15,0,21.3,18.2404,"Base","DC01299"
41,42,"F","FALSE",10,90000,0.028089,279.13,383.88,30.71,23.03,36,15,0,37.52,9.0567,"Base","DC01300"
23,24,"H","FALSE",20,450000,0.032315,884.4,1255.11,100.41,75.31,180,15,0,41.92,16.4424,"Base","DC01301"
32,33,"F","FALSE",20,379000,0.038089,879.05,1215.88,97.27,72.95,151.6,15,0,38.32,16.422,"Base","DC01302"
24,25,"F","FALSE",25,276000,0.030375,426.29,641.49,51.32,38.49,110.4,15,0,50.48,19.6663,"Base","DC01303"
55,56,"H","FALSE",5,199000,0.066188,2810.96,3378.56,270.28,202.71,79.6,15,0,20.19,4.6857,"Base","DC01304"
39,40,"H","FALSE",15,350000,0.068512,1883.19,2369.99,189.6,142.2,140,15,0,25.85,12.7334,"Base","DC01305"
52,53,"H","FALSE",18,131000,0.271351,2625.37,3131.12,250.49,187.87,52.4,15,0,19.26,13.5398,"Base","DC01306"
49,53,"H","TRUE",5,39000,0.050319,416.2,519.53,41.56,31.17,15.6,15,0,24.83,4.7152,"Base","DC01307"
28,29,"F","FALSE",15,106000,0.017309,141.03,230.74,18.46,13.84,42.4,15,0,63.6,13.0094,"Base","DC01308"
28,31,"F","TRUE",20,77000,0.032237,150.82,228.62,18.29,13.72,30.8,15,0,51.59,16.4589,"Base","DC01309"
32,35,"F","TRUE",10,187000,0.015472,317.83,473.99,37.92,28.44,74.8,15,0,49.13,9.103,"Base","DC01310"
60,61,"F","FALSE",10,57000,0.167242,1118.12,1344.09,107.53,80.65,22.8,15,0,20.21,8.5257,"Base","DC01311"
53,54,"H","FALSE",10,207000,0.12943,3090.99,3707.89,296.63,222.47,82.8,15,0,19.96,8.6678,"Base","DC01312"
50,51,"H","FALSE",20,206000,0.271944,3789.53,4519.69,361.57,271.18,82.4,15,0,19.27,14.783,"Base","DC01313"
48,49,"F","FALSE",20,329000,0.160705,3385.46,4107.05,328.56,246.42,131.6,15,0,21.31,15.6173,"Base","DC01314"
46,47,"H","FALSE",5,357000,0.029421,2209.51,2752.69,220.21,165.16,142.8,15,0,24.58,4.7536,"Base","DC01315"
28,32,"H","TRUE",30,85000,0.124808,488.03,624.45,49.96,37.47,34,15,0,27.95,21.7378,"Base","DC01316"
47,48,"H","FALSE",10,501000,0.076139,4298.92,5249.21,419.94,314.95,200.4,15,0,22.11,8.8733,"Base","DC01317"
34,37,"F","TRUE",15,177000,0.032945,451.02,624.2,49.94,37.45,70.8,15,0,38.4,12.9291,"Base","DC01318"
31,32,"F","FALSE",25,90000,0.053941,249,348.84,27.91,20.93,36,15,0,40.09,19.4964,"Base","DC01319"
37,38,"H","FALSE",30,56000,0.20163,536.25,667.03,53.36,40.02,22.4,15,0,24.39,21.0562,"Base","DC01320"
34,35,"F","FALSE",15,647000,0.027774,1387,1931.17,154.49,115.87,258.8,15,0,39.23,12.9557,"Base","DC01321"
35,36,"F","FALSE",15,261000,0.030228,609.56,847.63,67.81,50.86,104.4,15,0,39.06,12.9431,"Base","DC01322"
42,43,"H","FALSE",10,372000,0.049345,2045.38,2568.81,205.5,154.13,148.8,15,0,25.59,8.9745,"Base","DC01323"
31,32,"H","FALSE",15,1e+05,0.036276,281.13,390.85,31.27,23.45,40,15,0,39.03,12.9036,"Base","DC01324"
59,60,"H","FALSE",11,270000,0.245391,7417.84,8768.42,701.47,526.11,108,15,0,18.21,8.9319,"Base","DC01325"
30,31,"H","FALSE",20,45000,0.052947,146.09,208.24,16.66,12.49,18,15,0,42.55,16.3095,"Base","DC01326"
37,38,"H","FALSE",10,84000,0.032665,303.63,409.57,32.77,24.57,33.6,15,0,34.89,9.0369,"Base","DC01327"
32,33,"F","FALSE",5,113000,0.005727,134.91,226.87,18.15,13.61,45.2,15,0,68.17,4.797,"Base","DC01328"
34,35,"H","FALSE",15,13000,0.045613,46.13,77.13,6.17,4.63,5.2,15,0,67.2,12.8546,"Base","DC01329"
58,59,"H","FALSE",12,69000,0.252261,1809.64,2153.76,172.3,129.23,27.6,15,0,19.02,9.6185,"Base","DC01330"
23,27,"H","TRUE",10,231000,0.015155,384.64,572.14,45.77,34.33,92.4,15,0,48.75,9.1017,"Base","DC01331"
58,62,"H","TRUE",10,113000,0.257598,3572.8,4224.41,337.95,253.46,45.2,15,0,18.24,8.1473,"Base","DC01333"
42,43,"F","FALSE",15,134000,0.056427,590.38,766.26,61.3,45.98,53.6,15,0,29.79,12.8072,"Base","DC01334"
56,57,"F","FALSE",14,81000,0.185418,1317.13,1586.67,126.93,95.2,32.4,15,0,20.46,11.4027,"Base","DC01335"
32,36,"H","TRUE",10,146000,0.027944,450.59,609.29,48.74,36.56,58.4,15,0,35.22,9.0544,"Base","DC01336"
47,48,"F","FALSE",5,190000,0.020133,801.78,1038.12,83.05,62.29,76,15,0,29.48,4.771,"Base","DC01337"
39,40,"F","FALSE",20,83000,0.070692,361.87,476.83,38.15,28.61,33.2,15,0,31.77,16.2141,"Base","DC01338"
33,34,"H","FALSE",10,89000,0.024059,236.11,333.38,26.67,20,35.6,15,0,41.2,9.0688,"Base","DC01339"
50,53,"F","TRUE",10,2e+05,0.078598,1772.54,2171.56,173.73,130.29,80,15,0,22.51,8.8684,"Base","DC01340"
42,45,"F","TRUE",25,57000,0.171874,526.63,656.31,52.5,39.38,22.8,15,0,24.63,18.6029,"Base","DC01341"
25,26,"H","FALSE",10,477000,0.014315,749.94,1111.32,88.91,66.68,190.8,15,0,48.19,9.1048,"Base","DC01342"
53,54,"H","FALSE",17,435000,0.270197,9106.35,10808.55,864.68,648.51,174,15,0,18.69,12.907,"Base","DC01343"
49,50,"H","FALSE",15,183000,0.161173,2412.33,2907.59,232.61,174.46,73.2,15,0,20.53,12.2266,"Base","DC01344"
49,50,"F","FALSE",10,152000,0.059065,1004.03,1255.62,100.45,75.34,60.8,15,0,25.06,8.9418,"Base","DC01345"
26,27,"F","FALSE",10,54000,0.008763,51.84,102.84,8.23,6.17,21.6,15,0,98.37,9.1275,"Base","DC01346"
33,34,"F","FALSE",30,29000,0.096557,127.11,178.73,14.3,10.72,11.6,15,0,40.61,22.0302,"Base","DC01347"
56,60,"H","TRUE",14,535000,0.332341,16851.12,19860.61,1588.85,1191.64,214,15,0,17.86,10.5514,"Base","DC01348"
27,28,"F","FALSE",10,41000,0.009331,41.92,85.26,6.82,5.12,16.4,15,0,103.37,9.1254,"Base","DC01349"
50,53,"F","TRUE",20,617000,0.228708,9319.87,11141.47,891.32,668.49,246.8,15,0,19.55,15.1411,"Base","DC01350"
22,23,"F","FALSE",20,195000,0.01778,209.49,351.74,28.14,21.1,78,15,0,67.9,16.5495,"Base","DC01351"
44,45,"F","FALSE",10,84000,0.03693,343.76,456.24,36.5,27.37,33.6,15,0,32.72,9.0241,"Base","DC01352"
51,52,"F","FALSE",15,161000,0.130339,1690.54,2058.07,164.65,123.48,64.4,15,0,21.74,12.4129,"Base","DC01353"
31,32,"H","FALSE",10,54000,0.020864,124.07,186.83,14.95,11.21,21.6,15,0,50.58,9.0806,"Base","DC01354"
38,39,"F","FALSE",25,140000,0.100475,734.43,936.55,74.92,56.19,56,15,0,27.52,19.1529,"Base","DC01355"
44,45,"H","FALSE",15,268000,0.104857,2241.34,2748.3,219.86,164.9,107.2,15,0,22.62,12.5379,"Base","DC01356"
32,33,"F","FALSE",10,133000,0.013245,193.34,304.12,24.33,18.25,53.2,15,0,57.3,9.1111,"Base","DC01357"
35,38,"F","TRUE",15,254000,0.035949,707.1,957.79,76.62,57.47,101.6,15,0,35.45,12.9136,"Base","DC01358"
24,25,"F","FALSE",15,110000,0.013171,111.18,197.89,15.83,11.87,44,15,0,77.98,13.0306,"Base","DC01359"
56,57,"H","FALSE",14,202000,0.262304,4834.15,5732.5,458.6,343.95,80.8,15,0,18.58,10.9606,"Base","DC01360"
27,31,"H","TRUE",10,199000,0.019487,426.82,606.3,48.5,36.38,79.6,15,0,42.05,9.0857,"Base","DC01361"
31,35,"H","TRUE",20,187000,0.072565,838.59,1079.52,86.36,64.77,74.8,15,0,28.73,16.1817,"Base","DC01362"
21,22,"H","FALSE",5,38000,0.005474,43.36,85.54,6.84,5.13,15.2,15,0,97.26,4.7972,"Base","DC01363"
52,53,"H","FALSE",15,298000,0.207736,5175.64,6174.23,493.94,370.45,119.2,15,0,19.29,11.9609,"Base","DC01364"
38,39,"F","FALSE",20,160000,0.064566,635.59,830.92,66.47,49.86,64,15,0,30.73,16.2535,"Base","DC01365"
31,32,"H","FALSE",10,351000,0.020864,806.47,1118.45,89.48,67.11,140.4,15,0,38.69,9.0806,"Base","DC01366"
34,38,"H","TRUE",15,167000,0.058045,757.97,976.47,78.12,58.59,66.8,15,0,28.83,12.789,"Base","DC01367"
42,45,"F","TRUE",20,348000,0.111695,2437.5,3013.61,241.09,180.82,139.2,15,0,23.64,15.9466,"Base","DC01368"
20,23,"F","TRUE",10,217000,0.007,166.29,311.73,24.94,18.7,86.8,15,0,87.46,9.1339,"Base","DC01369"
32,33,"H","FALSE",10,686000,0.022383,1691.98,2303.93,184.31,138.24,274.4,15,0,36.17,9.075,"Base","DC01370"
49,50,"H","FALSE",10,255000,0.090842,2627.22,3190.95,255.28,191.46,102,15,0,21.46,8.8172,"Base","DC01371"
21,24,"F","TRUE",10,224000,0.007374,180.87,331.94,26.56,19.92,89.6,15,0,83.52,9.1326,"Base","DC01372"
54,55,"F","FALSE",15,235000,0.171656,3310.59,3976.27,318.1,238.58,94,15,0,20.11,12.1849,"Base","DC01373"
20,21,"F","FALSE",10,275000,0.006357,191.36,367.86,29.43,22.07,110,15,0,92.24,9.1363,"Base","DC01374"
25,26,"H","FALSE",10,240000,0.014315,377.33,567.82,45.43,34.07,96,15,0,50.49,9.1048,"Base","DC01375"
60,61,"H","FALSE",10,142000,0.237053,4088.37,4837.4,386.99,290.24,56.8,15,0,18.32,8.2335,"Base","DC01376"
22,23,"H","FALSE",30,341000,0.062275,953.92,1285.25,102.82,77.12,136.4,15,0,34.73,22.2615,"Base","DC01377"
52,53,"H","FALSE",10,109000,0.118483,1482.66,1792.16,143.37,107.53,43.6,15,0,20.87,8.7105,"Base","DC01378"
56,57,"F","FALSE",10,439000,0.114995,5782.87,6945.89,555.67,416.75,175.6,15,0,20.11,8.7297,"Base","DC01379"
31,35,"H","TRUE",30,402000,0.158811,2977.46,3666.58,293.33,219.99,160.8,15,0,23.14,21.4418,"Base","DC01380"
25,26,"F","FALSE",15,220000,0.014051,237.31,395.71,31.66,23.74,88,15,0,66.75,13.0261,"Base","DC01381"
25,29,"H","TRUE",10,352000,0.017108,662.17,951.13,76.09,57.07,140.8,15,0,43.64,9.0945,"Base","DC01382"
33,34,"H","FALSE",10,230000,0.024059,610.17,833.91,66.71,50.03,92,15,0,36.67,9.0688,"Base","DC01383"
45,46,"H","FALSE",20,1e+05,0.181367,1174.43,1429.57,114.37,85.77,40,15,0,21.72,15.4431,"Base","DC01384"
53,54,"F","FALSE",15,153000,0.1567,1954.26,2361,188.88,141.66,61.2,15,0,20.81,12.2681,"Base","DC01385"
54,57,"F","TRUE",15,32000,0.20547,548.21,669.77,53.58,40.19,12.8,15,0,22.18,11.9937,"Base","DC01387"
36,37,"H","FALSE",20,59000,0.085452,313.21,409.08,32.73,24.54,23.6,15,0,30.61,16.0969,"Base","DC01388"
55,56,"H","FALSE",15,90000,0.265771,2058.86,2453.33,196.27,147.2,36,15,0,19.16,11.6178,"Base","DC01389"
20,21,"F","FALSE",20,436000,0.01567,412.5,699.88,55.99,41.99,174.4,15,0,69.67,16.5627,"Base","DC01390"
59,60,"H","FALSE",10,73000,0.21791,1913.61,2276.52,182.12,136.59,29.2,15,0,18.96,8.3128,"Base","DC01391"
37,38,"H","FALSE",10,94000,0.032665,339.77,456.25,36.5,27.37,37.6,15,0,34.28,9.0369,"Base","DC01392"
36,37,"H","FALSE",10,64000,0.03019,213.59,295.57,23.65,17.73,25.6,15,0,38.38,9.0461,"Base","DC01393"
41,45,"H","TRUE",20,37000,0.16688,397.22,496.53,39.72,29.79,14.8,15,0,25,15.5445,"Base","DC01394"
21,22,"F","FALSE",5,357000,0.003105,230.83,451.89,36.15,27.11,142.8,15,0,95.77,4.8018,"Base","DC01395"
45,46,"H","FALSE",5,213000,0.026969,1207.29,1520.34,121.63,91.22,85.2,15,0,25.93,4.7581,"Base","DC01396"
39,40,"H","FALSE",30,204000,0.23561,2317.58,2807.18,224.57,168.43,81.6,15,0,21.13,20.7391,"Base","DC01397"
26,30,"H","TRUE",5,171000,0.008134,290.23,434.45,34.76,26.07,68.4,15,0,49.69,4.7924,"Base","DC01398"
57,58,"H","FALSE",5,163000,0.079518,2780.94,3326.91,266.15,199.61,65.2,15,0,19.63,4.6608,"Base","DC01399"
21,25,"H","TRUE",10,246000,0.013553,366.07,557.52,44.6,33.45,98.4,15,0,52.3,9.1077,"Base","DC01400"
54,55,"F","FALSE",16,75000,0.189725,1113.91,1347.57,107.81,80.85,30,15,0,20.98,12.7743,"Base","DC01401"
30,34,"H","TRUE",20,57000,0.066956,235.32,317.58,25.41,19.05,22.8,15,0,34.96,16.2184,"Base","DC01402"
25,26,"H","FALSE",20,160000,0.03687,359.41,509.78,40.78,30.59,64,15,0,41.84,16.4132,"Base","DC01403"
28,29,"H","FALSE",10,150000,0.017108,282.18,415.32,33.23,24.92,60,15,0,47.19,9.0945,"Base","DC01404"
22,23,"F","FALSE",15,1e+05,0.011661,89.44,167.95,13.44,10.08,40,15,0,87.79,13.0383,"Base","DC01405"
42,45,"F","TRUE",15,173000,0.06789,921.38,1169.28,93.54,70.16,69.2,15,0,26.91,12.7471,"Base","DC01406"
51,52,"H","FALSE",10,165000,0.108445,2045.1,2472.21,197.78,148.33,66,15,0,20.88,8.7494,"Base","DC01407"
53,54,"H","FALSE",15,49000,0.225744,932.99,1125.11,90.01,67.51,19.6,15,0,20.59,11.8559,"Base","DC01408"
29,33,"H","TRUE",20,220000,0.061843,837.17,1093.22,87.46,65.59,88,15,0,30.59,16.2517,"Base","DC01409"
48,52,"H","TRUE",15,125000,0.191007,1980.2,2378.14,190.25,142.69,50,15,0,20.1,12.0573,"Base","DC01410"
23,24,"H","FALSE",15,71000,0.021353,116.79,186.26,14.9,11.18,28.4,15,0,59.49,12.9814,"Base","DC01411"
31,34,"F","TRUE",20,132000,0.041486,333.9,467.1,37.37,28.03,52.8,15,0,39.89,16.4005,"Base","DC01412"
47,48,"F","FALSE",20,101000,0.146834,943.9,1161.98,92.96,69.72,40.4,15,0,23.1,15.7116,"Base","DC01413"
39,40,"H","FALSE",5,180000,0.016373,616.89,818.48,65.48,49.11,72,15,0,32.68,4.7774,"Base","DC01414"
42,43,"F","FALSE",25,143000,0.143942,1093.62,1355.61,108.45,81.34,57.2,15,0,23.96,18.8217,"Base","DC01415"
48,49,"F","FALSE",20,155000,0.160705,1594.97,1944.15,155.53,116.65,62,15,0,21.89,15.6173,"Base","DC01416"
46,47,"F","FALSE",15,105000,0.081791,677.63,854.22,68.34,51.25,42,15,0,26.06,12.6738,"Base","DC01417"
53,57,"H","TRUE",15,180000,0.287848,4511.96,5347.63,427.81,320.86,72,15,0,18.52,11.4834,"Base","DC01418"
40,44,"H","TRUE",20,206000,0.153487,2021.97,2464.38,197.15,147.86,82.4,15,0,21.88,15.6375,"Base","DC01419"
57,58,"F","FALSE",13,96000,0.182223,1634.73,1962.94,157.04,117.78,38.4,15,0,20.08,10.7011,"Base","DC01420"
22,25,"F","TRUE",10,30000,0.00779,25.59,61.16,4.89,3.67,12,15,0,138.95,9.1311,"Base","DC01421"
45,46,"H","FALSE",15,135000,0.114284,1235.61,1516.99,121.36,91.02,54,15,0,22.77,12.4865,"Base","DC01422"
31,32,"F","FALSE",25,226000,0.053941,625.28,849.62,67.97,50.98,90.4,15,0,35.88,19.4964,"Base","DC01423"
38,39,"H","FALSE",30,803000,0.218058,8376.33,10130.85,810.47,607.85,321.2,15,0,20.95,20.9042,"Base","DC01424"
29,30,"H","FALSE",25,289000,0.07329,1096.21,1426.53,114.12,85.59,115.6,15,0,30.13,19.3219,"Base","DC01425"
46,47,"H","FALSE",15,38000,0.124567,380.81,477.92,38.23,28.68,15.2,15,0,25.5,12.4301,"Base","DC01426"
59,60,"F","FALSE",10,773000,0.152432,13726.42,16337.93,1307.03,980.28,309.2,15,0,19.03,8.5842,"Base","DC01428"
25,26,"F","FALSE",5,431000,0.003737,335.48,608,48.64,36.48,172.4,15,0,81.23,4.8006,"Base","DC01429"
52,53,"F","FALSE",10,210000,0.078598,1861.17,2279.27,182.34,136.76,84,15,0,22.46,8.8684,"Base","DC01430"
51,52,"F","FALSE",19,71000,0.192123,924.29,1125.23,90.02,67.51,28.4,15,0,21.74,14.758,"Base","DC01431"
58,59,"H","FALSE",12,96000,0.252261,2517.75,2989.71,239.18,179.38,38.4,15,0,18.75,9.6185,"Base","DC01432"
49,50,"H","FALSE",20,123000,0.251283,2069.12,2480.6,198.45,148.84,49.2,15,0,19.89,14.9377,"Base","DC01433"
24,28,"H","TRUE",20,292000,0.042396,755.88,1032.19,82.57,61.93,116.8,15,0,36.55,16.3777,"Base","DC01434"
48,49,"H","FALSE",20,88000,0.231924,1353.37,1632.06,130.56,97.92,35.2,15,0,20.59,15.0803,"Base","DC01435"
48,51,"F","TRUE",20,101000,0.192085,1259.73,1529.22,122.34,91.75,40.4,15,0,21.39,15.4005,"Base","DC01436"
25,26,"H","FALSE",15,79000,0.02407,146.64,224.7,17.98,13.48,31.6,15,0,53.23,12.9673,"Base","DC01437"
25,26,"H","FALSE",15,103000,0.02407,191.19,287.66,23.01,17.26,41.2,15,0,50.46,12.9673,"Base","DC01438"
38,39,"H","FALSE",10,70000,0.035391,274.45,369.13,29.53,22.15,28,15,0,34.5,9.0267,"Base","DC01439"
45,46,"H","FALSE",10,586000,0.063902,4198.21,5171.64,413.73,310.3,234.4,15,0,23.19,8.9197,"Base","DC01440"
36,37,"F","FALSE",15,123000,0.032945,313.42,439.09,35.13,26.35,49.2,15,0,40.1,12.9291,"Base","DC01441"
31,35,"H","TRUE",20,156000,0.072565,699.57,903.45,72.28,54.21,62.4,15,0,29.14,16.1817,"Base","DC01442"
21,22,"H","FALSE",20,123000,0.028564,213.37,322.75,25.82,19.37,49.2,15,0,51.27,16.4664,"Base","DC01443"
53,54,"F","FALSE",15,345000,0.1567,4406.66,5301.93,424.15,318.12,138,15,0,20.32,12.2681,"Base","DC01445"
46,47,"H","FALSE",20,88000,0.197005,1130.71,1373.15,109.85,82.39,35.2,15,0,21.44,15.3323,"Base","DC01446"
53,57,"H","TRUE",10,528000,0.168387,10442.92,12405.95,992.48,744.36,211.2,15,0,18.8,8.5138,"Base","DC01447"
23,26,"F","TRUE",20,120000,0.021881,158.9,258.03,20.64,15.48,48,15,0,62.38,16.5239,"Base","DC01448"
56,60,"H","TRUE",14,124000,0.332341,3905.68,4616.61,369.33,277,49.6,15,0,18.2,10.5514,"Base","DC01450"
35,39,"H","TRUE",20,97000,0.100886,611.84,774,61.92,46.44,38.8,15,0,26.5,15.9944,"Base","DC01451"
21,22,"H","FALSE",10,155000,0.011673,198.5,320.35,25.63,19.22,62,15,0,61.38,9.1146,"Base","DC01452"
56,59,"F","TRUE",10,82000,0.138839,1318.09,1588.24,127.06,95.29,32.8,15,0,20.5,8.6374,"Base","DC01453"
38,41,"F","TRUE",5,231000,0.010718,517.08,726.14,58.09,43.57,92.4,15,0,40.43,4.788,"Base","DC01454"
47,48,"H","FALSE",15,128000,0.135767,1405.06,1710.77,136.86,102.65,51.2,15,0,21.76,12.3683,"Base","DC01455"
24,25,"H","FALSE",10,139000,0.013553,206.84,322.61,25.81,19.36,55.6,15,0,55.97,9.1077,"Base","DC01456"
32,33,"H","FALSE",20,129000,0.061843,490.89,648.24,51.86,38.89,51.6,15,0,32.06,16.2517,"Base","DC01457"
54,55,"H","FALSE",16,524000,0.268368,11464.19,13591.61,1087.33,815.5,209.6,15,0,18.56,12.2664,"Base","DC01458"
35,38,"F","TRUE",30,379000,0.137566,2403.95,2989.02,239.12,179.34,151.6,15,0,24.34,21.6882,"Base","DC01459"
55,56,"H","FALSE",10,157000,0.154315,2827.08,3377.76,270.22,202.67,62.8,15,0,19.48,8.5698,"Base","DC01460"
55,59,"H","TRUE",15,302000,0.33616,9079.6,10715.58,857.25,642.93,120.8,15,0,18.02,11.1811,"Base","DC01461"
55,56,"F","FALSE",10,237000,0.104593,2826.62,3414.44,273.16,204.87,94.8,15,0,20.8,8.7696,"Base","DC01462"
20,21,"F","FALSE",10,228000,0.006357,158.65,307.97,24.64,18.48,91.2,15,0,94.11,9.1363,"Base","DC01463"
47,51,"H","TRUE",20,34000,0.271944,625.46,760.53,60.84,45.63,13.6,15,0,21.6,14.783,"Base","DC01464"
37,38,"F","FALSE",30,418000,0.137566,2651.33,3294.8,263.58,197.69,167.2,15,0,24.27,21.6882,"Base","DC01465"
23,26,"F","TRUE",15,116000,0.014051,125.13,216.89,17.35,13.01,46.4,15,0,73.34,13.0261,"Base","DC01466"
59,60,"F","FALSE",11,288000,0.173255,5386.51,6414.78,513.18,384.89,115.2,15,0,19.09,9.2634,"Base","DC01467"
51,52,"F","FALSE",10,540000,0.07145,4337.4,5312.1,424.97,318.73,216,15,0,22.47,8.8954,"Base","DC01468"
29,33,"H","TRUE",20,102000,0.061843,388.14,516.21,41.3,30.97,40.8,15,0,33,16.2517,"Base","DC01469"
53,54,"F","FALSE",5,51000,0.035733,384.26,487.97,39.04,29.28,20.4,15,0,26.99,4.7426,"Base","DC01470"
40,41,"F","FALSE",20,513000,0.077433,2456.49,3112.43,248.99,186.75,205.2,15,0,26.7,16.1706,"Base","DC01471"
22,23,"H","FALSE",25,277000,0.043869,621.87,869.39,69.55,52.16,110.8,15,0,39.8,19.5407,"Base","DC01472"
39,40,"F","FALSE",15,66000,0.042945,220.1,304.07,24.33,18.24,26.4,15,0,38.15,12.8774,"Base","DC01473"
39,42,"F","TRUE",30,107000,0.194672,982.95,1210.17,96.81,72.61,42.8,15,0,23.12,21.1913,"Base","DC01474"
22,23,"H","FALSE",20,81000,0.030348,149.39,228.82,18.31,13.73,32.4,15,0,53.17,16.455,"Base","DC01475"
33,34,"F","FALSE",10,112000,0.014301,175.87,274.04,21.92,16.44,44.8,15,0,55.82,9.1073,"Base","DC01476"
34,35,"H","FALSE",20,311000,0.072565,1394.66,1783.79,142.7,107.03,124.4,15,0,27.9,16.1817,"Base","DC01477"
29,30,"F","FALSE",10,447000,0.010659,522.38,832.77,66.62,49.97,178.8,15,0,59.42,9.1206,"Base","DC01478"
24,25,"H","FALSE",15,251000,0.022645,438.08,643.58,51.49,38.61,100.4,15,0,46.91,12.9747,"Base","DC01479"
26,27,"F","FALSE",20,78000,0.023553,111.25,183.08,14.65,10.98,31.2,15,0,64.57,16.5134,"Base","DC01481"
35,36,"H","FALSE",20,146000,0.078715,711.99,913.25,73.06,54.79,58.4,15,0,28.27,16.1413,"Base","DC01482"
55,59,"H","TRUE",10,91000,0.200123,2171.69,2584.99,206.8,155.1,36.4,15,0,19.03,8.3857,"Base","DC01483"
42,43,"H","FALSE",25,65000,0.210274,749.32,918.97,73.52,55.14,26,15,0,22.64,18.2404,"Base","DC01484"
60,61,"F","FALSE",10,202000,0.167242,3962.46,4718.9,377.51,283.13,80.8,15,0,19.09,8.5257,"Base","DC01485"
32,33,"F","FALSE",20,189000,0.038089,438.37,615.08,49.21,36.9,75.6,15,0,40.31,16.422,"Base","DC01486"
52,53,"H","FALSE",15,204000,0.207736,3543.05,4232.16,338.57,253.93,81.6,15,0,19.45,11.9609,"Base","DC01487"
37,38,"F","FALSE",10,283000,0.019802,616.7,866.16,69.29,51.97,113.2,15,0,40.45,9.0871,"Base","DC01488"
44,45,"H","FALSE",10,436000,0.058587,2857.33,3542.71,283.42,212.56,174.4,15,0,23.99,8.9398,"Base","DC01489"
31,32,"H","FALSE",10,83000,0.020864,190.7,277.8,22.22,16.67,33.2,15,0,45.67,9.0806,"Base","DC01490"
36,37,"F","FALSE",15,184000,0.032945,468.85,648.2,51.86,38.89,73.6,15,0,38.25,12.9291,"Base","DC01491"
55,56,"H","FALSE",15,386000,0.265771,8830.23,10464.69,837.18,627.88,154.4,15,0,18.51,11.6178,"Base","DC01492"
31,32,"H","FALSE",20,130000,0.057186,456.59,608.82,48.71,36.53,52,15,0,33.34,16.282,"Base","DC01493"
58,62,"H","TRUE",12,106000,0.320888,3669.35,4333.42,346.67,260.01,42.4,15,0,18.1,9.2698,"Base","DC01494"
21,22,"F","FALSE",20,165000,0.01667,166.14,287.37,22.99,17.24,66,15,0,72.97,16.5564,"Base","DC01495"
58,59,"H","FALSE",5,59000,0.087158,1106.73,1331.77,106.54,79.91,23.6,15,0,20.33,4.6464,"Base","DC01496"
33,34,"F","FALSE",10,76000,0.014301,119.34,191.56,15.32,11.49,30.4,15,0,60.51,9.1073,"Base","DC01497"
36,37,"F","FALSE",10,146000,0.018208,292.36,425.3,34.02,25.52,58.4,15,0,45.47,9.093,"Base","DC01498"
48,49,"H","FALSE",15,165000,0.147948,1984.56,2401.81,192.15,144.11,66,15,0,21.03,12.3006,"Base","DC01499"
59,60,"H","FALSE",11,125000,0.245391,3434.19,4068.82,325.51,244.13,50,15,0,18.48,8.9319,"Base","DC01500"
53,54,"H","FALSE",15,205000,0.225744,3903.33,4651.55,372.12,279.09,82,15,0,19.17,11.8559,"Base","DC01501"
24,28,"H","TRUE",25,83000,0.06284,268.85,368.67,29.49,22.12,33.2,15,0,37.13,19.4001,"Base","DC01502"
23,24,"H","FALSE",15,198000,0.021353,325.69,488.24,39.06,29.29,79.2,15,0,49.91,12.9814,"Base","DC01503"
59,60,"H","FALSE",10,56000,0.21791,1467.97,1750.43,140.03,105.03,22.4,15,0,19.24,8.3128,"Base","DC01504"
26,27,"H","FALSE",10,165000,0.015155,274.74,413.66,33.09,24.82,66,15,0,50.56,9.1017,"Base","DC01505"
50,51,"F","FALSE",10,1e+05,0.064957,728.24,910.74,72.86,54.64,40,15,0,25.06,8.9198,"Base","DC01506"
27,28,"F","FALSE",10,165000,0.009331,168.71,290.36,23.23,17.42,66,15,0,72.11,9.1254,"Base","DC01507"
34,35,"F","FALSE",20,192000,0.045239,530.38,723.47,57.88,43.41,76.8,15,0,36.4,16.3768,"Base","DC01508"
41,42,"H","FALSE",20,72000,0.129754,591.28,738.47,59.08,44.31,28.8,15,0,24.89,15.8,"Base","DC01509"
30,31,"H","FALSE",15,184000,0.033718,480.3,661.51,52.92,39.69,73.6,15,0,37.73,12.917,"Base","DC01510"
37,38,"H","FALSE",10,224000,0.032665,809.67,1063.11,85.05,63.79,89.6,15,0,31.3,9.0369,"Base","DC01511"
43,44,"F","FALSE",20,210000,0.101913,1336.68,1669.39,133.55,100.16,84,15,0,24.89,16.0111,"Base","DC01512"
38,39,"H","FALSE",10,529000,0.035391,2074.08,2675.21,214.02,160.51,211.6,15,0,28.98,9.0267,"Base","DC01513"
22,23,"F","FALSE",10,355000,0.007,272.04,498.89,39.91,29.93,142,15,0,83.39,9.1339,"Base","DC01514"
60,61,"H","FALSE",5,190000,0.104673,4310.97,5118.57,409.49,307.11,76,15,0,18.73,4.6133,"Base","DC01515"
58,59,"F","FALSE",12,291000,0.178206,5191.9,6189.88,495.19,371.39,116.4,15,0,19.22,9.9882,"Base","DC01516"
47,48,"H","FALSE",15,620000,0.135767,6805.75,8219.48,657.56,493.17,248,15,0,20.77,12.3683,"Base","DC01517"
46,47,"H","FALSE",10,123000,0.069738,964.05,1195.64,95.65,71.74,49.2,15,0,24.02,8.8976,"Base","DC01518"
46,47,"F","FALSE",20,64000,0.134087,543.22,678.87,54.31,40.73,25.6,15,0,24.97,15.7975,"Base","DC01519"
21,25,"H","TRUE",10,1e+05,0.013553,148.81,236.99,18.96,14.22,40,15,0,59.26,9.1077,"Base","DC01520"
29,30,"F","FALSE",5,96000,0.004695,93.93,171.31,13.71,10.28,38.4,15,0,82.39,4.7989,"Base","DC01521"
46,47,"F","FALSE",10,614000,0.044493,3036.75,3834.13,306.73,230.05,245.6,15,0,26.26,8.9961,"Base","DC01522"
25,26,"H","FALSE",20,325000,0.03687,730.06,1017.51,81.4,61.05,130,15,0,39.37,16.4132,"Base","DC01523"
46,47,"F","FALSE",24,159000,0.188955,1680.3,2045.23,163.62,122.71,63.6,15,0,21.72,17.8801,"Base","DC01524"
49,50,"F","FALSE",15,76000,0.108228,656.31,815.95,65.28,48.96,30.4,15,0,24.32,12.5326,"Base","DC01525"
24,25,"H","FALSE",25,149000,0.050402,385.28,534.74,42.78,32.08,59.6,15,0,38.79,19.4924,"Base","DC01526"
50,51,"F","FALSE",10,307000,0.064957,2235.69,2759.87,220.79,165.59,122.8,15,0,23.45,8.9198,"Base","DC01527"
39,40,"H","FALSE",10,70000,0.038395,298.11,396.64,31.73,23.8,28,15,0,33.05,9.0155,"Base","DC01528"
39,40,"H","FALSE",10,36000,0.038395,153.32,212.46,17,12.75,14.4,15,0,38.58,9.0155,"Base","DC01529"
25,26,"H","FALSE",15,276000,0.02407,512.32,741.53,59.32,44.49,110.4,15,0,44.74,12.9673,"Base","DC01530"
21,22,"F","FALSE",10,55000,0.006662,40.11,89.66,7.17,5.38,22,15,0,123.55,9.1352,"Base","DC01531"
45,46,"F","FALSE",10,357000,0.040523,1605.48,2050.33,164.03,123.02,142.8,15,0,27.71,9.0108,"Base","DC01532"
22,23,"H","FALSE",20,258000,0.030348,475.83,690.74,55.26,41.44,103.2,15,0,45.16,16.455,"Base","DC01533"
35,36,"F","FALSE",25,49000,0.076737,194.53,266.43,21.31,15.99,19.6,15,0,36.96,19.3295,"Base","DC01534"
39,43,"H","TRUE",10,140000,0.049345,769.77,977.63,78.21,58.66,56,15,0,27,8.9745,"Base","DC01535"
28,29,"H","FALSE",20,60000,0.045583,167.2,239.77,19.18,14.39,24,15,0,43.4,16.3571,"Base","DC01536"
44,48,"H","TRUE",20,41000,0.213842,576.37,706.71,56.54,42.4,16.4,15,0,22.61,15.2117,"Base","DC01537"
51,52,"F","FALSE",15,91000,0.130339,955.52,1170.84,93.67,70.25,36.4,15,0,22.53,12.4129,"Base","DC01538"
26,27,"H","FALSE",10,101000,0.015155,168.18,259.97,20.8,15.6,40.4,15,0,54.58,9.1017,"Base","DC01539"
32,33,"H","FALSE",5,350000,0.009818,717.52,1014.56,81.16,60.87,140,15,0,41.4,4.7893,"Base","DC01540"
45,46,"H","FALSE",20,150000,0.181367,1761.64,2135.63,170.85,128.14,60,15,0,21.23,15.4431,"Base","DC01541"
44,45,"H","FALSE",10,173000,0.058587,1133.76,1416.23,113.3,84.97,69.2,15,0,24.91,8.9398,"Base","DC01542"
31,32,"H","FALSE",25,86000,0.08584,383.95,503.89,40.31,30.23,34.4,15,0,31.24,19.2272,"Base","DC01543"
46,47,"F","FALSE",15,135000,0.081791,871.23,1093.29,87.46,65.6,54,15,0,25.49,12.6738,"Base","DC01544"
48,49,"F","FALSE",20,126000,0.160705,1296.56,1583.67,126.69,95.02,50.4,15,0,22.14,15.6173,"Base","DC01545"
60,61,"H","FALSE",10,129000,0.237053,3714.08,4396.14,351.69,263.77,51.6,15,0,18.36,8.2335,"Base","DC01546"
43,44,"H","FALSE",15,191000,0.096223,1460.4,1804.42,144.35,108.26,76.4,15,0,23.56,12.5847,"Base","DC01547"
21,22,"H","FALSE",10,175000,0.011673,224.11,359.43,28.75,21.57,70,15,0,60.38,9.1146,"Base","DC01548"
52,56,"H","TRUE",18,17000,0.341761,445.78,543.7,43.5,32.62,6.8,15,0,21.97,13.0331,"Base","DC01549"
33,34,"H","FALSE",10,164000,0.024059,435.07,599.62,47.97,35.98,65.6,15,0,37.82,9.0688,"Base","DC01550"
41,42,"H","FALSE",10,172000,0.045341,867.53,1106.19,88.5,66.37,68.8,15,0,27.51,8.9895,"Base","DC01551"
34,35,"H","FALSE",15,109000,0.045613,386.78,517.88,41.43,31.07,43.6,15,0,33.9,12.8546,"Base","DC01552"
54,58,"H","TRUE",10,345000,0.183635,7495.28,8893.35,711.47,533.6,138,15,0,18.65,8.4525,"Base","DC01553"
38,39,"F","FALSE",25,90000,0.100475,472.14,608.3,48.66,36.5,36,15,0,28.84,19.1529,"Base","DC01554"
48,51,"F","TRUE",15,183000,0.118788,1742.46,2128.67,170.29,127.72,73.2,15,0,22.16,12.4757,"Base","DC01555"
36,37,"H","FALSE",25,270000,0.128901,1841.82,2284.68,182.77,137.08,108,15,0,24.04,18.8961,"Base","DC01556"
44,45,"H","FALSE",10,175000,0.058587,1146.86,1432.4,114.59,85.94,70,15,0,24.9,8.9398,"Base","DC01557"
57,58,"H","FALSE",13,131000,0.257846,3281.17,3893.68,311.49,233.62,52.4,15,0,18.67,10.2944,"Base","DC01558"
57,58,"F","FALSE",13,65000,0.182223,1106.85,1334.71,106.78,80.08,26,15,0,20.59,10.7011,"Base","DC01559"
59,60,"F","FALSE",11,318000,0.173255,5947.61,7081.17,566.49,424.87,127.2,15,0,19.06,9.2634,"Base","DC01560"
47,48,"H","FALSE",20,89000,0.213842,1251.14,1513.66,121.09,90.82,35.6,15,0,20.98,15.2117,"Base","DC01561"
38,41,"F","TRUE",10,297000,0.025691,841.67,1134.27,90.74,68.06,118.8,15,0,34.76,9.0655,"Base","DC01562"
31,32,"H","FALSE",25,254000,0.08584,1133.98,1454.16,116.33,87.25,101.6,15,0,28.24,19.2272,"Base","DC01563"
28,29,"F","FALSE",10,245000,0.00996,267.48,442.42,35.39,26.55,98,15,0,65.4,9.1231,"Base","DC01564"
46,47,"F","FALSE",15,125000,0.081791,806.7,1013.6,81.09,60.82,50,15,0,25.65,12.6738,"Base","DC01565"
25,28,"F","TRUE",15,30000,0.016109,37.13,74.57,5.97,4.47,12,15,0,100.83,13.0155,"Base","DC01566"
21,22,"F","FALSE",20,234000,0.01667,235.61,400.24,32.02,24.01,93.6,15,0,69.88,16.5564,"Base","DC01567"
42,43,"F","FALSE",20,109000,0.092983,630.71,801.52,64.12,48.09,43.6,15,0,27.08,16.0695,"Base","DC01568"
51,52,"H","FALSE",19,72000,0.27191,1382.1,1658.02,132.64,99.48,28.8,15,0,19.96,14.1651,"Base","DC01569"
60,63,"F","TRUE",10,68000,0.200812,1627.3,1941.28,155.3,116.48,27.2,15,0,19.29,8.3914,"Base","DC01570"
59,60,"F","FALSE",11,102000,0.173255,1907.72,2283.17,182.65,136.99,40.8,15,0,19.68,9.2634,"Base","DC01571"
32,36,"H","TRUE",20,115000,0.078715,560.81,723.04,57.84,43.38,46,15,0,28.93,16.1413,"Base","DC01572"
30,34,"H","TRUE",20,299000,0.066956,1234.39,1591.85,127.35,95.51,119.6,15,0,28.96,16.2184,"Base","DC01573"
25,28,"F","TRUE",10,185000,0.009331,189.16,323.44,25.88,19.41,74,15,0,70.99,9.1254,"Base","DC01574"
20,21,"H","FALSE",20,104000,0.026946,170.08,263.59,21.09,15.82,41.6,15,0,54.97,16.4767,"Base","DC01575"
38,39,"F","FALSE",15,165000,0.039272,502.46,678.44,54.28,40.71,66,15,0,35.02,12.8964,"Base","DC01576"
40,41,"H","FALSE",20,289000,0.119293,2172.27,2677.75,214.22,160.67,115.6,15,0,23.27,15.8709,"Base","DC01577"
27,28,"H","FALSE",10,96000,0.016084,169.71,259.43,20.75,15.57,38.4,15,0,52.87,9.0983,"Base","DC01578"
50,51,"H","FALSE",20,369000,0.271944,6788.04,8082.14,646.57,484.93,147.6,15,0,19.06,14.783,"Base","DC01579"
26,27,"H","FALSE",10,1e+05,0.015155,166.51,257.57,20.61,15.45,40,15,0,54.69,9.1017,"Base","DC01580"
31,32,"F","FALSE",15,127000,0.021745,212.65,323.78,25.9,19.43,50.8,15,0,52.26,12.9867,"Base","DC01581"
60,61,"H","FALSE",10,169000,0.237053,4865.73,5753.88,460.31,345.23,67.6,15,0,18.25,8.2335,"Base","DC01582"
34,35,"H","FALSE",15,296000,0.045613,1050.33,1376.43,110.11,82.59,118.4,15,0,31.05,12.8546,"Base","DC01583"
28,31,"F","TRUE",20,5e+05,0.032237,979.33,1388.75,111.1,83.33,200,15,0,41.81,16.4589,"Base","DC01584"
50,51,"F","FALSE",10,271000,0.064957,1973.52,2438.28,195.06,146.3,108.4,15,0,23.55,8.9198,"Base","DC01585"
50,51,"F","FALSE",10,40000,0.064957,291.29,374.76,29.98,22.49,16,15,0,28.65,8.9198,"Base","DC01586"
34,35,"H","FALSE",15,79000,0.045613,280.33,380.15,30.41,22.81,31.6,15,0,35.61,12.8546,"Base","DC01587"
45,46,"F","FALSE",5,138000,0.016722,483.06,643.33,51.47,38.6,55.2,15,0,33.18,4.7772,"Base","DC01588"
40,44,"H","TRUE",15,97000,0.096223,741.67,924.96,74,55.5,38.8,15,0,24.71,12.5847,"Base","DC01589"
33,34,"H","FALSE",15,107000,0.042198,350.76,475.07,38.01,28.5,42.8,15,0,35.44,12.8725,"Base","DC01590"
60,61,"H","FALSE",10,157000,0.237053,4520.24,5346.56,427.72,320.79,62.8,15,0,18.28,8.2335,"Base","DC01591"
20,23,"F","TRUE",20,80000,0.01778,85.95,154.59,12.37,9.28,32,15,0,79.87,16.5495,"Base","DC01592"
27,28,"H","FALSE",20,102000,0.042396,264.04,371.91,29.75,22.31,40.8,15,0,40.85,16.3777,"Base","DC01593"
30,34,"H","TRUE",10,235000,0.024059,623.43,851.66,68.13,51.1,94,15,0,36.61,9.0688,"Base","DC01594"
21,22,"F","FALSE",20,16000,0.01667,16.11,43.62,3.49,2.62,6.4,15,0,170.74,16.5564,"Base","DC01595"
46,49,"F","TRUE",15,165000,0.098587,1292.62,1597.24,127.78,95.83,66,15,0,23.57,12.5844,"Base","DC01596"
22,23,"F","FALSE",10,80000,0.007,61.31,125.94,10.07,7.56,32,15,0,105.42,9.1339,"Base","DC01597"
43,44,"H","FALSE",15,188000,0.096223,1437.46,1776.35,142.11,106.58,75.2,15,0,23.58,12.5847,"Base","DC01598"
47,48,"H","FALSE",15,90000,0.135767,987.93,1208.06,96.64,72.48,36,15,0,22.28,12.3683,"Base","DC01599"
34,35,"F","FALSE",15,122000,0.027774,261.54,378.3,30.26,22.7,48.8,15,0,44.64,12.9557,"Base","DC01600"
54,55,"H","FALSE",16,241000,0.268368,5272.65,6260.52,500.84,375.63,96.4,15,0,18.74,12.2664,"Base","DC01601"
60,61,"H","FALSE",10,292000,0.237053,8407.07,9928.92,794.31,595.73,116.8,15,0,18.1,8.2335,"Base","DC01602"
28,29,"H","FALSE",20,209000,0.045583,582.43,791.9,63.35,47.51,83.6,15,0,35.96,16.3571,"Base","DC01603"
53,54,"F","FALSE",17,53000,0.190999,752.91,917.57,73.41,55.05,21.2,15,0,21.87,13.4451,"Base","DC01604"
25,26,"H","FALSE",15,285000,0.02407,529.03,765.15,61.21,45.91,114,15,0,44.63,12.9673,"Base","DC01605"
44,45,"F","FALSE",10,78000,0.03693,319.21,424.9,33.99,25.49,31.2,15,0,33.11,9.0241,"Base","DC01606"
46,47,"H","FALSE",10,944000,0.069738,7398.87,9059.85,724.79,543.59,377.6,15,0,22.45,8.8976,"Base","DC01607"
24,27,"F","TRUE",10,331000,0.008763,317.78,540.9,43.27,32.45,132.4,15,0,70.21,9.1275,"Base","DC01608"
46,47,"F","FALSE",24,356000,0.188955,3762.18,4557.65,364.61,273.46,142.4,15,0,21.14,17.8801,"Base","DC01609"
50,51,"F","FALSE",10,536000,0.064957,3903.35,4805.52,384.44,288.33,214.4,15,0,23.11,8.9198,"Base","DC01610"
42,43,"F","FALSE",20,143000,0.092983,827.44,1046.1,83.69,62.77,57.2,15,0,26.43,16.0695,"Base","DC01611"
39,40,"H","FALSE",20,88000,0.10969,605.74,762.72,61.02,45.76,35.2,15,0,25.92,15.9355,"Base","DC01612"
28,29,"H","FALSE",10,118000,0.017108,221.98,330.44,26.44,19.83,47.2,15,0,48.86,9.0945,"Base","DC01613"
30,34,"H","TRUE",20,224000,0.066956,924.76,1196.93,95.75,71.82,89.6,15,0,29.43,16.2184,"Base","DC01614"
48,52,"H","TRUE",22,245000,0.339484,5392.59,6401.85,512.15,384.11,98,15,0,18.72,15.4237,"Base","DC01615"
22,23,"F","FALSE",10,153000,0.007,117.25,224.94,18,13.5,61.2,15,0,91.85,9.1339,"Base","DC01616"
51,52,"H","FALSE",15,197000,0.191007,3120.8,3737.91,299.03,224.27,78.8,15,0,19.77,12.0573,"Base","DC01617"
28,29,"H","FALSE",15,315000,0.029288,712.95,992.97,79.44,59.58,126,15,0,39.28,12.9401,"Base","DC01618"
60,61,"F","FALSE",10,96000,0.167242,1883.15,2251.8,180.14,135.11,38.4,15,0,19.58,8.5257,"Base","DC01619"
30,34,"H","TRUE",10,199000,0.024059,527.93,723.87,57.91,43.43,79.6,15,0,37.12,9.0688,"Base","DC01620"
53,54,"F","FALSE",15,40000,0.1567,510.92,630.14,50.41,37.81,16,15,0,23.33,12.2681,"Base","DC01621"
47,48,"H","FALSE",10,184000,0.076139,1578.84,1938.89,155.11,116.33,73.6,15,0,22.8,8.8733,"Base","DC01622"
42,43,"F","FALSE",10,312000,0.030744,1060.27,1395.43,111.63,83.73,124.8,15,0,31.61,9.0469,"Base","DC01623"
27,28,"H","FALSE",30,242000,0.090856,998.27,1290.78,103.26,77.45,96.8,15,0,29.3,22.0253,"Base","DC01624"
22,23,"H","FALSE",20,141000,0.030348,260.05,385.41,30.83,23.12,56.4,15,0,48.21,16.455,"Base","DC01625"
36,40,"H","TRUE",10,248000,0.038395,1056.17,1360.9,108.87,81.65,99.2,15,0,28.85,9.0155,"Base","DC01626"
34,38,"H","TRUE",25,516000,0.13994,3838.95,4721.34,377.71,283.28,206.4,15,0,22.99,18.8096,"Base","DC01627"
20,21,"H","FALSE",20,142000,0.026946,232.23,353.52,28.28,21.21,56.8,15,0,52.23,16.4767,"Base","DC01628"
54,55,"H","FALSE",10,29000,0.141352,475.49,583.82,46.71,35.03,11.6,15,0,22.78,8.621,"Base","DC01629"
31,32,"H","FALSE",10,256000,0.020864,588.2,820.46,65.64,49.23,102.4,15,0,39.49,9.0806,"Base","DC01631"
57,58,"H","FALSE",10,207000,0.183635,4497.17,5342.99,427.44,320.58,82.8,15,0,18.81,8.4525,"Base","DC01632"
36,37,"H","FALSE",20,472000,0.085452,2505.67,3150.55,252.04,189.03,188.8,15,0,25.74,16.0969,"Base","DC01633"
46,49,"F","TRUE",20,99000,0.160705,1018.72,1248.05,99.84,74.88,39.6,15,0,22.51,15.6173,"Base","DC01634"
22,26,"H","TRUE",10,171000,0.014315,268.85,409.59,32.77,24.58,68.4,15,0,52.35,9.1048,"Base","DC01635"
51,52,"F","FALSE",15,490000,0.130339,5145.12,6228.04,498.24,373.68,196,15,0,21.05,12.4129,"Base","DC01636"
58,59,"H","FALSE",12,88000,0.252261,2307.94,2742.02,219.36,164.52,35.2,15,0,18.81,9.6185,"Base","DC01637"
21,22,"H","FALSE",25,90000,0.041042,188.83,278.87,22.31,16.73,36,15,0,47.68,19.5615,"Base","DC01638"
26,27,"H","FALSE",10,110000,0.015155,183.16,281.58,22.53,16.9,44,15,0,53.73,9.1017,"Base","DC01639"
33,37,"H","TRUE",20,45000,0.085452,238.89,316.15,25.29,18.97,18,15,0,32.34,16.0969,"Base","DC01640"
44,45,"F","FALSE",20,145000,0.111695,1015.63,1265.84,101.27,75.95,58,15,0,24.64,15.9466,"Base","DC01641"
27,28,"H","FALSE",5,63000,0.00726,95.4,157.68,12.61,9.46,25.2,15,0,65.28,4.794,"Base","DC01642"
37,40,"F","TRUE",10,42000,0.023525,108.89,163.6,13.09,9.82,16.8,15,0,50.24,9.0735,"Base","DC01643"
26,27,"H","FALSE",15,254000,0.025642,502.59,719.99,57.6,43.2,101.6,15,0,43.26,12.9591,"Base","DC01644"
31,32,"H","FALSE",10,77000,0.020864,176.92,258.97,20.72,15.54,30.8,15,0,46.38,9.0806,"Base","DC01645"
39,40,"F","FALSE",20,372000,0.070692,1621.88,2076.37,166.11,124.58,148.8,15,0,28.02,16.2141,"Base","DC01646"
29,30,"H","FALSE",15,127000,0.031395,308.39,435.1,34.81,26.11,50.8,15,0,41.09,12.9291,"Base","DC01647"
38,39,"F","FALSE",20,168000,0.064566,667.37,871.59,69.73,52.3,67.2,15,0,30.6,16.2535,"Base","DC01648"
51,52,"F","FALSE",10,503000,0.07145,4040.21,4949.32,395.95,296.96,201.2,15,0,22.5,8.8954,"Base","DC01649"
32,33,"H","FALSE",25,206000,0.093015,999.39,1275.34,102.03,76.52,82.4,15,0,27.61,19.1727,"Base","DC01650"
50,53,"F","TRUE",20,112000,0.228708,1691.77,2036.72,162.94,122.2,44.8,15,0,20.39,15.1411,"Base","DC01651"
47,51,"H","TRUE",15,160000,0.175505,2312.01,2780.24,222.42,166.81,64,15,0,20.25,12.1457,"Base","DC01653"
33,34,"H","FALSE",10,156000,0.024059,413.85,571.22,45.7,34.27,62.4,15,0,38.03,9.0688,"Base","DC01654"
39,43,"H","TRUE",10,122000,0.049345,670.8,854.18,68.33,51.25,48.8,15,0,27.34,8.9745,"Base","DC01655"
43,44,"H","FALSE",25,164000,0.227707,2063.86,2493.56,199.49,149.61,65.6,15,0,20.82,18.0942,"Base","DC01657"
40,41,"F","FALSE",20,212000,0.077433,1015.16,1296.46,103.72,77.79,84.8,15,0,27.71,16.1706,"Base","DC01658"
57,58,"F","FALSE",10,76000,0.126385,1105.87,1338.68,107.09,80.32,30.4,15,0,21.05,8.6858,"Base","DC01659"
57,61,"H","TRUE",10,84000,0.237053,2418.47,2868.69,229.5,172.12,33.6,15,0,18.62,8.2335,"Base","DC01660"
60,61,"H","FALSE",10,121000,0.237053,3483.75,4124.59,329.97,247.48,48.4,15,0,18.4,8.2335,"Base","DC01661"
25,26,"H","FALSE",20,110000,0.03687,247.1,355.93,28.47,21.36,44,15,0,44.04,16.4132,"Base","DC01662"
26,30,"H","TRUE",20,121000,0.04909,363.64,496.56,39.72,29.79,48.4,15,0,36.55,16.3345,"Base","DC01663"
23,24,"F","FALSE",10,152000,0.007374,122.73,230.85,18.47,13.85,60.8,15,0,88.09,9.1326,"Base","DC01664"
45,46,"H","FALSE",10,486000,0.063902,3481.79,4292.08,343.37,257.52,194.4,15,0,23.27,8.9197,"Base","DC01665"
52,53,"H","FALSE",5,105000,0.050319,1120.53,1369.22,109.54,82.15,42,15,0,22.19,4.7152,"Base","DC01666"
45,46,"H","FALSE",10,87000,0.063902,623.28,782.66,62.61,46.96,34.8,15,0,25.57,8.9197,"Base","DC01667"
22,23,"F","FALSE",30,396000,0.038,668.81,979.32,78.35,58.76,158.4,15,0,46.43,22.4999,"Base","DC01668"
51,52,"F","FALSE",10,104000,0.07145,835.35,1037.15,82.97,62.23,41.6,15,0,24.16,8.8954,"Base","DC01669"
48,49,"H","FALSE",5,53000,0.035098,392.18,498.11,39.85,29.89,21.2,15,0,27.01,4.7432,"Base","DC01670"
51,55,"H","TRUE",5,43000,0.060395,552.96,680.42,54.43,40.83,17.2,15,0,23.05,4.6965,"Base","DC01671"
53,54,"H","FALSE",10,67000,0.12943,1000.46,1211.93,96.95,72.72,26.8,15,0,21.14,8.6678,"Base","DC01672"
44,45,"F","FALSE",5,65000,0.015262,207.55,289.01,23.12,17.34,26,15,0,39.25,4.7798,"Base","DC01673"
23,24,"H","FALSE",10,137000,0.012863,193.44,306.09,24.49,18.37,54.8,15,0,58.24,9.1102,"Base","DC01674"
59,60,"F","FALSE",10,52000,0.152432,923.38,1115.33,89.23,66.92,20.8,15,0,20.79,8.5842,"Base","DC01675"
21,22,"H","FALSE",30,197000,0.057971,512.2,704.65,56.37,42.28,78.8,15,0,37.57,22.2967,"Base","DC01676"
31,32,"F","FALSE",25,85000,0.053941,235.17,330.43,26.43,19.83,34,15,0,40.51,19.4964,"Base","DC01677"
49,50,"H","FALSE",20,124000,0.251283,2085.94,2500.63,200.05,150.04,49.6,15,0,19.88,14.9377,"Base","DC01678"
29,33,"H","TRUE",20,214000,0.061843,814.34,1063.88,85.11,63.83,85.6,15,0,30.64,16.2517,"Base","DC01679"
47,48,"H","FALSE",10,201000,0.076139,1724.72,2116.41,169.31,126.98,80.4,15,0,22.71,8.8733,"Base","DC01680"
43,44,"H","FALSE",10,60000,0.053748,360,463.95,37.12,27.84,24,15,0,28.88,8.958,"Base","DC01681"
30,31,"F","FALSE",20,88000,0.032237,172.36,258.79,20.7,15.53,35.2,15,0,50.15,16.4589,"Base","DC01682"
26,27,"H","FALSE",25,139000,0.0583,416.99,566.96,45.36,34.02,55.6,15,0,35.97,19.4339,"Base","DC01683"
54,58,"H","TRUE",10,144000,0.183635,3128.47,3722.17,297.77,223.33,57.6,15,0,18.98,8.4525,"Base","DC01684"
41,42,"H","FALSE",5,37000,0.019239,149.17,208.1,16.65,12.49,14.8,15,0,39.51,4.7722,"Base","DC01685"
27,28,"H","FALSE",10,60000,0.016084,106.07,168.68,13.49,10.12,24,15,0,59.03,9.0983,"Base","DC01686"
44,45,"F","FALSE",10,210000,0.03693,859.41,1114.43,89.15,66.87,84,15,0,29.67,9.0241,"Base","DC01687"
26,30,"H","TRUE",10,92000,0.018239,184.59,274.87,21.99,16.49,36.8,15,0,48.91,9.0904,"Base","DC01688"
38,42,"H","TRUE",5,47000,0.019239,189.48,259.63,20.77,15.58,18.8,15,0,37.02,4.7722,"Base","DC01689"
54,57,"F","TRUE",16,113000,0.226471,2038.65,2440.52,195.24,146.43,45.2,15,0,19.71,12.5531,"Base","DC01690"
42,43,"F","FALSE",25,52000,0.143942,397.68,504.05,40.32,30.24,20.8,15,0,26.75,18.8217,"Base","DC01691"
20,21,"H","FALSE",20,286000,0.026946,467.73,694.34,55.55,41.66,114.4,15,0,48.45,16.4767,"Base","DC01692"
37,38,"F","FALSE",15,609000,0.035949,1695.37,2272.05,181.76,136.32,243.6,15,0,34.02,12.9136,"Base","DC01693"
54,58,"H","TRUE",10,162000,0.183635,3519.52,4185.26,334.82,251.12,64.8,15,0,18.92,8.4525,"Base","DC01694"
53,54,"H","FALSE",10,129000,0.12943,1926.27,2317.29,185.38,139.04,51.6,15,0,20.3,8.6678,"Base","DC01695"
35,36,"F","FALSE",15,132000,0.030228,308.28,437.31,34.98,26.24,52.8,15,0,41.85,12.9431,"Base","DC01696"
51,52,"F","FALSE",5,168000,0.02945,1040.7,1305.7,104.46,78.34,67.2,15,0,25.46,4.7541,"Base","DC01697"
20,24,"H","TRUE",25,59000,0.04698,142.02,210.02,16.8,12.6,23.6,15,0,47.88,19.5177,"Base","DC01699"
54,55,"F","FALSE",10,232000,0.095105,2505.65,3038.89,243.11,182.33,92.8,15,0,21.28,8.8059,"Base","DC01700"
46,47,"F","FALSE",15,32000,0.081791,206.51,272.46,21.8,16.35,12.8,15,0,31.93,12.6738,"Base","DC01701"
23,27,"H","TRUE",10,99000,0.015155,164.85,255.17,20.41,15.31,39.6,15,0,54.79,9.1017,"Base","DC01702"
48,49,"F","FALSE",20,123000,0.160705,1265.69,1546.38,123.71,92.78,49.2,15,0,22.18,15.6173,"Base","DC01703"
48,52,"H","TRUE",10,123000,0.108445,1524.53,1847.36,147.79,110.84,49.2,15,0,21.18,8.7494,"Base","DC01704"
56,57,"H","FALSE",14,272000,0.262304,6509.35,7712.97,617.04,462.78,108.8,15,0,18.49,10.9606,"Base","DC01705"
25,26,"F","FALSE",15,61000,0.014051,65.8,122.33,9.79,7.34,24.4,15,0,85.91,13.0261,"Base","DC01707"
33,34,"F","FALSE",5,107000,0.006149,137.17,226.72,18.14,13.6,42.8,15,0,65.27,4.7963,"Base","DC01708"
33,34,"H","FALSE",15,337000,0.042198,1104.73,1458.76,116.7,87.53,134.8,15,0,32.05,12.8725,"Base","DC01709"
26,27,"H","FALSE",15,51000,0.025642,100.91,158.51,12.68,9.51,20.4,15,0,57.07,12.9591,"Base","DC01710"
53,57,"H","TRUE",10,271000,0.168387,5359.91,6375.94,510.07,382.56,108.4,15,0,18.96,8.5138,"Base","DC01711"
43,47,"H","TRUE",5,134000,0.029421,829.34,1044.12,83.53,62.65,53.6,15,0,25.9,4.7536,"Base","DC01712"
49,50,"F","FALSE",10,227000,0.059065,1499.44,1866.56,149.32,111.99,90.8,15,0,24.48,8.9418,"Base","DC01713"
55,59,"H","TRUE",15,335000,0.33616,10071.74,11884.59,950.77,713.08,134,15,0,18,11.1811,"Base","DC01714"
33,34,"F","FALSE",10,108000,0.014301,169.59,264.87,21.19,15.89,43.2,15,0,56.18,9.1073,"Base","DC01715"
32,33,"H","FALSE",5,142000,0.009818,291.11,421.99,33.76,25.32,56.8,15,0,44.96,4.7893,"Base","DC01716"
46,47,"H","FALSE",20,87000,0.197005,1117.86,1357.75,108.62,81.46,34.8,15,0,21.46,15.3323,"Base","DC01717"
24,25,"H","FALSE",10,42000,0.013553,62.5,109.65,8.77,6.58,16.8,15,0,75.44,9.1077,"Base","DC01718"
26,27,"H","FALSE",15,214000,0.025642,423.45,609.36,48.75,36.56,85.6,15,0,43.9,12.9591,"Base","DC01719"
60,61,"F","FALSE",10,154000,0.167242,3020.88,3601.72,288.14,216.1,61.6,15,0,19.23,8.5257,"Base","DC01720"
46,47,"F","FALSE",10,94000,0.044493,464.91,601.76,48.14,36.11,37.6,15,0,29.43,8.9961,"Base","DC01721"
40,41,"F","FALSE",10,561000,0.025691,1589.82,2127,170.16,127.62,224.4,15,0,33.79,9.0655,"Base","DC01722"
30,31,"H","FALSE",20,159000,0.052947,516.17,691.6,55.33,41.5,63.6,15,0,33.99,16.3095,"Base","DC01723"
41,42,"H","FALSE",15,171000,0.08111,1095.04,1370.27,109.62,82.22,68.4,15,0,25.14,12.6661,"Base","DC01724"
23,26,"F","TRUE",10,63000,0.008251,56.94,112.95,9.04,6.78,25.2,15,0,98.37,9.1294,"Base","DC01725"
21,22,"F","FALSE",15,291000,0.011015,245.79,438.59,35.09,26.32,116.4,15,0,78.44,13.0416,"Base","DC01726"
39,40,"F","FALSE",10,70000,0.023525,181.49,261.03,20.88,15.66,28,15,0,43.83,9.0735,"Base","DC01727"
37,38,"H","FALSE",5,80000,0.014019,234.54,327.37,26.19,19.64,32,15,0,39.58,4.7817,"Base","DC01728"
43,47,"H","TRUE",10,117000,0.069738,917.02,1138.16,91.05,68.29,46.8,15,0,24.12,8.8976,"Base","DC01729"
53,54,"H","FALSE",17,460000,0.270197,9629.7,11428.72,914.3,685.72,184,15,0,18.68,12.907,"Base","DC01730"
54,57,"F","TRUE",10,115000,0.114995,1514.87,1832.41,146.59,109.94,46,15,0,20.96,8.7297,"Base","DC01731"
40,43,"F","TRUE",25,219000,0.143942,1674.85,2066.8,165.34,124.01,87.6,15,0,23.4,18.8217,"Base","DC01732"
46,47,"F","FALSE",15,75000,0.081791,484.02,615.14,49.21,36.91,30,15,0,27.09,12.6738,"Base","DC01733"
60,64,"H","TRUE",10,203000,0.30302,7735.21,9106.29,728.5,546.38,81.2,15,0,17.73,7.9523,"Base","DC01734"
21,22,"F","FALSE",5,353000,0.003105,228.24,447.02,35.76,26.82,141.2,15,0,95.86,4.8018,"Base","DC01735"
48,49,"H","FALSE",15,207000,0.147948,2489.72,3008.75,240.7,180.52,82.8,15,0,20.85,12.3006,"Base","DC01736"
42,43,"F","FALSE",15,281000,0.056427,1238.04,1587.73,127.02,95.26,112.4,15,0,28.24,12.8072,"Base","DC01738"
31,32,"H","FALSE",20,109000,0.057186,382.83,513.29,41.06,30.8,43.6,15,0,34.08,16.282,"Base","DC01739"
45,46,"H","FALSE",15,116000,0.114284,1061.71,1305.94,104.48,78.36,46.4,15,0,23,12.4865,"Base","DC01740"
47,48,"H","FALSE",10,87000,0.076139,746.52,925.95,74.08,55.56,34.8,15,0,24.04,8.8733,"Base","DC01741"
56,57,"F","FALSE",14,187000,0.185418,3040.79,3640.22,291.22,218.41,74.8,15,0,19.71,11.4027,"Base","DC01742"
47,50,"F","TRUE",20,133000,0.175767,1506.85,1831.45,146.52,109.89,53.2,15,0,21.54,15.5139,"Base","DC01743"
52,56,"H","TRUE",15,156000,0.265771,3568.7,4239.65,339.17,254.38,62.4,15,0,18.8,11.6178,"Base","DC01744"
27,28,"F","FALSE",10,589000,0.009331,602.24,991.67,79.33,59.5,235.6,15,0,64.66,9.1254,"Base","DC01745"
27,31,"H","TRUE",15,96000,0.033718,250.59,353.48,28.28,21.21,38.4,15,0,41.06,12.917,"Base","DC01746"
51,54,"F","TRUE",5,73000,0.035733,550.02,690.95,55.28,41.46,29.2,15,0,25.62,4.7426,"Base","DC01747"
49,50,"F","FALSE",10,45000,0.059065,297.25,384.01,30.72,23.04,18,15,0,29.19,8.9418,"Base","DC01748"
42,43,"H","FALSE",15,38000,0.088326,265.8,344.19,27.54,20.65,15.2,15,0,29.49,12.6273,"Base","DC01749"
22,23,"H","FALSE",10,50000,0.012238,67.15,118.78,9.5,7.13,20,15,0,76.89,9.1125,"Base","DC01750"
33,37,"H","TRUE",15,586000,0.053504,2446.97,3135.32,250.83,188.12,234.4,15,0,28.13,12.813,"Base","DC01751"
40,41,"F","FALSE",25,272000,0.120312,1722.09,2146.38,171.71,128.78,108.8,15,0,24.64,19.0031,"Base","DC01752"
20,24,"H","TRUE",20,293000,0.032315,575.84,823.3,65.86,49.4,117.2,15,0,42.97,16.4424,"Base","DC01753"
48,52,"H","TRUE",20,47000,0.293915,945.16,1138.33,91.07,68.3,18.8,15,0,20.44,14.6154,"Base","DC01754"
42,43,"H","FALSE",20,238000,0.141132,2136.4,2612.33,208.99,156.74,95.2,15,0,22.28,15.7224,"Base","DC01755"
60,64,"H","TRUE",10,68000,0.30302,2591.1,3061.98,244.96,183.72,27.2,15,0,18.17,7.9523,"Base","DC01756"
48,49,"H","FALSE",10,82000,0.083156,770.78,951.84,76.15,57.11,32.8,15,0,23.49,8.8466,"Base","DC01757"
58,59,"H","FALSE",12,150000,0.252261,3933.99,4661.62,372.93,279.7,60,15,0,18.5,9.6185,"Base","DC01758"
52,53,"H","FALSE",10,228000,0.118483,3101.34,3729.69,298.38,223.78,91.2,15,0,20.26,8.7105,"Base","DC01759"
49,50,"H","FALSE",21,125000,0.271516,2204.8,2639.3,211.14,158.36,50,15,0,19.71,15.3935,"Base","DC01760"
42,43,"F","FALSE",28,119000,0.182607,1074.84,1322.61,105.81,79.36,47.6,15,0,23.05,20.2172,"Base","DC01761"
54,58,"H","TRUE",10,95000,0.183635,2063.92,2461.53,196.92,147.69,38,15,0,19.27,8.4525,"Base","DC01762"
20,24,"H","TRUE",20,126000,0.032315,247.63,363.99,29.12,21.84,50.4,15,0,46.99,16.4424,"Base","DC01763"
33,37,"H","TRUE",5,23000,0.013005,62.53,100.85,8.07,6.05,9.2,15,0,61.28,4.7835,"Base","DC01764"
20,24,"H","TRUE",25,66000,0.04698,158.87,232.87,18.63,13.97,26.4,15,0,46.58,19.5177,"Base","DC01765"
25,29,"H","TRUE",10,133000,0.017108,250.2,370.23,29.62,22.21,53.2,15,0,47.98,9.0945,"Base","DC01766"
31,32,"H","FALSE",25,672000,0.08584,3000.14,3818.54,305.48,229.11,268.8,15,0,27.28,19.2272,"Base","DC01767"
48,49,"F","FALSE",20,81000,0.160705,833.5,1024.3,81.94,61.46,32.4,15,0,22.89,15.6173,"Base","DC01768"
47,48,"F","FALSE",15,75000,0.089796,533.18,672.3,53.78,40.34,30,15,0,26.09,12.6312,"Base","DC01769"
56,57,"F","FALSE",14,117000,0.185418,1902.53,2284.1,182.73,137.05,46.8,15,0,20.06,11.4027,"Base","DC01770"
55,56,"F","FALSE",10,25000,0.104593,298.17,375.78,30.06,22.55,10,15,0,26.03,8.7696,"Base","DC01771"
31,32,"H","FALSE",15,205000,0.036276,576.33,782.94,62.64,46.98,82,15,0,35.85,12.9036,"Base","DC01772"
55,56,"F","FALSE",10,527000,0.104593,6285.35,7571.11,605.69,454.27,210.8,15,0,20.46,8.7696,"Base","DC01773"
42,43,"H","FALSE",10,524000,0.049345,2881.12,3611.31,288.9,216.68,209.6,15,0,25.34,8.9745,"Base","DC01774"
30,34,"H","TRUE",10,86000,0.024059,228.15,322.73,25.82,19.36,34.4,15,0,41.46,9.0688,"Base","DC01775"
51,52,"H","FALSE",15,171000,0.191007,2708.92,3246.88,259.75,194.81,68.4,15,0,19.86,12.0573,"Base","DC01776"
41,42,"F","FALSE",25,283000,0.131621,1969.1,2438.72,195.1,146.32,113.2,15,0,23.85,18.9166,"Base","DC01777"
29,32,"F","TRUE",20,355000,0.035016,756.06,1061.7,84.94,63.7,142,15,0,40.42,16.4414,"Base","DC01778"
51,52,"H","FALSE",15,275000,0.191007,4356.45,5210.99,416.88,312.66,110,15,0,19.62,12.0573,"Base","DC01779"
53,54,"F","FALSE",17,58000,0.190999,823.94,1002.49,80.2,60.15,23.2,15,0,21.67,13.4451,"Base","DC01780"
40,41,"F","FALSE",5,45000,0.010718,100.73,155.5,12.44,9.33,18,15,0,54.37,4.788,"Base","DC01781"
27,28,"H","FALSE",10,193000,0.016084,341.18,503.93,40.31,30.24,77.2,15,0,47.7,9.0983,"Base","DC01782"
58,61,"F","TRUE",12,181000,0.213476,3934.23,4676.31,374.1,280.58,72.4,15,0,18.86,9.8213,"Base","DC01783"
43,44,"H","FALSE",10,49000,0.053748,294,382.09,30.57,22.93,19.6,15,0,29.96,8.958,"Base","DC01784"
54,55,"F","FALSE",16,271000,0.189725,4024.92,4823.63,385.89,289.42,108.4,15,0,19.84,12.7743,"Base","DC01785"
53,56,"F","TRUE",10,257000,0.104593,3065.15,3701.11,296.09,222.07,102.8,15,0,20.75,8.7696,"Base","DC01786"
42,43,"H","FALSE",20,61000,0.141132,547.57,682.52,54.6,40.95,24.4,15,0,24.65,15.7224,"Base","DC01787"
54,55,"H","FALSE",15,159000,0.245077,3318.7,3950.35,316.03,237.02,63.6,15,0,19.03,11.7417,"Base","DC01788"
50,54,"H","TRUE",20,163000,0.34173,3911.84,4641.91,371.35,278.51,65.2,15,0,18.66,14.2393,"Base","DC01789"
54,55,"H","FALSE",10,113000,0.141352,1852.77,2224.38,177.95,133.46,45.2,15,0,20.06,8.621,"Base","DC01790"
37,41,"H","TRUE",15,324000,0.074522,1900.99,2378.59,190.29,142.72,129.6,15,0,25.12,12.7013,"Base","DC01791"
24,25,"F","FALSE",10,72000,0.00779,61.43,122.35,9.79,7.34,28.8,15,0,99.19,9.1311,"Base","DC01792"
41,42,"H","FALSE",15,155000,0.08111,992.58,1243.69,99.5,74.62,62,15,0,25.3,12.6661,"Base","DC01793"
37,38,"F","FALSE",10,84000,0.019802,183.05,269.36,21.55,16.16,33.6,15,0,47.15,9.0871,"Base","DC01794"
35,36,"H","FALSE",5,103000,0.012086,260.16,367.86,29.43,22.07,41.2,15,0,41.4,4.7852,"Base","DC01795"
33,34,"F","FALSE",30,268000,0.096557,1174.63,1507.94,120.64,90.48,107.2,15,0,28.38,22.0302,"Base","DC01796"
53,54,"F","FALSE",10,202000,0.086463,1976.02,2409.1,192.73,144.55,80.8,15,0,21.92,8.8387,"Base","DC01797"
54,55,"F","FALSE",15,122000,0.171656,1718.69,2072.66,165.81,124.36,48.8,15,0,20.6,12.1849,"Base","DC01798"
47,48,"F","FALSE",10,69000,0.048879,375.58,486.26,38.9,29.18,27.6,15,0,29.47,8.9798,"Base","DC01799"
41,42,"H","FALSE",10,159000,0.045341,801.96,1023.9,81.91,61.43,63.6,15,0,27.68,8.9895,"Base","DC01800"
45,46,"H","FALSE",10,79000,0.063902,565.97,712.29,56.98,42.74,31.6,15,0,25.85,8.9197,"Base","DC01801"
44,45,"H","FALSE",10,99000,0.058587,648.8,817.9,65.43,49.07,39.6,15,0,26.06,8.9398,"Base","DC01802"
34,35,"H","FALSE",15,58000,0.045613,205.81,283.73,22.7,17.02,23.2,15,0,37.86,12.8546,"Base","DC01803"
33,37,"H","TRUE",30,56000,0.186303,492.22,615.83,49.27,36.95,22.4,15,0,25.11,21.196,"Base","DC01804"
29,30,"F","FALSE",10,41000,0.010659,47.91,92.23,7.38,5.53,16.4,15,0,92.48,9.1206,"Base","DC01805"
45,49,"H","TRUE",25,117000,0.333051,2271.01,2712.57,217.01,162.75,46.8,15,0,19.44,17.1584,"Base","DC01806"
22,23,"H","FALSE",5,46000,0.005703,54.69,102.43,8.19,6.15,18.4,15,0,87.29,4.7968,"Base","DC01807"
38,42,"H","TRUE",10,885000,0.045341,4463.72,5619.44,449.56,337.17,354,15,0,25.89,8.9895,"Base","DC01808"
57,58,"F","FALSE",13,159000,0.182223,2707.52,3239.67,259.17,194.38,63.6,15,0,19.65,10.7011,"Base","DC01809"
59,60,"F","FALSE",11,73000,0.173255,1365.33,1638.99,131.12,98.34,29.2,15,0,20.04,9.2634,"Base","DC01810"
50,51,"H","FALSE",20,130000,0.271944,2391.45,2858.66,228.69,171.52,52,15,0,19.54,14.783,"Base","DC01812"
55,56,"H","FALSE",15,132000,0.265771,3019.67,3590.08,287.21,215.4,52.8,15,0,18.89,11.6178,"Base","DC01813"
52,56,"H","TRUE",18,95000,0.341761,2491.14,2958.3,236.66,177.5,38,15,0,18.75,13.0331,"Base","DC01814"
53,54,"H","FALSE",5,106000,0.055119,1241.46,1510.31,120.82,90.62,42.4,15,0,21.66,4.7063,"Base","DC01815"
58,59,"H","FALSE",12,60000,0.252261,1573.6,1875.11,150.01,112.51,24,15,0,19.16,9.6185,"Base","DC01816"
56,60,"H","TRUE",5,130000,0.095523,2681.7,3196.16,255.69,191.77,52,15,0,19.18,4.6306,"Base","DC01817"
42,43,"H","FALSE",10,69000,0.049345,379.38,490.68,39.25,29.44,27.6,15,0,29.34,8.9745,"Base","DC01818"
56,57,"H","FALSE",10,179000,0.168387,3540.31,4217.33,337.39,253.04,71.6,15,0,19.12,8.5138,"Base","DC01819"
39,40,"F","FALSE",15,470000,0.042945,1567.4,2058.6,164.69,123.52,188,15,0,31.34,12.8774,"Base","DC01820"
20,21,"H","FALSE",10,203000,0.01116,248.51,400.83,32.07,24.05,81.2,15,0,61.29,9.1165,"Base","DC01821"
31,32,"H","FALSE",10,169000,0.020864,388.3,547.56,43.8,32.85,67.6,15,0,41.01,9.0806,"Base","DC01822"
33,34,"F","FALSE",30,327000,0.096557,1433.22,1836.07,146.89,110.16,130.8,15,0,28.11,22.0302,"Base","DC01823"
50,51,"H","FALSE",10,179000,0.099252,2022.34,2452.26,196.18,147.14,71.6,15,0,21.26,8.7849,"Base","DC01824"
23,24,"F","FALSE",10,51000,0.007374,41.18,89.05,7.12,5.34,20.4,15,0,116.24,9.1326,"Base","DC01825"
26,27,"F","FALSE",20,276000,0.023553,393.65,603.55,48.28,36.21,110.4,15,0,53.32,16.5134,"Base","DC01826"
39,40,"H","FALSE",30,86000,0.23561,977.02,1193.51,95.48,71.61,34.4,15,0,22.16,20.7391,"Base","DC01827"
34,35,"H","FALSE",10,103000,0.025906,294.46,407.74,32.62,24.46,41.2,15,0,38.47,9.062,"Base","DC01828"
27,28,"H","FALSE",10,1e+05,0.016084,176.78,269.51,21.56,16.17,40,15,0,52.46,9.0983,"Base","DC01829"
53,54,"H","FALSE",15,107000,0.225744,2037.35,2436.22,194.9,146.17,42.8,15,0,19.58,11.8559,"Base","DC01830"
56,57,"F","FALSE",14,74000,0.185418,1203.31,1451.05,116.08,87.06,29.6,15,0,20.59,11.4027,"Base","DC01831"
34,38,"H","TRUE",10,253000,0.032665,914.49,1198.48,95.88,71.91,101.2,15,0,31.05,9.0369,"Base","DC01832"
38,39,"H","FALSE",15,238000,0.063035,1175.5,1495,119.6,89.7,95.2,15,0,27.18,12.7625,"Base","DC01833"
37,38,"H","FALSE",10,124000,0.032665,448.21,596.29,47.7,35.78,49.6,15,0,33.04,9.0369,"Base","DC01834"
24,25,"H","FALSE",20,88000,0.034482,184.7,273.14,21.85,16.39,35.2,15,0,47.88,16.4285,"Base","DC01835"
51,52,"H","FALSE",10,198000,0.108445,2454.12,2963.16,237.05,177.79,79.2,15,0,20.74,8.7494,"Base","DC01836"
47,48,"H","FALSE",10,175000,0.076139,1501.62,1844.9,147.59,110.69,70,15,0,22.86,8.8733,"Base","DC01837"
27,30,"F","TRUE",25,210000,0.045465,488.18,682.77,54.62,40.97,84,15,0,39.86,19.5578,"Base","DC01838"
52,56,"H","TRUE",15,238000,0.265771,5444.55,6459.01,516.72,387.54,95.2,15,0,18.63,11.6178,"Base","DC01839"
49,50,"H","FALSE",10,77000,0.090842,793.32,975.72,78.06,58.54,30.8,15,0,22.99,8.8172,"Base","DC01842"
30,31,"F","FALSE",15,399000,0.020112,617.53,921.08,73.69,55.26,159.6,15,0,49.16,12.9951,"Base","DC01843"
25,26,"H","FALSE",20,253000,0.03687,568.32,795.96,63.68,47.76,101.2,15,0,40.05,16.4132,"Base","DC01844"
33,34,"F","FALSE",10,580000,0.014301,910.76,1346.24,107.7,80.77,232,15,0,47.81,9.1073,"Base","DC01845"
29,30,"H","FALSE",10,53000,0.018239,106.34,165.75,13.26,9.94,21.2,15,0,55.86,9.0904,"Base","DC01846"
28,29,"H","FALSE",15,501000,0.029288,1133.93,1568.99,125.52,94.14,200.4,15,0,38.37,12.9401,"Base","DC01847"
24,25,"H","FALSE",20,90000,0.034482,188.9,278.95,22.32,16.74,36,15,0,47.67,16.4285,"Base","DC01848"
37,38,"F","FALSE",30,83000,0.137566,526.46,668.21,53.46,40.09,33.2,15,0,26.92,21.6882,"Base","DC01849"
54,58,"H","TRUE",15,125000,0.311315,3432.19,4066.5,325.32,243.99,50,15,0,18.48,11.3381,"Base","DC01850"
52,53,"H","FALSE",10,34000,0.118483,462.48,571.02,45.68,34.26,13.6,15,0,23.47,8.7105,"Base","DC01851"
20,21,"F","FALSE",20,171000,0.01567,161.78,285.1,22.81,17.11,68.4,15,0,76.22,16.5627,"Base","DC01852"
60,61,"H","FALSE",10,125000,0.237053,3598.92,4260.37,340.83,255.62,50,15,0,18.38,8.2335,"Base","DC01853"
45,46,"F","FALSE",15,3e+05,0.074508,1758.35,2201.57,176.13,132.09,120,15,0,25.21,12.7123,"Base","DC01854"
47,48,"F","FALSE",23,126000,0.19011,1386.73,1688.53,135.08,101.31,50.4,15,0,21.76,17.2736,"Base","DC01855"
58,59,"H","FALSE",12,427000,0.252261,11198.76,13237.86,1059.03,794.27,170.8,15,0,18.21,9.6185,"Base","DC01856"
24,25,"H","FALSE",10,80000,0.013553,119.05,193.08,15.45,11.58,32,15,0,62.19,9.1077,"Base","DC01857"
31,32,"H","FALSE",20,294000,0.057186,1032.59,1354.87,108.39,81.29,117.6,15,0,31.21,16.282,"Base","DC01858"
36,37,"H","FALSE",15,638000,0.053504,2664.11,3411.99,272.96,204.72,255.2,15,0,28.07,12.813,"Base","DC01859"
20,21,"H","FALSE",5,233000,0.005267,255.81,423.27,33.86,25.4,93.2,15,0,65.46,4.7976,"Base","DC01860"
22,23,"H","FALSE",20,173000,0.030348,319.07,468.91,37.51,28.13,69.2,15,0,46.96,16.455,"Base","DC01861"
27,28,"F","FALSE",20,146000,0.025405,224.77,346.71,27.74,20.8,58.4,15,0,54.25,16.5018,"Base","DC01862"
29,30,"F","FALSE",25,109000,0.045465,253.39,362.78,29.02,21.77,43.6,15,0,43.17,19.5578,"Base","DC01863"
44,45,"F","FALSE",25,160000,0.171874,1478.25,1810.76,144.86,108.65,64,15,0,22.49,18.6029,"Base","DC01864"
31,32,"F","FALSE",25,68000,0.053941,188.14,267.83,21.43,16.07,27.2,15,0,42.36,19.4964,"Base","DC01865"
41,42,"H","FALSE",15,1079000,0.08111,6909.61,8553.73,684.3,513.22,431.6,15,0,23.79,12.6661,"Base","DC01866"
37,40,"F","TRUE",15,145000,0.042945,483.56,647.16,51.77,38.83,58,15,0,33.83,12.8774,"Base","DC01867"
58,59,"H","FALSE",10,91000,0.200123,2171.69,2584.99,206.8,155.1,36.4,15,0,19.03,8.3857,"Base","DC01868"
58,59,"F","FALSE",12,86000,0.178206,1534.38,1841.6,147.33,110.5,34.4,15,0,20.02,9.9882,"Base","DC01869"
53,54,"H","FALSE",15,287000,0.225744,5464.66,6505.19,520.41,390.31,114.8,15,0,19.04,11.8559,"Base","DC01870"
38,39,"F","FALSE",20,121000,0.064566,480.66,632.63,50.61,37.96,48.4,15,0,31.62,16.2535,"Base","DC01871"
41,42,"H","FALSE",15,417000,0.08111,2670.35,3316.45,265.32,198.99,166.8,15,0,24.2,12.6661,"Base","DC01872"
34,37,"F","TRUE",20,374000,0.053958,1236.45,1629.13,130.33,97.75,149.6,15,0,31.76,16.3213,"Base","DC01873"
49,53,"H","TRUE",10,278000,0.118483,3781.46,4543.79,363.5,272.63,111.2,15,0,20.16,8.7105,"Base","DC01874"
31,32,"H","FALSE",15,175000,0.036276,491.99,670.91,53.67,40.25,70,15,0,36.37,12.9036,"Base","DC01875"
31,35,"H","TRUE",10,80000,0.025906,228.7,320.59,25.65,19.24,32,15,0,40.18,9.062,"Base","DC01876"
28,29,"H","FALSE",10,189000,0.017108,355.54,518.77,41.5,31.13,75.6,15,0,45.91,9.0945,"Base","DC01877"
53,57,"H","TRUE",10,101000,0.168387,1997.6,2387.21,190.98,143.23,40.4,15,0,19.5,8.5138,"Base","DC01878"
40,44,"H","TRUE",15,65000,0.096223,496.99,625.57,50.05,37.53,26,15,0,25.87,12.5847,"Base","DC01879"
44,48,"H","TRUE",20,359000,0.213842,5046.75,6052.73,484.22,363.16,143.6,15,0,19.93,15.2117,"Base","DC01880"
45,46,"F","FALSE",20,38000,0.122397,292.97,375.78,30.06,22.55,15.2,15,0,28.27,15.8756,"Base","DC01881"
59,60,"H","FALSE",11,1041000,0.245391,28599.91,33757.34,2700.59,2025.44,416.4,15,0,18.03,8.9319,"Base","DC01882"
20,21,"F","FALSE",20,115000,0.01567,108.8,197.44,15.8,11.85,46,15,0,81.47,16.5627,"Base","DC01883"
34,38,"H","TRUE",15,151000,0.058045,685.35,884.59,70.77,53.08,60.4,15,0,29.07,12.789,"Base","DC01884"
44,45,"H","FALSE",15,817000,0.104857,6832.73,8342.48,667.4,500.55,326.8,15,0,22.1,12.5379,"Base","DC01885"
25,29,"H","TRUE",10,248000,0.017108,466.53,675.27,54.02,40.52,99.2,15,0,44.74,9.0945,"Base","DC01886"
24,25,"F","FALSE",20,134000,0.020371,165.11,271.75,21.74,16.31,53.6,15,0,64.59,16.5333,"Base","DC01887"
56,57,"H","FALSE",10,66000,0.168387,1305.36,1566.01,125.28,93.96,26.4,15,0,19.97,8.5138,"Base","DC01888"
32,33,"H","FALSE",15,83000,0.039095,251.76,348.79,27.9,20.93,33.2,15,0,38.54,12.8888,"Base","DC01889"
42,43,"F","FALSE",15,178000,0.056427,784.24,1012.14,80.97,60.73,71.2,15,0,29.06,12.8072,"Base","DC01890"
24,25,"H","FALSE",10,199000,0.013553,296.13,454.33,36.35,27.26,79.6,15,0,53.43,9.1077,"Base","DC01891"
51,52,"F","FALSE",19,59000,0.192123,768.08,937.99,75.04,56.28,23.6,15,0,22.12,14.758,"Base","DC01892"
45,46,"H","FALSE",15,217000,0.114284,1986.13,2427.82,194.23,145.67,86.8,15,0,22.24,12.4865,"Base","DC01893"
34,35,"F","FALSE",15,116000,0.027774,248.67,360.55,28.84,21.63,46.4,15,0,44.99,12.9557,"Base","DC01894"
45,46,"H","FALSE",15,134000,0.114284,1226.46,1505.88,120.47,90.35,53.6,15,0,22.78,12.4865,"Base","DC01895"
24,25,"H","FALSE",10,211000,0.013553,313.98,480.68,38.45,28.84,84.4,15,0,53.09,9.1077,"Base","DC01896"
44,47,"F","TRUE",10,82000,0.044493,405.56,527.16,42.17,31.63,32.8,15,0,29.98,8.9961,"Base","DC01897"
48,49,"F","FALSE",15,81000,0.098587,634.56,792.98,63.44,47.58,32.4,15,0,24.96,12.5844,"Base","DC01898"
60,61,"H","FALSE",5,192000,0.104673,4356.35,5172.27,413.78,310.34,76.8,15,0,18.73,4.6133,"Base","DC01899"
39,43,"H","TRUE",15,510000,0.088326,3567.38,4402.76,352.22,264.17,204,15,0,23.42,12.6273,"Base","DC01900"
58,59,"H","FALSE",10,288000,0.200123,6873.05,8143.32,651.47,488.6,115.2,15,0,18.48,8.3857,"Base","DC01901"
30,31,"H","FALSE",30,36000,0.115203,190.07,255.2,20.42,15.31,14.4,15,0,34.27,21.8199,"Base","DC01902"
43,44,"H","FALSE",20,57000,0.153487,559.48,694.51,55.56,41.67,22.8,15,0,24.14,15.6375,"Base","DC01903"
31,32,"F","FALSE",25,273000,0.053941,755.31,1022.69,81.81,61.36,109.2,15,0,35.4,19.4964,"Base","DC01904"
52,56,"H","TRUE",18,78000,0.341761,2045.36,2432.04,194.56,145.92,31.2,15,0,18.91,13.0331,"Base","DC01905"
60,61,"H","FALSE",10,534000,0.237053,15374.57,18143.22,1451.46,1088.59,213.6,15,0,18.01,8.2335,"Base","DC01906"
38,39,"H","FALSE",10,102000,0.035391,399.92,529.9,42.39,31.79,40.8,15,0,32.5,9.0267,"Base","DC01907"
55,56,"H","FALSE",15,162000,0.265771,3705.95,4402.04,352.16,264.12,64.8,15,0,18.78,11.6178,"Base","DC01908"
43,46,"F","TRUE",20,260000,0.122397,2004.54,2469.23,197.54,148.15,104,15,0,23.18,15.8756,"Base","DC01909"
60,61,"F","FALSE",10,132000,0.167242,2589.33,3089.68,247.17,185.38,52.8,15,0,19.32,8.5257,"Base","DC01910"
46,47,"H","FALSE",24,208000,0.267987,3244.23,3886.54,310.92,233.19,83.2,15,0,19.8,17.1817,"Base","DC01911"
29,30,"H","FALSE",10,160000,0.018239,321.03,465.15,37.21,27.91,64,15,0,44.89,9.0904,"Base","DC01912"
46,47,"H","FALSE",20,93000,0.197005,1194.96,1450.18,116.01,87.01,37.2,15,0,21.36,15.3323,"Base","DC01913"
51,52,"F","FALSE",19,105000,0.192123,1366.91,1655.71,132.46,99.34,42,15,0,21.13,14.758,"Base","DC01914"
48,49,"H","FALSE",15,82000,0.147948,986.27,1202.4,96.19,72.14,32.8,15,0,21.91,12.3006,"Base","DC01915"
37,38,"F","FALSE",20,160000,0.059004,579.57,765.78,61.26,45.95,64,15,0,32.13,16.2891,"Base","DC01916"
42,45,"F","TRUE",15,143000,0.06789,761.6,969.54,77.56,58.17,57.2,15,0,27.3,12.7471,"Base","DC01917"
46,47,"H","FALSE",24,90000,0.267987,1403.75,1691.57,135.33,101.49,36,15,0,20.5,17.1817,"Base","DC01918"
26,30,"H","TRUE",15,134000,0.031395,325.39,458.12,36.65,27.49,53.6,15,0,40.79,12.9291,"Base","DC01919"
29,30,"F","FALSE",15,237000,0.018639,339.73,522.71,41.82,31.36,94.8,15,0,53.86,13.0026,"Base","DC01920"
25,26,"H","FALSE",10,180000,0.014315,282.99,430.23,34.42,25.81,72,15,0,52.03,9.1048,"Base","DC01921"
41,42,"F","FALSE",10,231000,0.028089,716.45,957.96,76.64,57.48,92.4,15,0,33.71,9.0567,"Base","DC01922"
22,23,"F","FALSE",20,153000,0.01778,164.37,279.73,22.38,16.78,61.2,15,0,70.18,16.5495,"Base","DC01923"
28,29,"F","FALSE",10,239000,0.00996,260.93,432.01,34.56,25.92,95.6,15,0,65.57,9.1231,"Base","DC01924"
31,32,"H","FALSE",10,49000,0.020864,112.58,171.14,13.69,10.27,19.6,15,0,52.01,9.0806,"Base","DC01925"
55,59,"H","TRUE",15,112000,0.33616,3367.27,3984.96,318.8,239.1,44.8,15,0,18.34,11.1811,"Base","DC01926"
27,30,"F","TRUE",10,126000,0.010659,147.25,247.26,19.78,14.84,50.4,15,0,67.92,9.1206,"Base","DC01927"
28,29,"H","FALSE",10,151000,0.017108,284.06,417.97,33.44,25.08,60.4,15,0,47.14,9.0945,"Base","DC01928"
26,27,"H","FALSE",10,49000,0.015155,81.59,135.11,10.81,8.11,19.6,15,0,65.59,9.1017,"Base","DC01929"
51,54,"F","TRUE",15,403000,0.1567,5147.49,6190.34,495.23,371.42,161.2,15,0,20.26,12.2681,"Base","DC01930"
24,25,"F","FALSE",15,294000,0.013171,297.16,499.72,39.98,29.98,117.6,15,0,68.17,13.0306,"Base","DC01931"
26,27,"F","FALSE",20,168000,0.023553,239.62,374.2,29.94,22.45,67.2,15,0,56.17,16.5134,"Base","DC01932"
32,36,"H","TRUE",20,298000,0.078715,1453.24,1845.86,147.67,110.75,119.2,15,0,27.02,16.1413,"Base","DC01933"
44,47,"F","TRUE",15,136000,0.081791,877.69,1101.26,88.1,66.08,54.4,15,0,25.47,12.6738,"Base","DC01934"
37,38,"H","FALSE",10,247000,0.032665,892.81,1170.47,93.64,70.23,98.8,15,0,31.1,9.0369,"Base","DC01935"
30,31,"H","FALSE",20,275000,0.052947,892.75,1183.43,94.67,71.01,110,15,0,32.56,16.3095,"Base","DC01936"
44,45,"H","FALSE",10,299000,0.058587,1959.5,2435,194.8,146.1,119.6,15,0,24.27,8.9398,"Base","DC01937"
35,36,"F","FALSE",25,129000,0.076737,512.12,672.93,53.83,40.38,51.6,15,0,31.4,19.3295,"Base","DC01938"
54,55,"H","FALSE",16,134000,0.268368,2931.68,3488.7,279.1,209.32,53.6,15,0,19,12.2664,"Base","DC01939"
20,21,"F","FALSE",20,440000,0.01567,416.28,706.14,56.49,42.37,176,15,0,69.63,16.5627,"Base","DC01940"
41,42,"H","FALSE",10,59000,0.045341,297.58,390.91,31.27,23.45,23.6,15,0,31.36,8.9895,"Base","DC01941"
34,35,"H","FALSE",15,247000,0.045613,876.46,1151.47,92.12,69.09,98.8,15,0,31.38,12.8546,"Base","DC01942"
44,45,"H","FALSE",25,274000,0.246346,3763.45,4520.99,361.68,271.26,109.6,15,0,20.13,17.9354,"Base","DC01943"
60,61,"F","FALSE",10,41000,0.167242,804.26,971.7,77.74,58.3,16.4,15,0,20.82,8.5257,"Base","DC01944"
55,58,"F","TRUE",10,127000,0.126385,1847.96,2225.31,178.02,133.52,50.8,15,0,20.42,8.6858,"Base","DC01945"
44,45,"F","FALSE",10,437000,0.03693,1788.39,2300.23,184.02,138.01,174.8,15,0,28.62,9.0241,"Base","DC01946"
49,50,"H","FALSE",15,161000,0.161173,2122.32,2560.14,204.81,153.61,64.4,15,0,20.63,12.2266,"Base","DC01947"
50,51,"H","FALSE",15,116000,0.175505,1676.21,2020.47,161.64,121.23,46.4,15,0,20.54,12.1457,"Base","DC01948"
26,27,"H","FALSE",25,89000,0.0583,266.99,369.29,29.54,22.16,35.6,15,0,38.32,19.4339,"Base","DC01949"
22,23,"F","FALSE",20,115000,0.01778,123.55,214.59,17.17,12.88,46,15,0,73.69,16.5495,"Base","DC01950"
26,27,"H","FALSE",20,239000,0.0395,575.77,798.1,63.85,47.89,95.6,15,0,38.62,16.3963,"Base","DC01951"
39,40,"H","FALSE",15,183000,0.068512,984.64,1247.49,99.8,74.85,73.2,15,0,26.69,12.7334,"Base","DC01952"
28,29,"F","FALSE",15,117000,0.017309,155.67,252.87,20.23,15.17,46.8,15,0,62.44,13.0094,"Base","DC01954"
23,24,"H","FALSE",10,109000,0.012863,153.9,247.09,19.77,14.83,43.6,15,0,60.55,9.1102,"Base","DC01955"
35,36,"H","FALSE",10,78000,0.027944,240.72,333.63,26.69,20.02,31.2,15,0,38.6,9.0544,"Base","DC01956"
50,53,"F","TRUE",20,205000,0.228708,3096.55,3713.43,297.07,222.81,82,15,0,19.92,15.1411,"Base","DC01957"
55,56,"H","FALSE",15,328000,0.265771,7503.41,8894.9,711.59,533.69,131.2,15,0,18.54,11.6178,"Base","DC01958"
47,51,"H","TRUE",15,130000,0.175505,1878.51,2262.22,180.98,135.73,52,15,0,20.43,12.1457,"Base","DC01959"
58,59,"F","FALSE",12,296000,0.178206,5281.11,6295.94,503.68,377.76,118.4,15,0,19.22,9.9882,"Base","DC01960"
27,28,"H","FALSE",20,151000,0.042396,390.88,542.19,43.38,32.53,60.4,15,0,38.71,16.3777,"Base","DC01961"
24,25,"H","FALSE",20,110000,0.034482,230.88,337.07,26.97,20.22,44,15,0,45.99,16.4285,"Base","DC01962"
40,44,"H","TRUE",15,232000,0.096223,1773.89,2188.01,175.04,131.28,92.8,15,0,23.35,12.5847,"Base","DC01963"
47,48,"H","FALSE",10,58000,0.076139,497.68,623.12,49.85,37.39,23.2,15,0,25.2,8.8733,"Base","DC01964"
33,34,"H","FALSE",15,86000,0.042198,281.92,385.26,30.82,23.12,34.4,15,0,36.65,12.8725,"Base","DC01965"
53,54,"F","FALSE",17,339000,0.190999,4815.79,5774.87,461.99,346.49,135.6,15,0,19.92,13.4451,"Base","DC01966"
50,54,"H","TRUE",20,230000,0.34173,5519.77,6542.76,523.42,392.57,92,15,0,18.53,14.2393,"Base","DC01967"
58,62,"H","TRUE",5,170000,0.11467,4243.09,5030.34,402.43,301.82,68,15,0,18.55,4.5943,"Base","DC01968"
32,35,"F","TRUE",10,127000,0.015472,215.86,327.51,26.2,19.65,50.8,15,0,51.72,9.103,"Base","DC01969"
28,29,"F","FALSE",25,177000,0.041816,377.93,539.22,43.14,32.35,70.8,15,0,42.68,19.5841,"Base","DC01970"
34,35,"H","FALSE",25,30000,0.109415,172.33,231.78,18.54,13.91,12,15,0,34.5,19.0472,"Base","DC01971"
57,58,"F","FALSE",10,91000,0.126385,1324.13,1599.45,127.96,95.97,36.4,15,0,20.79,8.6858,"Base","DC01972"
21,24,"F","TRUE",15,89000,0.012377,84.51,157.1,12.57,9.43,35.6,15,0,85.9,13.0346,"Base","DC01973"
33,34,"H","FALSE",15,155000,0.042198,508.11,680.36,54.43,40.82,62,15,0,33.9,12.8725,"Base","DC01974"
36,37,"H","FALSE",10,246000,0.03019,820.98,1086.49,86.92,65.19,98.4,15,0,32.34,9.0461,"Base","DC01975"
39,40,"F","FALSE",5,108000,0.009846,222.01,325.83,26.07,19.55,43.2,15,0,46.76,4.7896,"Base","DC01977"
34,35,"F","FALSE",15,89000,0.027774,190.79,280.69,22.46,16.84,35.6,15,0,47.12,12.9557,"Base","DC01978"
30,31,"H","FALSE",15,155000,0.033718,404.6,560,44.8,33.6,62,15,0,38.41,12.917,"Base","DC01979"
40,41,"H","FALSE",10,152000,0.041702,704.05,906.8,72.54,54.41,60.8,15,0,28.8,9.0031,"Base","DC01980"
50,51,"H","FALSE",5,71000,0.041982,630.11,783.15,62.65,46.99,28.4,15,0,24.29,4.7305,"Base","DC01981"
49,50,"H","FALSE",15,62000,0.161173,817.29,996.62,79.73,59.8,24.8,15,0,21.94,12.2266,"Base","DC01982"
25,29,"H","TRUE",10,149000,0.017108,280.29,412.67,33.01,24.76,59.6,15,0,47.23,9.0945,"Base","DC01983"
47,48,"H","FALSE",20,295000,0.213842,4147.05,4976.8,398.14,298.61,118,15,0,20.01,15.2117,"Base","DC01984"
29,30,"H","FALSE",10,97000,0.018239,194.62,288.87,23.11,17.33,38.8,15,0,48.42,9.0904,"Base","DC01985"
54,55,"H","FALSE",10,460000,0.141352,7542.24,9001.45,720.12,540.09,184,15,0,19.35,8.621,"Base","DC01986"
30,31,"H","FALSE",25,127000,0.079281,522.32,683.86,54.71,41.03,50.8,15,0,30.93,19.2768,"Base","DC01987"
60,61,"F","FALSE",10,72000,0.167242,1412.36,1693.21,135.46,101.59,28.8,15,0,19.89,8.5257,"Base","DC01988"
33,34,"H","FALSE",15,143000,0.042198,468.77,629.04,50.32,37.74,57.2,15,0,34.19,12.8725,"Base","DC01990"
50,54,"H","TRUE",15,150000,0.225744,2856.09,3408.25,272.66,204.49,60,15,0,19.33,11.8559,"Base","DC01991"
24,25,"F","FALSE",20,261000,0.020371,321.59,512.77,41.02,30.77,104.4,15,0,59.45,16.5333,"Base","DC01992"
57,58,"H","FALSE",13,194000,0.257846,4859.14,5757.83,460.63,345.47,77.6,15,0,18.49,10.2944,"Base","DC01993"
51,52,"H","FALSE",19,114000,0.27191,2188.32,2615.02,209.2,156.9,45.6,15,0,19.5,14.1651,"Base","DC01994"
27,30,"F","TRUE",15,381000,0.018639,546.15,829.71,66.38,49.78,152.4,15,0,51.92,13.0026,"Base","DC01995"
45,46,"H","FALSE",10,254000,0.063902,1819.7,2251.51,180.12,135.09,101.6,15,0,23.73,8.9197,"Base","DC01996"
40,41,"F","FALSE",15,123000,0.047002,449.68,597.54,47.8,35.85,49.2,15,0,32.88,12.8563,"Base","DC01997"
28,29,"F","FALSE",10,93000,0.00996,101.53,178.76,14.3,10.73,37.2,15,0,76.06,9.1231,"Base","DC01998"
27,30,"F","TRUE",15,316000,0.018639,452.98,691.13,55.29,41.47,126.4,15,0,52.58,13.0026,"Base","DC01999"
20,21,"H","FALSE",15,2e+05,0.01816,279.43,435.38,34.83,26.12,80,15,0,55.81,12.998,"Base","DC02000"
21,22,"H","FALSE",20,243000,0.028564,421.53,620.62,49.65,37.24,97.2,15,0,47.23,16.4664,"Base","DC02001"
32,33,"H","FALSE",20,151000,0.061843,574.6,755.82,60.47,45.35,60.4,15,0,31.54,16.2517,"Base","DC02002"
60,64,"H","TRUE",10,479000,0.30302,18252.05,21463.54,1717.08,1287.81,191.6,15,0,17.6,7.9523,"Base","DC02003"
43,44,"F","FALSE",5,139000,0.013945,405.32,553.4,44.27,33.2,55.6,15,0,36.53,4.7822,"Base","DC02004"
42,43,"H","FALSE",25,177000,0.210274,2040.44,2472.38,197.79,148.34,70.8,15,0,21.17,18.2404,"Base","DC02005"
27,28,"F","FALSE",15,77000,0.016109,95.3,164.07,13.13,9.84,30.8,15,0,72.16,13.0155,"Base","DC02006"
49,50,"F","FALSE",10,110000,0.059065,726.6,913.49,73.08,54.81,44,15,0,25.72,8.9418,"Base","DC02007"
29,30,"H","FALSE",25,159000,0.07329,603.11,792.68,63.41,47.56,63.6,15,0,31.43,19.3219,"Base","DC02008"
32,33,"F","FALSE",20,103000,0.038089,238.9,343.14,27.45,20.59,41.2,15,0,43.63,16.422,"Base","DC02009"
20,23,"F","TRUE",15,367000,0.011661,328.23,569.8,45.58,34.19,146.8,15,0,73.6,13.0383,"Base","DC02010"
38,39,"F","FALSE",10,207000,0.021568,491.66,685.42,54.83,41.13,82.8,15,0,39.41,9.0807,"Base","DC02011"
29,30,"H","FALSE",20,291000,0.04909,874.54,1169.7,93.58,70.18,116.4,15,0,33.75,16.3345,"Base","DC02012"
59,60,"H","FALSE",10,42000,0.21791,1100.98,1317.18,105.37,79.03,16.8,15,0,19.64,8.3128,"Base","DC02013"
35,39,"H","TRUE",15,57000,0.063035,281.53,371.31,29.7,22.28,22.8,15,0,31.89,12.7625,"Base","DC02014"
36,37,"F","FALSE",15,40000,0.032945,101.92,154.56,12.37,9.27,16,15,0,51.64,12.9291,"Base","DC02015"
43,44,"H","FALSE",27,219000,0.261963,3034.77,3648.11,291.85,218.89,87.6,15,0,20.21,18.9042,"Base","DC02016"
47,48,"H","FALSE",23,444000,0.269491,7211.18,8609.04,688.72,516.54,177.6,15,0,19.38,16.5929,"Base","DC02017"
23,24,"H","FALSE",25,35000,0.04698,84.25,131.68,10.53,7.9,14,15,0,56.31,19.5177,"Base","DC02018"
29,30,"H","FALSE",10,175000,0.018239,351.13,507.12,40.57,30.43,70,15,0,44.43,9.0904,"Base","DC02019"
28,29,"H","FALSE",15,317000,0.029288,717.48,999.16,79.93,59.95,126.8,15,0,39.26,12.9401,"Base","DC02020"
32,33,"H","FALSE",10,321000,0.022383,791.73,1087.36,86.99,65.24,128.4,15,0,37.34,9.075,"Base","DC02021"
27,28,"F","FALSE",25,349000,0.038512,685.48,976.83,78.15,58.61,139.6,15,0,42.5,19.6079,"Base","DC02022"
27,28,"H","FALSE",15,171000,0.027376,361.49,517.31,41.39,31.04,68.4,15,0,43.11,12.9501,"Base","DC02023"
33,34,"H","FALSE",10,79000,0.024059,209.58,297.88,23.83,17.87,31.6,15,0,42.13,9.0688,"Base","DC02024"
35,36,"H","FALSE",20,228000,0.078715,1111.88,1416.37,113.31,84.98,91.2,15,0,27.39,16.1413,"Base","DC02025"
35,36,"H","FALSE",30,125000,0.172044,1008.5,1248.25,99.86,74.9,50,15,0,23.77,21.3242,"Base","DC02026"
35,36,"F","FALSE",20,61000,0.049384,184.24,260.05,20.8,15.6,24.4,15,0,41.15,16.3504,"Base","DC02027"
55,56,"F","FALSE",10,149000,0.104593,1777.07,2153.11,172.25,129.19,59.6,15,0,21.16,8.7696,"Base","DC02028"
49,50,"F","FALSE",21,128000,0.19171,1530.43,1856.55,148.52,111.39,51.2,15,0,21.31,16.0339,"Base","DC02029"
40,41,"F","FALSE",25,110000,0.120312,696.43,878.41,70.27,52.7,44,15,0,26.13,19.0031,"Base","DC02030"
50,51,"H","FALSE",20,403000,0.271944,7413.5,8825.23,706.02,529.51,161.2,15,0,19.04,14.783,"Base","DC02031"
23,24,"H","FALSE",10,37000,0.012863,52.24,95.4,7.63,5.72,14.8,15,0,82.61,9.1102,"Base","DC02032"
29,32,"F","TRUE",15,186000,0.021745,311.44,466.09,37.29,27.97,74.4,15,0,49.66,12.9867,"Base","DC02033"
31,32,"F","FALSE",20,235000,0.035016,500.49,708.71,56.7,42.52,94,15,0,41.6,16.4414,"Base","DC02035"
55,56,"F","FALSE",5,417000,0.043416,3828.75,4663.43,373.07,279.81,166.8,15,0,21.8,4.7285,"Base","DC02036"
47,48,"F","FALSE",10,133000,0.048879,723.95,921.1,73.69,55.27,53.2,15,0,27.23,8.9798,"Base","DC02037"
47,48,"H","FALSE",15,175000,0.135767,1920.98,2332.53,186.6,139.95,70,15,0,21.42,12.3683,"Base","DC02038"
21,22,"H","FALSE",25,99000,0.041042,207.71,305.02,24.4,18.3,39.6,15,0,46.84,19.5615,"Base","DC02040"
36,37,"F","FALSE",10,859000,0.018208,1720.11,2417.1,193.37,145.03,343.6,15,0,40.52,9.093,"Base","DC02041"
30,31,"H","FALSE",10,75000,0.019487,160.86,239.37,19.15,14.36,30,15,0,48.81,9.0857,"Base","DC02043"
20,21,"H","FALSE",10,106000,0.01116,129.76,217.63,17.41,13.06,42.4,15,0,67.71,9.1165,"Base","DC02044"
50,54,"H","TRUE",20,167000,0.34173,4007.84,4755.39,380.43,285.32,66.8,15,0,18.65,14.2393,"Base","DC02045"
29,30,"H","FALSE",20,269000,0.04909,808.43,1082.59,86.61,64.96,107.6,15,0,33.91,16.3345,"Base","DC02047"
48,49,"H","FALSE",15,102000,0.147948,1226.82,1491.42,119.31,89.49,40.8,15,0,21.57,12.3006,"Base","DC02048"
43,44,"H","FALSE",10,78000,0.053748,468,597.91,47.83,35.87,31.2,15,0,27.76,8.958,"Base","DC02049"
40,44,"H","TRUE",5,98000,0.022728,467.35,606.45,48.52,36.39,39.2,15,0,29.76,4.7658,"Base","DC02050"
31,32,"F","FALSE",25,183000,0.053941,506.31,691.29,55.3,41.48,73.2,15,0,36.54,19.4964,"Base","DC02051"
42,43,"F","FALSE",15,241000,0.056427,1061.81,1364.2,109.14,81.85,96.4,15,0,28.48,12.8072,"Base","DC02052"
59,62,"F","TRUE",10,118000,0.183344,2556.79,3045.34,243.63,182.72,47.2,15,0,19.11,8.4616,"Base","DC02053"
59,60,"H","FALSE",11,24000,0.245391,659.36,795.31,63.62,47.72,9.6,15,0,20.62,8.9319,"Base","DC02054"
39,40,"H","FALSE",15,115000,0.068512,618.76,790.42,63.23,47.43,46,15,0,27.74,12.7334,"Base","DC02056"
21,22,"F","FALSE",15,169000,0.011015,142.74,262.03,20.96,15.72,67.6,15,0,83.57,13.0416,"Base","DC02057"
42,43,"H","FALSE",10,337000,0.049345,1852.94,2328.76,186.3,139.73,134.8,15,0,25.68,8.9745,"Base","DC02058"
42,43,"H","FALSE",25,161000,0.210274,1856,2250.46,180.04,135.03,64.4,15,0,21.25,18.2404,"Base","DC02059"
26,27,"H","FALSE",20,315000,0.0395,758.86,1046.34,83.71,62.78,126,15,0,37.88,16.3963,"Base","DC02060"
44,45,"H","FALSE",20,267000,0.16688,2866.4,3474.66,277.97,208.48,106.8,15,0,21.22,15.5445,"Base","DC02061"
41,42,"F","FALSE",10,251000,0.028089,778.48,1039.39,83.15,62.36,100.4,15,0,33.52,9.0567,"Base","DC02062"
22,26,"H","TRUE",25,241000,0.054165,670.64,909.35,72.75,54.56,96.4,15,0,35.59,19.4646,"Base","DC02063"
58,59,"H","FALSE",12,117000,0.252261,3068.51,3639.9,291.19,218.39,46.8,15,0,18.62,9.6185,"Base","DC02064"
35,36,"F","FALSE",15,111000,0.030228,259.24,370.51,29.64,22.23,44.4,15,0,42.92,12.9431,"Base","DC02065"
30,34,"H","TRUE",5,220000,0.010501,482.49,680.8,54.46,40.85,88,15,0,41.1,4.7881,"Base","DC02066"
34,38,"H","TRUE",5,62000,0.014019,181.77,257.64,20.61,15.46,24.8,15,0,41.74,4.7817,"Base","DC02067"
48,49,"H","FALSE",10,346000,0.083156,3252.33,3960.16,316.81,237.61,138.4,15,0,21.76,8.8466,"Base","DC02068"
20,23,"F","TRUE",10,251000,0.007,192.35,357.84,28.63,21.47,100.4,15,0,86.04,9.1339,"Base","DC02069"
37,38,"F","FALSE",10,175000,0.019802,381.35,542.27,43.38,32.54,70,15,0,42.2,9.0871,"Base","DC02070"
51,52,"H","FALSE",15,117000,0.191007,1853.47,2227.06,178.16,133.62,46.8,15,0,20.16,12.0573,"Base","DC02071"
24,25,"F","FALSE",15,260000,0.013171,262.79,443.95,35.52,26.64,104,15,0,68.93,13.0306,"Base","DC02072"
27,28,"F","FALSE",25,119000,0.038512,233.73,344.57,27.57,20.67,47.6,15,0,47.42,19.6079,"Base","DC02073"
39,40,"F","FALSE",15,194000,0.042945,646.97,859.96,68.8,51.6,77.6,15,0,32.92,12.8774,"Base","DC02074"
37,38,"F","FALSE",15,95000,0.035949,264.47,369.15,29.53,22.15,38,15,0,39.58,12.9136,"Base","DC02076"
36,40,"H","TRUE",10,202000,0.038395,860.27,1111.71,88.94,66.7,80.8,15,0,29.23,9.0155,"Base","DC02077"
36,40,"H","TRUE",10,196000,0.038395,834.72,1079.2,86.34,64.75,78.4,15,0,29.29,9.0155,"Base","DC02078"
48,49,"H","FALSE",10,235000,0.083156,2208.95,2695.3,215.62,161.72,94,15,0,22.02,8.8466,"Base","DC02079"
20,21,"F","FALSE",20,128000,0.01567,121.1,217.79,17.42,13.07,51.2,15,0,79.84,16.5627,"Base","DC02080"
33,34,"H","FALSE",20,128000,0.066956,528.43,691.44,55.31,41.49,51.2,15,0,30.85,16.2184,"Base","DC02081"
60,61,"F","FALSE",10,394000,0.167242,7728.75,9187.62,735.01,551.26,157.6,15,0,18.88,8.5257,"Base","DC02082"
38,39,"H","FALSE",10,139000,0.035391,544.98,715.8,57.26,42.95,55.6,15,0,31.34,9.0267,"Base","DC02083"
45,46,"H","FALSE",10,218000,0.063902,1561.79,1934.87,154.79,116.09,87.2,15,0,23.89,8.9197,"Base","DC02084"
21,22,"H","FALSE",10,91000,0.011673,116.54,195.28,15.62,11.72,36.4,15,0,67.56,9.1146,"Base","DC02085"
31,32,"F","FALSE",15,43000,0.021745,72,121.16,9.69,7.27,17.2,15,0,68.28,12.9867,"Base","DC02086"
22,23,"H","FALSE",30,263000,0.062275,735.72,995.25,79.62,59.72,105.2,15,0,35.28,22.2615,"Base","DC02087"
35,36,"F","FALSE",20,116000,0.049384,350.36,478.79,38.3,28.73,46.4,15,0,36.66,16.3504,"Base","DC02088"
44,45,"H","FALSE",10,207000,0.058587,1356.58,1691.13,135.29,101.47,82.8,15,0,24.66,8.9398,"Base","DC02089"
39,40,"H","FALSE",30,260000,0.23561,2953.77,3572.99,285.84,214.38,104,15,0,20.96,20.7391,"Base","DC02090"
60,61,"F","FALSE",10,113000,0.167242,2216.62,2647.47,211.8,158.85,45.2,15,0,19.44,8.5257,"Base","DC02091"
21,22,"H","FALSE",5,77000,0.005474,87.87,155.43,12.43,9.33,30.8,15,0,76.89,4.7972,"Base","DC02092"
25,26,"F","FALSE",10,104000,0.008251,94,175.11,14.01,10.51,41.6,15,0,86.3,9.1294,"Base","DC02094"
25,26,"H","FALSE",20,102000,0.03687,229.13,331.31,26.5,19.88,40.8,15,0,44.6,16.4132,"Base","DC02095"
47,48,"H","FALSE",20,187000,0.213842,2628.81,3161.17,252.89,189.67,74.8,15,0,20.25,15.2117,"Base","DC02096"
32,33,"H","FALSE",15,138000,0.039095,418.59,568.36,45.47,34.1,55.2,15,0,35.78,12.8888,"Base","DC02097"
41,42,"H","FALSE",20,305000,0.129754,2504.74,3071.79,245.74,184.31,122,15,0,22.64,15.8,"Base","DC02098"
41,42,"H","FALSE",20,87000,0.129754,714.47,888.68,71.09,53.32,34.8,15,0,24.38,15.8,"Base","DC02099"
59,60,"F","FALSE",11,133000,0.173255,2487.52,2971.77,237.74,178.31,53.2,15,0,19.47,9.2634,"Base","DC02100"
39,42,"F","TRUE",15,620000,0.051482,2487.26,3197.97,255.84,191.88,248,15,0,28.57,12.833,"Base","DC02101"
22,23,"H","FALSE",25,57000,0.043869,127.97,192.75,15.42,11.57,22.8,15,0,50.63,19.5407,"Base","DC02103"
31,32,"F","FALSE",20,98000,0.035016,208.72,305.72,24.46,18.34,39.2,15,0,46.47,16.4414,"Base","DC02104"
59,60,"F","FALSE",10,122000,0.152432,2166.4,2593.25,207.46,155.6,48.8,15,0,19.7,8.5842,"Base","DC02105"
21,22,"F","FALSE",20,208000,0.01667,209.43,357.71,28.62,21.46,83.2,15,0,70.8,16.5564,"Base","DC02106"
39,40,"H","FALSE",10,51000,0.038395,217.2,293.72,23.5,17.62,20.4,15,0,35.23,9.0155,"Base","DC02107"
42,43,"H","FALSE",10,299000,0.049345,1644,2068.14,165.45,124.09,119.6,15,0,25.8,8.9745,"Base","DC02108"
46,47,"F","FALSE",10,233000,0.044493,1152.38,1465.79,117.26,87.95,93.2,15,0,27.2,8.9961,"Base","DC02109"
34,35,"H","FALSE",20,156000,0.072565,699.57,903.45,72.28,54.21,62.4,15,0,29.14,16.1817,"Base","DC02110"
31,32,"H","FALSE",20,115000,0.057186,403.9,540.59,43.25,32.44,46,15,0,33.84,16.282,"Base","DC02111"
32,33,"H","FALSE",20,96000,0.061843,365.31,486.87,38.95,29.21,38.4,15,0,33.28,16.2517,"Base","DC02112"
29,30,"F","FALSE",10,143000,0.010659,167.11,278.27,22.26,16.7,57.2,15,0,66.52,9.1206,"Base","DC02113"
55,59,"H","TRUE",15,576000,0.33616,17317.39,20421.84,1633.75,1225.31,230.4,15,0,17.93,11.1811,"Base","DC02114"
56,57,"F","FALSE",14,176000,0.185418,2861.92,3427.11,274.17,205.63,70.4,15,0,19.75,11.4027,"Base","DC02115"
29,30,"F","FALSE",20,175000,0.029725,315.75,465.99,37.28,27.96,70,15,0,47.58,16.4747,"Base","DC02116"
41,45,"H","TRUE",10,33000,0.058587,216.27,284.26,22.74,17.06,13.2,15,0,31.44,8.9398,"Base","DC02117"
30,33,"F","TRUE",5,1e+05,0.005727,119.39,202.78,16.22,12.17,40,15,0,69.85,4.797,"Base","DC02119"
32,33,"H","FALSE",30,147000,0.135243,918.37,1153.68,92.29,69.22,58.8,15,0,25.62,21.6479,"Base","DC02120"
40,41,"F","FALSE",15,137000,0.047002,500.86,663.56,53.09,39.81,54.8,15,0,32.48,12.8563,"Base","DC02121"
28,32,"H","TRUE",10,98000,0.020864,225.17,324.85,25.99,19.49,39.2,15,0,44.27,9.0806,"Base","DC02122"
59,60,"H","FALSE",11,327000,0.245391,8983.83,10615.85,849.27,636.95,130.8,15,0,18.17,8.9319,"Base","DC02123"
45,46,"F","FALSE",25,345000,0.187602,3502.77,4250.9,340.07,255.05,138,15,0,21.36,18.4776,"Base","DC02124"
43,47,"H","TRUE",20,131000,0.197005,1683.22,2035.6,162.85,122.14,52.4,15,0,20.94,15.3323,"Base","DC02125"
26,27,"H","FALSE",15,62000,0.025642,122.68,188.93,15.11,11.34,24.8,15,0,54,12.9591,"Base","DC02126"
37,38,"H","FALSE",5,88000,0.014019,258,358.37,28.67,21.5,35.2,15,0,38.9,4.7817,"Base","DC02127"
39,40,"F","FALSE",25,584000,0.109952,3365.11,4201.99,336.16,252.12,233.6,15,0,24.87,19.0816,"Base","DC02128"
58,59,"H","FALSE",12,63000,0.252261,1652.28,1968,157.44,118.08,25.2,15,0,19.11,9.6185,"Base","DC02129"
54,57,"F","TRUE",16,155000,0.226471,2796.37,3341.13,267.29,200.47,62,15,0,19.48,12.5531,"Base","DC02130"
31,32,"H","FALSE",20,91000,0.057186,319.61,431.41,34.51,25.88,36.4,15,0,34.98,16.282,"Base","DC02131"
50,51,"H","FALSE",20,232000,0.271944,4267.82,5087.93,407.03,305.28,92.8,15,0,19.22,14.783,"Base","DC02133"
46,50,"H","TRUE",10,204000,0.090842,2101.77,2556.25,204.5,153.37,81.6,15,0,21.62,8.8172,"Base","DC02134"
55,56,"H","FALSE",15,143000,0.265771,3271.3,3887.8,311.02,233.27,57.2,15,0,18.85,11.6178,"Base","DC02135"
40,41,"F","FALSE",25,376000,0.120312,2380.53,2960.39,236.83,177.62,150.4,15,0,24.36,19.0031,"Base","DC02136"
58,59,"H","FALSE",10,189000,0.200123,4510.44,5350.05,428,321,75.6,15,0,18.61,8.3857,"Base","DC02137"
39,40,"F","FALSE",25,184000,0.109952,1060.24,1335.86,106.87,80.15,73.6,15,0,26,19.0816,"Base","DC02138"
47,48,"H","FALSE",23,438000,0.269491,7113.73,8492.94,679.44,509.58,175.2,15,0,19.39,16.5929,"Base","DC02139"
26,27,"F","FALSE",10,432000,0.008763,414.74,700.63,56.05,42.04,172.8,15,0,68.93,9.1275,"Base","DC02140"
53,54,"F","FALSE",15,31000,0.1567,395.96,492.28,39.38,29.54,12.4,15,0,24.33,12.2681,"Base","DC02141"
44,45,"H","FALSE",25,83000,0.246346,1140.02,1381.65,110.53,82.9,33.2,15,0,21.2,17.9354,"Base","DC02142"
45,46,"H","FALSE",25,358000,0.266208,5365.17,6422.52,513.8,385.35,143.2,15,0,19.71,17.7632,"Base","DC02144"
49,50,"H","FALSE",15,124000,0.161173,1634.58,1975.8,158.06,118.55,49.6,15,0,20.87,12.2266,"Base","DC02145"
51,52,"H","FALSE",15,532000,0.191007,8427.75,10064.59,805.17,603.88,212.8,15,0,19.42,12.0573,"Base","DC02146"
29,30,"H","FALSE",20,273000,0.04909,820.45,1098.43,87.87,65.91,109.2,15,0,33.88,16.3345,"Base","DC02147"
35,36,"F","FALSE",15,186000,0.030228,434.4,609.07,48.73,36.54,74.4,15,0,40.21,12.9431,"Base","DC02148"
58,59,"H","FALSE",12,156000,0.252261,4091.35,4847.38,387.79,290.84,62.4,15,0,18.48,9.6185,"Base","DC02149"
23,24,"F","FALSE",10,258000,0.007374,208.33,379.68,30.37,22.78,103.2,15,0,82.25,9.1326,"Base","DC02150"
56,60,"H","TRUE",10,58000,0.21791,1520.4,1812.32,144.99,108.74,23.2,15,0,19.2,8.3128,"Base","DC02151"
51,55,"H","TRUE",15,120000,0.245077,2504.68,2985.67,238.85,179.14,48,15,0,19.2,11.7417,"Base","DC02152"
56,59,"F","TRUE",14,55000,0.221686,1088,1308.13,104.65,78.49,22,15,0,20.23,11.2066,"Base","DC02153"
39,40,"F","FALSE",10,87000,0.023525,225.56,320.19,25.62,19.21,34.8,15,0,41.95,9.0735,"Base","DC02154"
39,40,"H","FALSE",10,155000,0.038395,660.11,857.1,68.57,51.43,62,15,0,29.84,9.0155,"Base","DC02155"
20,24,"H","TRUE",10,349000,0.012863,492.77,752.75,60.22,45.17,139.6,15,0,52.76,9.1102,"Base","DC02156"
56,60,"H","TRUE",14,97000,0.332341,3055.25,3615.17,289.21,216.91,38.8,15,0,18.33,10.5514,"Base","DC02157"
22,26,"H","TRUE",25,226000,0.054165,628.9,853.84,68.31,51.23,90.4,15,0,35.77,19.4646,"Base","DC02158"
30,31,"H","FALSE",5,113000,0.008641,203.78,306.95,24.56,18.42,45.2,15,0,50.63,4.7915,"Base","DC02159"
45,49,"H","TRUE",25,204000,0.333051,3959.71,4716.64,377.33,283,81.6,15,0,19.12,17.1584,"Base","DC02161"
30,31,"F","FALSE",10,139000,0.011433,174.3,284.77,22.78,17.09,55.6,15,0,63.38,9.1178,"Base","DC02162"
56,57,"H","FALSE",14,67000,0.262304,1603.41,1913.03,153.04,114.78,26.8,15,0,19.31,10.9606,"Base","DC02163"
55,56,"H","FALSE",15,186000,0.265771,4254.98,5051.61,404.13,303.1,74.4,15,0,18.72,11.6178,"Base","DC02164"
49,50,"H","FALSE",15,296000,0.161173,3901.91,4692.22,375.38,281.53,118.4,15,0,20.25,12.2266,"Base","DC02165"
35,36,"H","FALSE",25,34000,0.118745,212.77,280.66,22.45,16.84,13.6,15,0,31.91,18.9751,"Base","DC02166"
28,29,"H","FALSE",20,60000,0.045583,167.2,239.77,19.18,14.39,24,15,0,43.4,16.3571,"Base","DC02167"
55,56,"H","FALSE",15,110000,0.265771,2516.39,2994.64,239.57,179.68,44,15,0,19.01,11.6178,"Base","DC02168"
54,55,"H","FALSE",16,618000,0.268368,13520.74,16026.67,1282.13,961.6,247.2,15,0,18.53,12.2664,"Base","DC02169"
43,44,"H","FALSE",10,107000,0.053748,642,813.72,65.1,48.82,42.8,15,0,26.75,8.958,"Base","DC02170"
52,53,"F","FALSE",10,117000,0.078598,1036.94,1277.6,102.21,76.66,46.8,15,0,23.21,8.8684,"Base","DC02171"
23,24,"F","FALSE",5,147000,0.003388,103.73,206.43,16.51,12.39,58.8,15,0,99.01,4.8013,"Base","DC02172"
40,44,"H","TRUE",15,254000,0.096223,1942.1,2393.84,191.51,143.63,101.6,15,0,23.26,12.5847,"Base","DC02173"
55,58,"F","TRUE",15,88000,0.224453,1661.99,1990.92,159.27,119.46,35.2,15,0,19.79,11.8845,"Base","DC02174"
46,47,"H","FALSE",10,148000,0.069738,1159.99,1435.11,114.81,86.11,59.2,15,0,23.72,8.8976,"Base","DC02175"
37,38,"F","FALSE",30,69000,0.137566,437.66,558.44,44.68,33.51,27.6,15,0,27.6,21.6882,"Base","DC02176"
54,57,"F","TRUE",16,438000,0.226471,7902.01,9409.54,752.76,564.57,175.2,15,0,19.08,12.5531,"Base","DC02177"
55,56,"H","FALSE",10,310000,0.154315,5582.13,6652.47,532.2,399.15,124,15,0,19.17,8.5698,"Base","DC02178"
49,50,"H","FALSE",15,204000,0.161173,2689.16,3239.25,259.14,194.36,81.6,15,0,20.46,12.2266,"Base","DC02179"
37,38,"F","FALSE",25,155000,0.091821,740.58,950.67,76.05,57.04,62,15,0,28.37,19.2176,"Base","DC02180"
36,37,"H","FALSE",5,127000,0.013005,345.27,477.99,38.24,28.68,50.8,15,0,38.44,4.7835,"Base","DC02181"
42,43,"H","FALSE",10,122000,0.049345,670.8,854.18,68.33,51.25,48.8,15,0,27.34,8.9745,"Base","DC02182"
38,42,"H","TRUE",15,244000,0.08111,1562.51,1947.8,155.82,116.87,97.6,15,0,24.66,12.6661,"Base","DC02183"
37,38,"F","FALSE",10,99000,0.019802,215.74,314.34,25.15,18.86,39.6,15,0,45.71,9.0871,"Base","DC02184"
22,26,"H","TRUE",5,192000,0.006543,261.98,411.37,32.91,24.68,76.8,15,0,57.02,4.7953,"Base","DC02185"
60,61,"H","FALSE",10,268000,0.237053,7716.08,9114.27,729.14,546.86,107.2,15,0,18.12,8.2335,"Base","DC02186"
39,40,"H","FALSE",20,346000,0.10969,2381.65,2947.74,235.82,176.86,138.4,15,0,23.77,15.9355,"Base","DC02187"
32,33,"H","FALSE",20,206000,0.061843,783.9,1024.76,81.98,61.49,82.4,15,0,30.73,16.2517,"Base","DC02188"
20,21,"F","FALSE",25,149000,0.022739,171.8,286.52,22.92,17.19,59.6,15,0,66.77,19.7207,"Base","DC02189"
51,52,"H","FALSE",19,96000,0.27191,1842.79,2204.88,176.39,132.29,38.4,15,0,19.65,14.1651,"Base","DC02190"
43,44,"F","FALSE",5,137000,0.013945,399.49,545.68,43.65,32.74,54.8,15,0,36.6,4.7822,"Base","DC02191"
20,24,"H","TRUE",10,91000,0.012863,128.49,209.17,16.73,12.55,36.4,15,0,62.8,9.1102,"Base","DC02192"
45,46,"F","FALSE",20,391000,0.122397,3014.52,3704.56,296.36,222.27,156.4,15,0,22.89,15.8756,"Base","DC02193"
58,59,"F","FALSE",10,178000,0.138839,2861.21,3427.22,274.18,205.63,71.2,15,0,19.78,8.6374,"Base","DC02194"
55,56,"H","FALSE",15,176000,0.265771,4026.22,4780.95,382.48,286.86,70.4,15,0,18.75,11.6178,"Base","DC02195"
38,39,"H","FALSE",10,459000,0.035391,1799.63,2323.52,185.88,139.41,183.6,15,0,29.11,9.0267,"Base","DC02196"
46,47,"F","FALSE",15,533000,0.081791,3439.76,4265.07,341.21,255.9,213.2,15,0,23.99,12.6738,"Base","DC02197"
41,42,"F","FALSE",15,108000,0.051482,433.26,571.47,45.72,34.29,43.2,15,0,31.9,12.833,"Base","DC02198"
50,54,"H","TRUE",20,144000,0.34173,3455.86,4102.86,328.23,246.17,57.6,15,0,18.72,14.2393,"Base","DC02199"
37,38,"F","FALSE",20,249000,0.059004,901.96,1182.04,94.56,70.92,99.6,15,0,31.05,16.2891,"Base","DC02200"
60,61,"F","FALSE",10,106000,0.167242,2079.31,2484.54,198.76,149.07,42.4,15,0,19.49,8.5257,"Base","DC02201"
55,56,"F","FALSE",10,242000,0.104593,2886.25,3486.11,278.89,209.17,96.8,15,0,20.78,8.7696,"Base","DC02202"
47,48,"H","FALSE",23,241000,0.269491,3914.17,4680.9,374.47,280.85,96.4,15,0,19.59,16.5929,"Base","DC02203"
33,34,"H","FALSE",20,37000,0.066956,152.75,212.27,16.98,12.74,14.8,15,0,38.96,16.2184,"Base","DC02204"
58,59,"H","FALSE",12,135000,0.252261,3540.59,4197.2,335.78,251.83,54,15,0,18.55,9.6185,"Base","DC02205"
50,51,"H","FALSE",20,58000,0.271944,1066.96,1285.06,102.81,77.1,23.2,15,0,20.44,14.783,"Base","DC02206"
58,59,"F","FALSE",12,341000,0.178206,6083.98,7250.44,580.04,435.03,136.4,15,0,19.17,9.9882,"Base","DC02207"
26,27,"H","FALSE",20,319000,0.0395,768.49,1059.41,84.75,63.56,127.6,15,0,37.86,16.3963,"Base","DC02208"
31,32,"F","FALSE",15,166000,0.021745,277.95,417.85,33.43,25.07,66.4,15,0,50.33,12.9867,"Base","DC02209"
41,42,"F","FALSE",20,213000,0.084844,1120.9,1419.88,113.59,85.19,85.2,15,0,26.67,16.1225,"Base","DC02210"
56,57,"H","FALSE",14,121000,0.262304,2895.7,3440.82,275.27,206.45,48.4,15,0,18.82,10.9606,"Base","DC02212"
30,34,"H","TRUE",20,124000,0.066956,511.92,670.37,53.63,40.22,49.6,15,0,30.95,16.2184,"Base","DC02213"
23,27,"H","TRUE",20,172000,0.0395,414.36,579.25,46.34,34.76,68.8,15,0,39.8,16.3963,"Base","DC02214"
48,52,"H","TRUE",15,126000,0.191007,1996.05,2397.03,191.76,143.82,50.4,15,0,20.09,12.0573,"Base","DC02215"
41,42,"H","FALSE",20,311000,0.129754,2554.01,3131.88,250.55,187.91,124.4,15,0,22.63,15.8,"Base","DC02216"
36,39,"F","TRUE",15,123000,0.039272,374.56,510.19,40.81,30.61,49.2,15,0,36.21,12.8964,"Base","DC02217"
35,36,"H","FALSE",10,360000,0.027944,1111.03,1476.78,118.14,88.61,144,15,0,32.92,9.0544,"Base","DC02218"
28,29,"H","FALSE",15,163000,0.029288,368.92,522.24,41.78,31.33,65.2,15,0,41.56,12.9401,"Base","DC02219"
49,50,"H","FALSE",21,110000,0.271516,1940.22,2324.67,185.97,139.48,44,15,0,19.81,15.3935,"Base","DC02220"
31,32,"H","FALSE",10,133000,0.020864,305.59,434.63,34.77,26.08,53.2,15,0,42.23,9.0806,"Base","DC02222"
25,26,"F","FALSE",20,120000,0.021881,158.9,258.03,20.64,15.48,48,15,0,62.38,16.5239,"Base","DC02223"
37,38,"F","FALSE",15,59000,0.035949,164.25,235.87,18.87,14.15,23.6,15,0,43.61,12.9136,"Base","DC02225"
52,53,"H","FALSE",10,70000,0.118483,952.17,1157.17,92.57,69.43,28,15,0,21.53,8.7105,"Base","DC02226"
32,33,"H","FALSE",15,142000,0.039095,430.72,584.32,46.75,35.06,56.8,15,0,35.66,12.8888,"Base","DC02227"
27,28,"H","FALSE",10,412000,0.016084,728.32,1055.95,84.48,63.36,164.8,15,0,44.98,9.0983,"Base","DC02228"
52,53,"H","FALSE",10,132000,0.118483,1795.51,2166.64,173.33,130,52.8,15,0,20.67,8.7105,"Base","DC02229"
53,54,"H","FALSE",17,178000,0.270197,3726.28,4433.11,354.65,265.99,71.2,15,0,18.97,12.907,"Base","DC02230"
45,46,"H","FALSE",20,123000,0.181367,1444.54,1754.35,140.35,105.26,49.2,15,0,21.45,15.4431,"Base","DC02231"
36,37,"H","FALSE",20,224000,0.085452,1189.13,1504.34,120.35,90.26,89.6,15,0,26.51,16.0969,"Base","DC02232"
20,21,"F","FALSE",5,191000,0.002984,118.68,244.28,19.54,14.66,76.4,15,0,105.83,4.802,"Base","DC02233"
51,55,"H","TRUE",19,257000,0.342059,6445.46,7631.69,610.54,457.9,102.8,15,0,18.4,13.6389,"Base","DC02234"
52,53,"F","FALSE",10,126000,0.078598,1116.7,1374.54,109.96,82.47,50.4,15,0,23.09,8.8684,"Base","DC02235"
25,26,"F","FALSE",15,384000,0.014051,414.21,677.69,54.22,40.66,153.6,15,0,63.61,13.0261,"Base","DC02236"
47,48,"H","FALSE",15,86000,0.135767,944.02,1155.14,92.41,69.31,34.4,15,0,22.36,12.3683,"Base","DC02237"
22,23,"F","FALSE",10,288000,0.007,220.7,408.02,32.64,24.48,115.2,15,0,84.88,9.1339,"Base","DC02238"
33,34,"F","FALSE",15,174000,0.025556,342.93,497.12,39.77,29.83,69.6,15,0,44.97,12.9671,"Base","DC02239"
24,25,"H","FALSE",10,375000,0.013553,558.03,840.73,67.26,50.44,150,15,0,50.66,9.1077,"Base","DC02240"
53,54,"H","FALSE",10,97000,0.12943,1448.43,1746.78,139.74,104.81,38.8,15,0,20.6,8.6678,"Base","DC02241"
37,38,"H","FALSE",20,72000,0.092825,416.46,535.19,42.82,32.11,28.8,15,0,28.51,16.048,"Base","DC02242"
48,49,"F","FALSE",15,121000,0.098587,947.92,1175.96,94.08,70.56,48.4,15,0,24.06,12.5844,"Base","DC02243"
30,31,"H","FALSE",20,365000,0.052947,1184.93,1565.03,125.2,93.9,146,15,0,32.08,16.3095,"Base","DC02244"
49,50,"F","FALSE",10,314000,0.059065,2074.11,2575.25,206.02,154.51,125.6,15,0,24.16,8.9418,"Base","DC02245"
30,34,"H","TRUE",5,117000,0.010501,256.6,370.23,29.62,22.21,46.8,15,0,44.28,4.7881,"Base","DC02246"
31,32,"F","FALSE",15,314000,0.021745,525.76,774.84,61.99,46.49,125.6,15,0,47.37,12.9867,"Base","DC02247"
20,21,"H","FALSE",20,263000,0.026946,430.12,639.9,51.19,38.39,105.2,15,0,48.77,16.4767,"Base","DC02248"
28,29,"H","FALSE",25,110000,0.067824,385.31,516.64,41.33,31,44,15,0,34.08,19.3628,"Base","DC02249"
23,24,"H","FALSE",10,78000,0.012863,110.13,181.78,14.54,10.91,31.2,15,0,65.06,9.1102,"Base","DC02250"
41,42,"F","FALSE",10,127000,0.028089,393.89,534.52,42.76,32.07,50.8,15,0,35.7,9.0567,"Base","DC02251"
45,46,"H","FALSE",10,258000,0.063902,1848.36,2286.7,182.94,137.2,103.2,15,0,23.71,8.9197,"Base","DC02252"
53,57,"H","TRUE",10,195000,0.168387,3856.76,4592.74,367.42,275.56,78,15,0,19.08,8.5138,"Base","DC02253"
43,44,"H","FALSE",5,450000,0.022728,2145.99,2722.08,217.77,163.32,180,15,0,26.85,4.7658,"Base","DC02254"
30,31,"F","FALSE",15,81000,0.020112,125.36,200.89,16.07,12.05,32.4,15,0,60.24,12.9951,"Base","DC02255"
59,60,"F","FALSE",5,225000,0.064215,3080.55,3704.13,296.33,222.25,90,15,0,20.24,4.6902,"Base","DC02256"
51,52,"F","FALSE",19,190000,0.192123,2473.46,2981.93,238.55,178.92,76,15,0,20.56,14.758,"Base","DC02257"
36,39,"F","TRUE",10,301000,0.021568,714.93,988.76,79.1,59.33,120.4,15,0,38.3,9.0807,"Base","DC02258"
40,41,"H","FALSE",5,127000,0.017736,471.72,625.03,50,37.5,50.8,15,0,32.5,4.7749,"Base","DC02259"
27,28,"F","FALSE",10,295000,0.009331,301.63,505.38,40.43,30.32,118,15,0,67.55,9.1254,"Base","DC02260"
23,24,"F","FALSE",15,99000,0.012377,94,172.79,13.82,10.37,39.6,15,0,83.82,13.0346,"Base","DC02261"
36,37,"F","FALSE",10,327000,0.018208,654.8,930.93,74.47,55.86,130.8,15,0,42.17,9.093,"Base","DC02263"
26,27,"H","FALSE",5,205000,0.006883,294.31,455.01,36.4,27.3,82,15,0,54.6,4.7946,"Base","DC02264"
34,35,"H","FALSE",20,142000,0.072565,636.79,823.94,65.92,49.44,56.8,15,0,29.39,16.1817,"Base","DC02265"
56,57,"H","FALSE",14,246000,0.262304,5887.14,6977.37,558.19,418.64,98.4,15,0,18.52,10.9606,"Base","DC02266"
22,26,"H","TRUE",15,358000,0.02407,664.53,956.66,76.53,57.4,143.2,15,0,43.96,12.9673,"Base","DC02267"
44,48,"H","TRUE",15,171000,0.135767,1877.07,2279.62,182.37,136.78,68.4,15,0,21.45,12.3683,"Base","DC02268"
48,49,"F","FALSE",20,78000,0.160705,802.63,987.01,78.96,59.22,31.2,15,0,22.97,15.6173,"Base","DC02269"
39,40,"H","FALSE",25,145000,0.164888,1284.64,1578.65,126.29,94.72,58,15,0,22.89,18.6113,"Base","DC02270"
44,45,"H","FALSE",15,46000,0.104857,384.71,486.17,38.89,29.17,18.4,15,0,26.37,12.5379,"Base","DC02271"
43,44,"H","FALSE",10,130000,0.053748,780,984.88,78.79,59.09,52,15,0,26.27,8.958,"Base","DC02273"
34,35,"H","FALSE",20,248000,0.072565,1112.14,1425.97,114.08,85.56,99.2,15,0,28.22,16.1817,"Base","DC02274"
46,49,"F","TRUE",15,281000,0.098587,2201.38,2707.88,216.63,162.47,112.4,15,0,23.01,12.5844,"Base","DC02275"
40,41,"H","FALSE",10,70000,0.041702,324.23,427.01,34.16,25.62,28,15,0,31.7,9.0031,"Base","DC02276"
44,45,"H","FALSE",25,110000,0.246346,1510.87,1825.43,146.03,109.53,44,15,0,20.82,17.9354,"Base","DC02277"
24,27,"F","TRUE",25,32000,0.035523,57.91,99.66,7.97,5.98,12.8,15,0,72.1,19.6294,"Base","DC02278"
26,27,"H","FALSE",10,122000,0.015155,203.14,310.4,24.83,18.62,48.8,15,0,52.8,9.1017,"Base","DC02279"
55,56,"F","FALSE",15,231000,0.18789,3588.89,4298.01,343.84,257.88,92.4,15,0,19.76,12.0936,"Base","DC02280"
25,28,"F","TRUE",20,299000,0.025405,460.32,691.76,55.34,41.51,119.6,15,0,50.28,16.5018,"Base","DC02281"
56,59,"F","TRUE",14,95000,0.221686,1879.27,2246.82,179.75,134.81,38,15,0,19.56,11.2066,"Base","DC02282"
43,47,"H","TRUE",25,598000,0.287293,9774.33,11661.08,932.89,699.67,239.2,15,0,19.3,17.5768,"Base","DC02283"
28,32,"H","TRUE",15,129000,0.036276,362.66,499.14,39.93,29.95,51.6,15,0,37.63,12.9036,"Base","DC02284"
25,26,"H","FALSE",15,311000,0.02407,577.29,833.36,66.67,50,124.4,15,0,44.36,12.9673,"Base","DC02285"
31,32,"H","FALSE",15,574000,0.036276,1613.71,2160.83,172.87,129.65,229.6,15,0,33.9,12.9036,"Base","DC02286"
36,37,"F","FALSE",20,244000,0.053958,806.67,1068.92,85.51,64.13,97.6,15,0,32.51,16.3213,"Base","DC02287"
54,55,"H","FALSE",5,104000,0.060395,1337.39,1620.92,129.67,97.26,41.6,15,0,21.2,4.6965,"Base","DC02288"
25,26,"H","FALSE",15,48000,0.02407,89.1,143.37,11.47,8.6,19.2,15,0,60.91,12.9673,"Base","DC02289"
21,25,"H","TRUE",10,89000,0.013553,132.44,212.84,17.03,12.77,35.6,15,0,60.7,9.1077,"Base","DC02290"
41,42,"H","FALSE",20,54000,0.129754,443.46,558.21,44.66,33.49,21.6,15,0,25.88,15.8,"Base","DC02291"
22,23,"H","FALSE",10,135000,0.012238,181.31,291.06,23.28,17.46,54,15,0,60.53,9.1125,"Base","DC02292"
51,52,"H","FALSE",10,117000,0.108445,1450.16,1758.1,140.65,105.49,46.8,15,0,21.23,8.7494,"Base","DC02293"
34,35,"H","FALSE",30,626000,0.158811,4636.54,5699.93,455.99,342,250.4,15,0,22.93,21.4418,"Base","DC02294"
51,52,"H","FALSE",10,219000,0.108445,2714.41,3275.59,262.05,196.54,87.6,15,0,20.67,8.7494,"Base","DC02295"
31,32,"F","FALSE",15,192000,0.021745,321.48,480.56,38.45,28.83,76.8,15,0,49.48,12.9867,"Base","DC02296"
36,37,"F","FALSE",25,109000,0.083927,474.58,619.97,49.6,37.2,43.6,15,0,30.64,19.2763,"Base","DC02297"
53,54,"H","FALSE",10,259000,0.12943,3867.46,4634.96,370.8,278.1,103.6,15,0,19.84,8.6678,"Base","DC02298"
26,30,"H","TRUE",30,24000,0.106377,116.61,164.19,13.14,9.85,9.6,15,0,40.81,21.8948,"Base","DC02299"
35,36,"H","FALSE",15,49000,0.049371,188.49,259.4,20.75,15.56,19.6,15,0,37.62,12.8348,"Base","DC02301"
51,54,"F","TRUE",19,54000,0.228883,852,1033.26,82.66,62,21.6,15,0,21.27,14.5066,"Base","DC02302"
22,23,"F","FALSE",20,311000,0.01778,334.11,550.6,44.05,33.04,124.4,15,0,64.79,16.5495,"Base","DC02303"
50,51,"F","FALSE",10,89000,0.064957,648.13,812.48,65,48.75,35.6,15,0,25.36,8.9198,"Base","DC02304"
44,45,"F","FALSE",25,114000,0.171874,1053.25,1295.18,103.61,77.71,45.6,15,0,22.97,18.6029,"Base","DC02305"
24,25,"H","FALSE",20,110000,0.034482,230.88,337.07,26.97,20.22,44,15,0,45.99,16.4285,"Base","DC02306"
22,23,"F","FALSE",15,147000,0.011661,131.47,238.69,19.09,14.32,58.8,15,0,81.55,13.0383,"Base","DC02307"
28,31,"F","TRUE",15,559000,0.020112,865.16,1283.44,102.68,77.01,223.6,15,0,48.35,12.9951,"Base","DC02308"
37,38,"F","FALSE",20,237000,0.059004,858.49,1125.92,90.07,67.56,94.8,15,0,31.15,16.2891,"Base","DC02309"
31,32,"F","FALSE",10,105000,0.012292,141.61,230.94,18.47,13.86,42,15,0,63.08,9.1146,"Base","DC02310"
24,25,"H","FALSE",5,114000,0.006235,148.2,242.79,19.42,14.57,45.6,15,0,63.83,4.7958,"Base","DC02311"
54,55,"H","FALSE",16,268000,0.268368,5863.36,6959.96,556.8,417.6,107.2,15,0,18.7,12.2664,"Base","DC02312"
33,34,"F","FALSE",10,47000,0.014301,73.8,125.12,10.01,7.51,18.8,15,0,69.53,9.1073,"Base","DC02313"
38,39,"H","FALSE",30,183000,0.218058,1908.93,2322.24,185.78,139.33,73.2,15,0,21.65,20.9042,"Base","DC02314"
52,53,"F","FALSE",18,309000,0.191779,4200.95,5045.99,403.68,302.76,123.6,15,0,20.12,14.1063,"Base","DC02315"
47,50,"F","TRUE",10,70000,0.059065,462.38,587.65,47.01,35.26,28,15,0,27.09,8.9418,"Base","DC02316"
58,59,"H","FALSE",10,128000,0.200123,3054.69,3628.94,290.32,217.74,51.2,15,0,18.8,8.3857,"Base","DC02317"
39,40,"H","FALSE",10,161000,0.038395,685.66,889.6,71.17,53.38,64.4,15,0,29.74,9.0155,"Base","DC02318"
53,54,"F","FALSE",15,34000,0.1567,434.28,538.23,43.06,32.29,13.6,15,0,23.94,12.2681,"Base","DC02319"
40,44,"H","TRUE",10,287000,0.053748,1721.99,2153.25,172.26,129.19,114.8,15,0,25.04,8.958,"Base","DC02320"
57,60,"F","TRUE",13,194000,0.218067,4021.73,4784.11,382.73,287.05,77.6,15,0,18.96,10.5191,"Base","DC02321"
41,42,"F","FALSE",15,61000,0.051482,244.71,330.37,26.43,19.82,24.4,15,0,35,12.833,"Base","DC02323"
37,38,"F","FALSE",10,133000,0.019802,289.83,416.31,33.3,24.98,53.2,15,0,43.64,9.0871,"Base","DC02324"
45,46,"H","FALSE",5,120000,0.026969,680.17,864.15,69.13,51.85,48,15,0,27.05,4.7581,"Base","DC02325"
51,52,"H","FALSE",19,83000,0.27191,1593.25,1908.66,152.69,114.52,33.2,15,0,19.8,14.1651,"Base","DC02326"
26,27,"F","FALSE",20,57000,0.023553,81.3,138.49,11.08,8.31,22.8,15,0,70.34,16.5134,"Base","DC02327"
41,42,"H","FALSE",15,331000,0.08111,2119.63,2636.08,210.89,158.16,132.4,15,0,24.37,12.6661,"Base","DC02328"
45,48,"F","TRUE",15,171000,0.089796,1215.65,1510.52,120.84,90.63,68.4,15,0,24.26,12.6312,"Base","DC02329"
55,56,"F","FALSE",10,407000,0.104593,4854.15,5851.11,468.09,351.07,162.8,15,0,20.54,8.7696,"Base","DC02330"
20,21,"F","FALSE",15,78000,0.010433,62.39,126.26,10.1,7.58,31.2,15,0,102.39,13.0445,"Base","DC02331"
27,28,"F","FALSE",20,129000,0.025405,198.6,308.37,24.67,18.5,51.6,15,0,55.27,16.5018,"Base","DC02332"
44,45,"F","FALSE",10,195000,0.03693,798.02,1036.08,82.89,62.16,78,15,0,29.83,9.0241,"Base","DC02334"
45,46,"F","FALSE",20,197000,0.122397,1518.82,1875.15,150.01,112.51,78.8,15,0,23.46,15.8756,"Base","DC02335"
39,40,"F","FALSE",15,168000,0.042945,560.26,747.05,59.76,44.82,67.2,15,0,33.34,12.8774,"Base","DC02336"
58,59,"H","FALSE",10,108000,0.200123,2577.4,3064.65,245.17,183.88,43.2,15,0,18.9,8.3857,"Base","DC02337"
28,32,"H","TRUE",15,109000,0.036276,306.44,424.46,33.96,25.47,43.6,15,0,38.52,12.9036,"Base","DC02338"
26,27,"F","FALSE",10,176000,0.008763,168.97,295.78,23.66,17.75,70.4,15,0,75.05,9.1275,"Base","DC02339"
24,28,"H","TRUE",20,101000,0.042396,261.45,368.43,29.47,22.11,40.4,15,0,40.92,16.3777,"Base","DC02340"
60,61,"H","FALSE",10,188000,0.237053,5412.77,6398.8,511.9,383.93,75.2,15,0,18.22,8.2335,"Base","DC02341"
54,55,"H","FALSE",16,38000,0.268368,831.37,1001.83,80.15,60.11,15.2,15,0,20.5,12.2664,"Base","DC02342"
21,22,"H","FALSE",15,88000,0.019121,129.51,208.96,16.72,12.54,35.2,15,0,61.35,12.993,"Base","DC02343"
36,37,"H","FALSE",15,155000,0.053504,647.24,842.14,67.37,50.53,62,15,0,30.11,12.813,"Base","DC02344"
40,41,"H","FALSE",20,87000,0.119293,653.93,818.3,65.46,49.1,34.8,15,0,25.13,15.8709,"Base","DC02345"
57,60,"F","TRUE",13,169000,0.218067,3503.47,4169.84,333.59,250.19,67.6,15,0,19.02,10.5191,"Base","DC02346"
38,41,"F","TRUE",20,550000,0.077433,2633.67,3335.66,266.85,200.14,220,15,0,26.65,16.1706,"Base","DC02347"
32,33,"F","FALSE",5,452000,0.005727,539.63,855.15,68.41,51.31,180.8,15,0,58.47,4.797,"Base","DC02348"
38,39,"H","FALSE",15,89000,0.063035,439.58,569.97,45.6,34.2,35.6,15,0,29.66,12.7625,"Base","DC02349"
32,33,"H","FALSE",10,145000,0.022383,357.64,500.74,40.06,30.04,58,15,0,40.01,9.075,"Base","DC02350"
28,29,"H","FALSE",20,123000,0.045583,342.77,473.22,37.86,28.39,49.2,15,0,38.06,16.3571,"Base","DC02351"
44,45,"F","FALSE",20,87000,0.111695,609.38,766.48,61.32,45.99,34.8,15,0,25.78,15.9466,"Base","DC02352"
56,57,"H","FALSE",14,166000,0.262304,3972.62,4713.98,377.12,282.84,66.4,15,0,18.66,10.9606,"Base","DC02353"
22,23,"H","FALSE",15,158000,0.020182,245.53,376.43,30.11,22.59,63.2,15,0,53.31,12.9875,"Base","DC02354"
33,37,"H","TRUE",5,108000,0.013005,293.62,409.09,32.73,24.55,43.2,15,0,39.33,4.7835,"Base","DC02355"
43,44,"F","FALSE",15,97000,0.06188,469.72,608.74,48.7,36.52,38.8,15,0,29.6,12.7787,"Base","DC02356"
42,43,"H","FALSE",15,168000,0.088326,1175.14,1462.02,116.96,87.72,67.2,15,0,24.41,12.6273,"Base","DC02357"
26,27,"H","FALSE",10,111000,0.015155,184.83,283.99,22.72,17.04,44.4,15,0,53.65,9.1017,"Base","DC02358"
36,37,"H","FALSE",10,43000,0.03019,143.5,204.31,16.34,12.26,17.2,15,0,42.37,9.0461,"Base","DC02359"
22,23,"F","FALSE",10,131000,0.007,100.39,195.1,15.61,11.71,52.4,15,0,94.35,9.1339,"Base","DC02360"
51,54,"F","TRUE",15,125000,0.1567,1596.62,1932.11,154.57,115.93,50,15,0,21.01,12.2681,"Base","DC02361"
28,29,"F","FALSE",5,125000,0.004417,115.04,209.35,16.75,12.56,50,15,0,81.98,4.7994,"Base","DC02362"
56,57,"F","FALSE",10,119000,0.114995,1567.57,1895.54,151.64,113.73,47.6,15,0,20.92,8.7297,"Base","DC02363"
36,37,"H","FALSE",25,82000,0.128901,559.37,706.01,56.48,42.36,32.8,15,0,26.22,18.8961,"Base","DC02364"
52,53,"H","FALSE",18,83000,0.271351,1663.4,1990.23,159.22,119.41,33.2,15,0,19.65,13.5398,"Base","DC02365"
34,35,"H","FALSE",25,48000,0.109415,275.73,360.39,28.83,21.62,19.2,15,0,30.7,19.0472,"Base","DC02366"
35,36,"H","FALSE",10,255000,0.027944,786.98,1051.14,84.09,63.07,102,15,0,33.57,9.0544,"Base","DC02367"
37,38,"F","FALSE",15,63000,0.035949,175.38,250.68,20.05,15.04,25.2,15,0,42.93,12.9136,"Base","DC02368"
35,36,"F","FALSE",30,133000,0.115279,700.88,894.28,71.54,53.66,53.2,15,0,27.59,21.8755,"Base","DC02369"
58,62,"H","TRUE",12,27000,0.320888,934.64,1116.8,89.34,67.01,10.8,15,0,19.49,9.2698,"Base","DC02370"
40,44,"H","TRUE",10,115000,0.053748,690,873.25,69.86,52.4,46,15,0,26.56,8.958,"Base","DC02371"
59,60,"F","FALSE",11,190000,0.173255,3553.6,4237.91,339.03,254.27,76,15,0,19.26,9.2634,"Base","DC02372"
49,52,"F","TRUE",15,73000,0.130339,766.52,942.69,75.42,56.56,29.2,15,0,22.98,12.4129,"Base","DC02373"
60,61,"F","FALSE",10,99000,0.167242,1942,2321.62,185.73,139.3,39.6,15,0,19.55,8.5257,"Base","DC02374"
23,24,"H","FALSE",30,262000,0.066997,789.88,1057.76,84.62,63.47,104.8,15,0,33.92,22.2229,"Base","DC02375"
36,37,"F","FALSE",10,88000,0.018208,176.22,263.27,21.06,15.8,35.2,15,0,49.4,9.093,"Base","DC02376"
29,30,"F","FALSE",10,278000,0.010659,324.88,524.51,41.96,31.47,111.2,15,0,61.45,9.1206,"Base","DC02377"
30,31,"F","FALSE",10,266000,0.011433,333.55,529.01,42.32,31.74,106.4,15,0,58.6,9.1178,"Base","DC02379"
22,23,"H","FALSE",15,187000,0.020182,290.59,442.32,35.39,26.54,74.8,15,0,52.21,12.9875,"Base","DC02380"
25,26,"H","FALSE",10,257000,0.014315,404.05,606.81,48.54,36.41,102.8,15,0,50.18,9.1048,"Base","DC02381"
45,46,"H","FALSE",10,147000,0.063902,1053.13,1310.39,104.83,78.62,58.8,15,0,24.43,8.9197,"Base","DC02382"
49,53,"H","TRUE",10,436000,0.118483,5930.63,7116.31,569.3,426.98,174.4,15,0,19.99,8.7105,"Base","DC02383"
24,25,"F","FALSE",10,212000,0.00779,180.86,326.35,26.11,19.58,84.8,15,0,80.44,9.1311,"Base","DC02384"
27,28,"F","FALSE",10,128000,0.009331,130.88,229.16,18.33,13.75,51.2,15,0,75.1,9.1254,"Base","DC02385"
21,25,"H","TRUE",10,363000,0.013553,540.17,814.39,65.15,48.86,145.2,15,0,50.76,9.1077,"Base","DC02386"
56,57,"F","FALSE",10,160000,0.114995,2107.65,2542.62,203.41,152.56,64,15,0,20.64,8.7297,"Base","DC02387"
21,25,"H","TRUE",15,229000,0.022645,399.68,588.7,47.1,35.32,91.6,15,0,47.29,12.9747,"Base","DC02388"
36,37,"F","FALSE",20,62000,0.053958,204.97,284.62,22.77,17.08,24.8,15,0,38.86,16.3213,"Base","DC02389"
47,48,"F","FALSE",15,213000,0.089796,1514.23,1877.25,150.18,112.63,85.2,15,0,23.97,12.6312,"Base","DC02390"
49,50,"F","FALSE",21,3e+05,0.19171,3586.95,4327.85,346.23,259.67,120,15,0,20.66,16.0339,"Base","DC02391"
55,56,"F","FALSE",10,146000,0.104593,1741.29,2110.11,168.81,126.61,58.4,15,0,21.18,8.7696,"Base","DC02392"
42,46,"H","TRUE",10,443000,0.063902,3173.73,3913.87,313.11,234.83,177.2,15,0,23.32,8.9197,"Base","DC02393"
36,37,"F","FALSE",15,82000,0.032945,208.95,298.54,23.88,17.91,32.8,15,0,42.88,12.9291,"Base","DC02394"
40,44,"H","TRUE",10,216000,0.053748,1296,1624.88,129.99,97.49,86.4,15,0,25.38,8.958,"Base","DC02395"
43,44,"H","FALSE",20,218000,0.153487,2139.75,2606.92,208.55,156.42,87.2,15,0,21.83,15.6375,"Base","DC02396"
39,42,"F","TRUE",25,266000,0.131621,1850.82,2293.27,183.46,137.6,106.4,15,0,23.91,18.9166,"Base","DC02397"
29,30,"H","FALSE",10,538000,0.018239,1079.46,1522.86,121.83,91.37,215.2,15,0,41.08,9.0904,"Base","DC02398"
20,21,"H","FALSE",10,159000,0.01116,194.65,317.73,25.42,19.06,63.6,15,0,63.23,9.1165,"Base","DC02399"
47,48,"H","FALSE",23,236000,0.269491,3832.97,4584.15,366.73,275.05,94.4,15,0,19.6,16.5929,"Base","DC02400"
35,36,"F","FALSE",20,184000,0.049384,555.74,749.24,59.94,44.95,73.6,15,0,34.82,16.3504,"Base","DC02401"
47,48,"H","FALSE",10,39000,0.076139,334.65,424.71,33.98,25.48,15.6,15,0,26.91,8.8733,"Base","DC02402"
54,55,"F","FALSE",5,106000,0.039382,881.46,1091.69,87.34,65.5,42.4,15,0,23.85,4.7359,"Base","DC02403"
58,61,"F","TRUE",12,78000,0.213476,1695.41,2025.13,162.01,121.51,31.2,15,0,19.45,9.8213,"Base","DC02404"
43,47,"H","TRUE",27,96000,0.327274,1718.17,2059.97,164.8,123.6,38.4,15,0,19.89,18.2859,"Base","DC02405"
57,58,"H","FALSE",13,80000,0.257846,2003.77,2384.61,190.77,143.08,32,15,0,19.01,10.2944,"Base","DC02406"
44,47,"F","TRUE",20,136000,0.134087,1154.35,1422.97,113.84,85.38,54.4,15,0,23.27,15.7975,"Base","DC02407"
29,30,"F","FALSE",15,159000,0.018639,227.92,356.42,28.51,21.39,63.6,15,0,56.38,13.0026,"Base","DC02408"
47,48,"F","FALSE",10,78000,0.048879,424.57,547.41,43.79,32.84,31.2,15,0,28.93,8.9798,"Base","DC02409"
51,52,"H","FALSE",10,197000,0.108445,2441.73,2948.29,235.86,176.9,78.8,15,0,20.75,8.7494,"Base","DC02410"
22,23,"H","FALSE",25,325000,0.043869,729.63,1017.02,81.36,61.02,130,15,0,39.39,19.5407,"Base","DC02411"
29,30,"H","FALSE",10,83000,0.018239,166.53,249.69,19.98,14.98,33.2,15,0,49.93,9.0904,"Base","DC02412"
42,43,"H","FALSE",10,185000,0.049345,1017.19,1286.27,102.9,77.18,74,15,0,26.45,8.9745,"Base","DC02413"
48,49,"H","FALSE",15,208000,0.147948,2501.75,3023.2,241.86,181.39,83.2,15,0,20.84,12.3006,"Base","DC02414"
28,32,"H","TRUE",20,74000,0.057186,259.9,354.07,28.33,21.24,29.6,15,0,36.23,16.282,"Base","DC02415"
20,21,"F","FALSE",20,103000,0.01567,97.45,178.66,14.29,10.72,41.2,15,0,83.34,16.5627,"Base","DC02416"
33,34,"H","FALSE",15,124000,0.042198,406.49,547.78,43.82,32.87,49.6,15,0,34.76,12.8725,"Base","DC02417"
32,33,"H","FALSE",10,138000,0.022383,340.37,477.41,38.19,28.64,55.2,15,0,40.26,9.075,"Base","DC02418"
51,52,"H","FALSE",10,216000,0.108445,2677.22,3230.96,258.48,193.86,86.4,15,0,20.68,8.7494,"Base","DC02419"
32,33,"H","FALSE",10,126000,0.022383,310.77,437.41,34.99,26.24,50.4,15,0,40.75,9.075,"Base","DC02420"
46,50,"H","TRUE",15,156000,0.161173,2056.41,2481.18,198.49,148.87,62.4,15,0,20.66,12.2266,"Base","DC02421"
38,39,"F","FALSE",15,104000,0.039272,316.7,434.07,34.73,26.04,41.6,15,0,37.06,12.8964,"Base","DC02422"
38,39,"F","FALSE",20,197000,0.064566,782.57,1019.04,81.52,61.14,78.8,15,0,30.22,16.2535,"Base","DC02423"
35,36,"H","FALSE",10,69000,0.027944,212.95,297.15,23.77,17.83,27.6,15,0,39.54,9.0544,"Base","DC02424"
54,55,"H","FALSE",15,527000,0.245077,10999.71,13052.92,1044.23,783.18,210.8,15,0,18.67,11.7417,"Base","DC02425"
58,59,"H","FALSE",12,37000,0.252261,970.38,1163.01,93.04,69.78,14.8,15,0,19.85,9.6185,"Base","DC02426"
21,22,"H","FALSE",25,110000,0.041042,230.79,336.97,26.96,20.22,44,15,0,46,19.5615,"Base","DC02427"
43,44,"F","FALSE",10,55000,0.033681,205.01,281.41,22.51,16.88,22,15,0,37.27,9.0361,"Base","DC02428"
58,59,"H","FALSE",12,280000,0.252261,7343.45,8686.57,694.93,521.19,112,15,0,18.29,9.6185,"Base","DC02429"
26,27,"H","FALSE",15,120000,0.025642,237.45,349.36,27.95,20.96,48,15,0,47.13,12.9591,"Base","DC02430"
41,45,"H","TRUE",10,71000,0.058587,465.3,591.51,47.32,35.49,28.4,15,0,27.12,8.9398,"Base","DC02431"
58,59,"F","FALSE",12,66000,0.178206,1177.54,1417.38,113.39,85.04,26.4,15,0,20.37,9.9882,"Base","DC02432"
39,42,"F","TRUE",15,155000,0.051482,621.81,812.57,65.01,48.75,62,15,0,30.68,12.833,"Base","DC02433"
29,30,"F","FALSE",25,48000,0.045465,111.58,169.52,13.56,10.17,19.2,15,0,51.92,19.5578,"Base","DC02434"
23,24,"F","FALSE",20,102000,0.019009,117.21,201.18,16.09,12.07,40.8,15,0,71.63,16.5419,"Base","DC02435"
43,44,"F","FALSE",25,208000,0.15734,1748.46,2147.28,171.78,128.84,83.2,15,0,22.81,18.7173,"Base","DC02436"
41,42,"H","FALSE",10,817000,0.045341,4120.75,5189.01,415.12,311.34,326.8,15,0,25.92,8.9895,"Base","DC02437"
48,49,"H","FALSE",15,107000,0.147948,1286.96,1563.67,125.09,93.82,42.8,15,0,21.5,12.3006,"Base","DC02438"
37,38,"H","FALSE",15,123000,0.058045,558.26,723.79,57.9,43.43,49.2,15,0,29.65,12.789,"Base","DC02439"
53,54,"H","FALSE",17,248000,0.270197,5191.67,6169.61,493.57,370.18,99.2,15,0,18.84,12.907,"Base","DC02441"
42,43,"H","FALSE",20,492000,0.141132,4416.43,5381.67,430.53,322.9,196.8,15,0,21.86,15.7224,"Base","DC02442"
52,53,"H","FALSE",15,68000,0.207736,1181.02,1422.35,113.79,85.34,27.2,15,0,20.43,11.9609,"Base","DC02443"
23,24,"F","FALSE",20,146000,0.019009,167.77,280.44,22.43,16.83,58.4,15,0,67.15,16.5419,"Base","DC02444"
47,48,"H","FALSE",20,190000,0.213842,2670.98,3211.61,256.93,192.7,76,15,0,20.24,15.2117,"Base","DC02445"
48,49,"H","FALSE",20,139000,0.231924,2137.71,2567.8,205.42,154.07,55.6,15,0,20.12,15.0803,"Base","DC02446"
53,57,"H","TRUE",17,77000,0.340747,2112.24,2509.35,200.75,150.56,30.8,15,0,18.8,12.4216,"Base","DC02447"
53,54,"F","FALSE",17,122000,0.190999,1733.12,2089.44,167.16,125.37,48.8,15,0,20.56,13.4451,"Base","DC02448"
42,46,"H","TRUE",10,26000,0.063902,186.27,246.13,19.69,14.77,10.4,15,0,32.14,8.9197,"Base","DC02449"
48,49,"H","FALSE",10,119000,0.083156,1118.58,1373.46,109.88,82.41,47.6,15,0,22.79,8.8466,"Base","DC02450"
39,40,"H","FALSE",25,371000,0.164888,3286.9,4011.97,320.96,240.72,148.4,15,0,22.06,18.6113,"Base","DC02451"
60,61,"F","FALSE",10,209000,0.167242,4099.77,4881.82,390.55,292.91,83.6,15,0,19.08,8.5257,"Base","DC02452"
34,35,"F","FALSE",5,165000,0.006617,227.67,358.92,28.71,21.54,66,15,0,57.65,4.7954,"Base","DC02453"
49,50,"F","FALSE",10,97000,0.059065,640.73,807.59,64.61,48.46,38.8,15,0,26.04,8.9418,"Base","DC02454"
27,28,"H","FALSE",25,66000,0.06284,213.79,296.73,23.74,17.8,26.4,15,0,38.8,19.4001,"Base","DC02455"
52,53,"H","FALSE",10,246000,0.118483,3346.18,4022.77,321.82,241.37,98.4,15,0,20.22,8.7105,"Base","DC02456"
28,29,"H","FALSE",20,664000,0.045583,1850.4,2477.91,198.23,148.67,265.6,15,0,33.91,16.3571,"Base","DC02457"
29,30,"H","FALSE",20,108000,0.04909,324.57,445.09,35.61,26.71,43.2,15,0,37.13,16.3345,"Base","DC02458"
26,27,"H","FALSE",15,93000,0.025642,184.02,274.68,21.97,16.48,37.2,15,0,49.26,12.9591,"Base","DC02459"
38,39,"F","FALSE",10,150000,0.021568,356.28,501.49,40.12,30.09,60,15,0,40.76,9.0807,"Base","DC02460"
41,42,"F","FALSE",29,115000,0.180698,1000.04,1233.77,98.7,74.03,46,15,0,23.37,20.7794,"Base","DC02461"
22,23,"F","FALSE",20,214000,0.01778,229.9,384.31,30.74,23.06,85.6,15,0,67.16,16.5495,"Base","DC02462"
48,52,"H","TRUE",15,105000,0.191007,1663.37,2000.43,160.03,120.03,42,15,0,20.26,12.0573,"Base","DC02463"
55,56,"F","FALSE",15,471000,0.18789,7317.6,8745.35,699.63,524.72,188.4,15,0,19.51,12.0936,"Base","DC02464"
33,34,"F","FALSE",10,91000,0.014301,142.9,225.93,18.07,13.56,36.4,15,0,58.11,9.1073,"Base","DC02465"
36,37,"H","FALSE",10,305000,0.03019,1017.88,1342.89,107.43,80.57,122,15,0,31.93,9.0461,"Base","DC02466"
21,22,"H","FALSE",15,201000,0.019121,295.8,454.89,36.39,27.29,80.4,15,0,53.78,12.993,"Base","DC02467"
55,56,"F","FALSE",15,110000,0.18789,1708.99,2055.81,164.46,123.35,44,15,0,20.29,12.0936,"Base","DC02468"
38,39,"H","FALSE",10,234000,0.035391,917.46,1193.09,95.45,71.59,93.6,15,0,30.04,9.0267,"Base","DC02469"
55,56,"H","FALSE",10,184000,0.154315,3313.26,3955.65,316.45,237.34,73.6,15,0,19.39,8.5698,"Base","DC02470"
55,56,"H","FALSE",15,425000,0.265771,9722.41,11520.24,921.62,691.21,170,15,0,18.49,11.6178,"Base","DC02471"
41,42,"H","FALSE",20,189000,0.129754,1552.12,1910.14,152.81,114.61,75.6,15,0,23.07,15.8,"Base","DC02472"
33,34,"H","FALSE",10,271000,0.024059,718.93,979.46,78.36,58.77,108.4,15,0,36.24,9.0688,"Base","DC02473"
60,61,"H","FALSE",10,133000,0.237053,3829.25,4531.91,362.55,271.91,53.2,15,0,18.35,8.2335,"Base","DC02474"
30,31,"H","FALSE",25,89000,0.079281,366.03,484.46,38.76,29.07,35.6,15,0,32.35,19.2768,"Base","DC02475"
24,25,"H","FALSE",10,312000,0.013553,464.28,702.42,56.19,42.15,124.8,15,0,51.29,9.1077,"Base","DC02476"
28,29,"H","FALSE",10,129000,0.017108,242.67,359.62,28.77,21.58,51.6,15,0,48.19,9.0945,"Base","DC02477"
20,21,"H","FALSE",15,130000,0.01816,181.63,289.1,23.13,17.35,52,15,0,59.17,12.998,"Base","DC02478"
27,28,"H","FALSE",15,72000,0.027376,152.21,227.91,18.23,13.67,28.8,15,0,49.74,12.9501,"Base","DC02479"
23,24,"H","FALSE",20,191000,0.032315,375.38,542.76,43.42,32.57,76.4,15,0,44.59,16.4424,"Base","DC02480"
48,49,"H","FALSE",22,183000,0.270682,3096.55,3703.19,296.26,222.19,73.2,15,0,19.59,15.9968,"Base","DC02481"
56,57,"H","FALSE",14,152000,0.262304,3637.58,4317.88,345.43,259.07,60.8,15,0,18.7,10.9606,"Base","DC02482"
45,46,"F","FALSE",20,166000,0.122397,1279.82,1582.82,126.63,94.97,66.4,15,0,23.67,15.8756,"Base","DC02483"
22,26,"H","TRUE",20,93000,0.03687,208.91,303.62,24.29,18.22,37.2,15,0,45.33,16.4132,"Base","DC02484"
24,28,"H","TRUE",10,149000,0.016084,263.4,393.02,31.44,23.58,59.6,15,0,49.21,9.0983,"Base","DC02485"
59,60,"F","FALSE",10,291000,0.152432,5167.39,6161.38,492.91,369.68,116.4,15,0,19.24,8.5842,"Base","DC02486"
34,35,"H","FALSE",15,74000,0.045613,262.58,357.19,28.58,21.43,29.6,15,0,36.03,12.8546,"Base","DC02487"
33,37,"H","TRUE",10,186000,0.03019,620.74,825.75,66.06,49.54,74.4,15,0,33.03,9.0461,"Base","DC02488"
37,38,"H","FALSE",15,34000,0.058045,154.32,212.69,17.02,12.76,13.6,15,0,37.83,12.789,"Base","DC02489"
32,33,"F","FALSE",30,7e+05,0.088385,2799.91,3598.73,287.9,215.92,280,15,0,28.53,22.097,"Base","DC02490"
47,48,"H","FALSE",10,92000,0.076139,789.42,978.17,78.25,58.69,36.8,15,0,23.91,8.8733,"Base","DC02491"
44,48,"H","TRUE",15,34000,0.135767,373.22,467.23,37.38,28.03,13.6,15,0,25.19,12.3683,"Base","DC02492"
22,23,"F","FALSE",20,180000,0.01778,193.38,326.02,26.08,19.56,72,15,0,68.59,16.5495,"Base","DC02493"
54,55,"F","FALSE",10,201000,0.095105,2170.84,2635.16,210.81,158.11,80.4,15,0,21.39,8.8059,"Base","DC02494"
28,29,"F","FALSE",30,145000,0.062333,405.17,556.02,44.48,33.36,58,15,0,37.23,22.3072,"Base","DC02495"
27,28,"H","FALSE",5,358000,0.00726,542.12,814.33,65.15,48.86,143.2,15,0,50.21,4.794,"Base","DC02496"
39,40,"F","FALSE",10,336000,0.023525,871.14,1186.67,94.93,71.2,134.4,15,0,36.22,9.0735,"Base","DC02497"
33,37,"H","TRUE",20,154000,0.085452,817.53,1039.68,83.17,62.38,61.6,15,0,27.17,16.0969,"Base","DC02498"
59,63,"H","TRUE",11,266000,0.312872,9659.01,11372.57,909.81,682.35,106.4,15,0,17.74,8.6162,"Base","DC02499"
22,26,"H","TRUE",15,574000,0.02407,1065.48,1523.35,121.87,91.4,229.6,15,0,42.97,12.9673,"Base","DC02500"
35,38,"F","TRUE",30,72000,0.137566,456.69,581.96,46.56,34.92,28.8,15,0,27.43,21.6882,"Base","DC02501"
28,29,"H","FALSE",20,294000,0.045583,819.3,1106.86,88.55,66.41,117.6,15,0,35.1,16.3571,"Base","DC02502"
28,29,"F","FALSE",20,98000,0.027455,163.18,252.76,20.22,15.17,39.2,15,0,54.9,16.489,"Base","DC02503"
35,39,"H","TRUE",10,237000,0.035391,929.22,1208.16,96.65,72.49,94.8,15,0,30.02,9.0267,"Base","DC02504"
52,53,"F","FALSE",15,158000,0.142952,1829.75,2218.55,177.48,133.11,63.2,15,0,21.25,12.3439,"Base","DC02505"
33,34,"H","FALSE",20,173000,0.066956,714.21,928.39,74.27,55.7,69.2,15,0,29.99,16.2184,"Base","DC02506"
44,45,"H","FALSE",15,184000,0.104857,1538.83,1892.36,151.39,113.54,73.6,15,0,22.97,12.5379,"Base","DC02507"
22,26,"H","TRUE",15,174000,0.02407,322.98,473.94,37.91,28.44,69.6,15,0,46.74,12.9673,"Base","DC02508"
58,59,"F","FALSE",10,230000,0.138839,3697.07,4423.33,353.87,265.4,92,15,0,19.64,8.6374,"Base","DC02509"
24,25,"F","FALSE",15,163000,0.013171,164.75,284.83,22.79,17.09,65.2,15,0,72.88,13.0306,"Base","DC02511"
41,42,"H","FALSE",20,247000,0.129754,2028.43,2490.96,199.28,149.46,98.8,15,0,22.8,15.8,"Base","DC02512"
23,24,"F","FALSE",10,262000,0.007374,211.56,385.3,30.82,23.12,104.8,15,0,82.13,9.1326,"Base","DC02513"
28,31,"F","TRUE",20,108000,0.032237,211.53,313.65,25.09,18.82,43.2,15,0,48.27,16.4589,"Base","DC02514"
48,49,"H","FALSE",10,737000,0.083156,6927.66,8415.65,673.25,504.94,294.8,15,0,21.48,8.8466,"Base","DC02515"
24,27,"F","TRUE",15,65000,0.015027,75.01,134.9,10.79,8.09,26,15,0,79.83,13.0211,"Base","DC02516"
30,34,"H","TRUE",20,133000,0.066956,549.08,717.76,57.42,43.07,53.2,15,0,30.72,16.2184,"Base","DC02517"
27,28,"F","FALSE",15,113000,0.016109,139.86,232.63,18.61,13.96,45.2,15,0,66.33,13.0155,"Base","DC02518"
32,36,"H","TRUE",10,43000,0.027944,132.71,191.75,15.34,11.51,17.2,15,0,44.49,9.0544,"Base","DC02519"
33,34,"H","FALSE",10,539000,0.024059,1429.91,1930.83,154.47,115.85,215.6,15,0,35.03,9.0688,"Base","DC02520"
56,57,"H","FALSE",14,109000,0.262304,2608.53,3101.31,248.1,186.08,43.6,15,0,18.89,10.9606,"Base","DC02521"
43,47,"H","TRUE",20,93000,0.197005,1194.96,1450.18,116.01,87.01,37.2,15,0,21.36,15.3323,"Base","DC02522"
41,45,"H","TRUE",20,42000,0.16688,450.89,561.27,44.9,33.68,16.8,15,0,24.48,15.5445,"Base","DC02523"
40,41,"F","FALSE",25,375000,0.120312,2374.2,2952.56,236.2,177.15,150,15,0,24.36,19.0031,"Base","DC02524"
49,50,"F","FALSE",20,84000,0.175767,951.69,1163.13,93.05,69.79,33.6,15,0,22.22,15.5139,"Base","DC02525"
46,47,"F","FALSE",24,255000,0.188955,2694.82,3269.55,261.56,196.17,102,15,0,21.33,17.8801,"Base","DC02526"
35,36,"F","FALSE",20,148000,0.049384,447.01,606.06,48.48,36.36,59.2,15,0,35.58,16.3504,"Base","DC02527"
33,37,"H","TRUE",25,427000,0.128901,2912.81,3603.04,288.24,216.18,170.8,15,0,23.7,18.8961,"Base","DC02528"
31,35,"H","TRUE",20,40000,0.072565,179.38,244.62,19.57,14.68,16,15,0,36.37,16.1817,"Base","DC02529"
28,29,"F","FALSE",30,111000,0.062333,310.17,429.73,34.38,25.78,44.4,15,0,38.55,22.3072,"Base","DC02530"
35,36,"F","FALSE",10,75000,0.01677,138.24,213.07,17.05,12.78,30,15,0,54.13,9.0982,"Base","DC02531"
53,57,"H","TRUE",17,330000,0.340747,9052.47,10697.05,855.76,641.82,132,15,0,18.17,12.4216,"Base","DC02532"
39,42,"F","TRUE",10,265000,0.028089,821.9,1096.39,87.71,65.78,106,15,0,33.4,9.0567,"Base","DC02533"
32,33,"H","FALSE",15,84000,0.039095,254.79,352.78,28.22,21.17,33.6,15,0,38.46,12.8888,"Base","DC02534"
38,39,"H","FALSE",10,510000,0.035391,1999.58,2579.75,206.38,154.78,204,15,0,29.01,9.0267,"Base","DC02535"
39,42,"F","TRUE",20,224000,0.084844,1178.79,1492.31,119.38,89.54,89.6,15,0,26.6,16.1225,"Base","DC02536"
56,57,"F","FALSE",14,72000,0.185418,1170.78,1412.31,112.98,84.74,28.8,15,0,20.63,11.4027,"Base","DC02537"
47,48,"H","FALSE",23,98000,0.269491,1591.66,1913.79,153.1,114.83,39.2,15,0,20.24,16.5929,"Base","DC02538"
31,32,"H","FALSE",15,228000,0.036276,640.99,868.82,69.51,52.13,91.2,15,0,35.54,12.9036,"Base","DC02539"
46,47,"H","FALSE",20,280000,0.197005,3597.71,4331.06,346.49,259.86,112,15,0,20.38,15.3323,"Base","DC02540"
23,24,"H","FALSE",15,52000,0.021353,85.53,141.09,11.29,8.47,20.8,15,0,64.95,12.9814,"Base","DC02541"
20,21,"F","FALSE",10,86000,0.006357,59.84,127.03,10.16,7.62,34.4,15,0,112.27,9.1363,"Base","DC02542"
40,41,"F","FALSE",15,60000,0.047002,219.36,300.41,24.03,18.02,24,15,0,36.95,12.8563,"Base","DC02543"
45,46,"F","FALSE",20,64000,0.122397,493.43,620.96,49.68,37.26,25.6,15,0,25.85,15.8756,"Base","DC02544"
54,55,"H","FALSE",15,287000,0.245077,5990.36,7116.46,569.32,426.99,114.8,15,0,18.8,11.7417,"Base","DC02545"
43,44,"F","FALSE",15,137000,0.06188,663.41,852.57,68.21,51.15,54.8,15,0,28.51,12.7787,"Base","DC02546"
55,59,"H","TRUE",15,242000,0.33616,7275.71,8590.12,687.21,515.41,96.8,15,0,18.07,11.1811,"Base","DC02547"
56,60,"H","TRUE",14,48000,0.332341,1511.88,1797.76,143.82,107.87,19.2,15,0,18.91,10.5514,"Base","DC02548"
28,29,"H","FALSE",15,58000,0.029288,131.27,197.06,15.76,11.82,23.2,15,0,50.12,12.9401,"Base","DC02549"
53,54,"F","FALSE",15,316000,0.1567,4036.25,4857.73,388.62,291.46,126.4,15,0,20.35,12.2681,"Base","DC02552"
53,54,"H","FALSE",17,106000,0.270197,2219.02,2647,211.76,158.82,42.4,15,0,19.29,12.907,"Base","DC02553"
39,40,"F","FALSE",20,178000,0.070692,776.06,1002.63,80.21,60.16,71.2,15,0,29.19,16.2141,"Base","DC02554"
27,28,"H","FALSE",25,141000,0.06284,456.73,614.1,49.13,36.85,56.4,15,0,34.46,19.4001,"Base","DC02555"
31,32,"H","FALSE",20,397000,0.057186,1394.35,1823.43,145.87,109.41,158.8,15,0,30.77,16.282,"Base","DC02557"
29,33,"H","TRUE",20,101000,0.061843,384.34,511.32,40.91,30.68,40.4,15,0,33.04,16.2517,"Base","DC02558"
23,24,"H","FALSE",25,318000,0.04698,765.45,1055.4,84.43,63.32,127.2,15,0,37.88,19.5177,"Base","DC02559"
54,55,"H","FALSE",10,288000,0.141352,4722.1,5642.21,451.38,338.53,115.2,15,0,19.49,8.621,"Base","DC02560"
27,30,"F","TRUE",20,122000,0.029725,220.13,330.15,26.41,19.81,48.8,15,0,49.98,16.4747,"Base","DC02561"
50,51,"H","FALSE",20,74000,0.271944,1361.29,1634.75,130.78,98.09,29.6,15,0,20.09,14.783,"Base","DC02562"
44,48,"H","TRUE",20,407000,0.213842,5721.52,6859.68,548.77,411.58,162.8,15,0,19.89,15.2117,"Base","DC02563"
46,50,"H","TRUE",15,110000,0.161173,1450.03,1754.69,140.38,105.28,44,15,0,21.01,12.2266,"Base","DC02565"
34,35,"F","FALSE",15,53000,0.027774,113.62,174.21,13.94,10.45,21.2,15,0,53.33,12.9557,"Base","DC02566"
23,27,"H","TRUE",5,174000,0.006883,249.8,388.84,31.11,23.33,69.6,15,0,55.66,4.7946,"Base","DC02567"
43,44,"F","FALSE",15,94000,0.06188,455.19,590.45,47.24,35.43,37.6,15,0,29.72,12.7787,"Base","DC02568"
27,28,"H","FALSE",10,154000,0.016084,272.24,405.62,32.45,24.34,61.6,15,0,49,9.0983,"Base","DC02569"
56,60,"H","TRUE",14,70000,0.332341,2204.82,2613.74,209.1,156.82,28,15,0,18.55,10.5514,"Base","DC02570"
20,21,"H","FALSE",10,515000,0.01116,630.46,990.07,79.21,59.4,206,15,0,57.04,9.1165,"Base","DC02571"
45,49,"H","TRUE",15,116000,0.147948,1395.21,1693.73,135.5,101.62,46.4,15,0,21.4,12.3006,"Base","DC02572"
58,59,"H","FALSE",12,91000,0.252261,2386.62,2834.91,226.79,170.09,36.4,15,0,18.78,9.6185,"Base","DC02573"
57,58,"H","FALSE",10,175000,0.183635,3801.95,4519.71,361.58,271.18,70,15,0,18.88,8.4525,"Base","DC02574"
39,40,"H","FALSE",10,177000,0.038395,753.8,976.28,78.1,58.58,70.8,15,0,29.51,9.0155,"Base","DC02575"
49,50,"H","FALSE",20,127000,0.251283,2136.41,2560.7,204.86,153.64,50.8,15,0,19.86,14.9377,"Base","DC02576"
42,46,"H","TRUE",25,32000,0.266208,479.57,589.96,47.2,35.4,12.8,15,0,23.02,17.7632,"Base","DC02577"
47,48,"F","FALSE",15,149000,0.089796,1059.25,1318.43,105.47,79.11,59.6,15,0,24.47,12.6312,"Base","DC02578"
40,43,"F","TRUE",10,101000,0.030744,343.23,463.52,37.08,27.81,40.4,15,0,35.05,9.0469,"Base","DC02579"
40,41,"H","FALSE",20,53000,0.119293,398.37,505.32,40.43,30.32,21.2,15,0,26.85,15.8709,"Base","DC02580"
25,26,"H","FALSE",30,589000,0.07785,2071.7,2700.35,216.03,162.02,235.6,15,0,30.34,22.1334,"Base","DC02581"
33,34,"H","FALSE",10,239000,0.024059,634.04,865.86,69.27,51.95,95.6,15,0,36.56,9.0688,"Base","DC02582"
38,39,"H","FALSE",15,694000,0.063035,3427.71,4325.94,346.08,259.56,277.6,15,0,26.21,12.7625,"Base","DC02583"
52,53,"H","FALSE",15,241000,0.207736,4185.67,4996.59,399.73,299.8,96.4,15,0,19.37,11.9609,"Base","DC02584"
35,39,"H","TRUE",30,191000,0.218058,1992.38,2423,193.84,145.38,76.4,15,0,21.61,20.9042,"Base","DC02585"
20,21,"H","FALSE",20,59000,0.026946,96.49,157.08,12.57,9.42,23.6,15,0,62.8,16.4767,"Base","DC02586"
46,47,"H","FALSE",20,93000,0.197005,1194.96,1450.18,116.01,87.01,37.2,15,0,21.36,15.3323,"Base","DC02587"
39,40,"F","FALSE",15,109000,0.042945,363.5,490.82,39.27,29.45,43.6,15,0,35.02,12.8774,"Base","DC02588"
23,24,"H","FALSE",10,120000,0.012863,169.43,270.27,21.62,16.22,48,15,0,59.51,9.1102,"Base","DC02589"
29,30,"H","FALSE",10,102000,0.018239,204.66,302.86,24.23,18.17,40.8,15,0,47.98,9.0904,"Base","DC02590"
59,60,"F","FALSE",5,466000,0.064215,6380.17,7652.99,612.24,459.18,186.4,15,0,19.95,4.6902,"Base","DC02591"
21,22,"H","FALSE",20,295000,0.028564,511.74,749.7,59.98,44.98,118,15,0,46.5,16.4664,"Base","DC02592"
25,26,"H","FALSE",20,148000,0.03687,332.46,472.86,37.83,28.37,59.2,15,0,42.23,16.4132,"Base","DC02593"
52,56,"H","TRUE",15,115000,0.265771,2630.77,3129.96,250.4,187.8,46,15,0,18.98,11.6178,"Base","DC02594"
22,23,"F","FALSE",5,448000,0.003239,302.2,577.21,46.18,34.63,179.2,15,0,91,4.8015,"Base","DC02595"
47,51,"H","TRUE",15,371000,0.175505,5360.97,6423.68,513.89,385.42,148.4,15,0,19.82,12.1457,"Base","DC02596"
44,45,"H","FALSE",20,59000,0.16688,633.4,781.4,62.51,46.88,23.6,15,0,23.37,15.5445,"Base","DC02597"
20,21,"H","FALSE",25,135000,0.038474,265.27,388.68,31.09,23.32,54,15,0,46.52,19.5803,"Base","DC02598"
34,37,"F","TRUE",25,90000,0.083927,391.85,514.94,41.2,30.9,36,15,0,31.41,19.2763,"Base","DC02599"
32,33,"F","FALSE",20,127000,0.038089,294.56,419.03,33.52,25.14,50.8,15,0,42.25,16.422,"Base","DC02600"
39,43,"H","TRUE",5,170000,0.020898,744.93,962.71,77.02,57.76,68,15,0,29.23,4.7692,"Base","DC02601"
33,34,"F","FALSE",25,104000,0.064246,344.03,465.85,37.27,27.95,41.6,15,0,35.41,19.4213,"Base","DC02602"
53,54,"H","FALSE",15,422000,0.225744,8035.15,9556.91,764.55,573.41,168.8,15,0,18.94,11.8559,"Base","DC02603"
37,38,"H","FALSE",20,150000,0.092825,867.63,1096.08,87.69,65.77,60,15,0,26.33,16.048,"Base","DC02604"
51,52,"H","FALSE",19,77000,0.27191,1478.07,1771.95,141.76,106.32,30.8,15,0,19.88,14.1651,"Base","DC02605"
55,59,"H","TRUE",5,49000,0.087158,919.15,1109.01,88.72,66.54,19.6,15,0,20.66,4.6464,"Base","DC02606"
59,60,"F","FALSE",11,346000,0.173255,6471.3,7703.14,616.25,462.19,138.4,15,0,19.04,9.2634,"Base","DC02607"
55,56,"H","FALSE",10,101000,0.154315,1818.69,2179.18,174.33,130.75,40.4,15,0,19.82,8.5698,"Base","DC02608"
24,25,"F","FALSE",20,61000,0.020371,75.16,133.21,10.66,7.99,24.4,15,0,77.23,16.5333,"Base","DC02609"
31,32,"H","FALSE",20,170000,0.057186,597.08,790.79,63.26,47.45,68,15,0,32.44,16.282,"Base","DC02610"
36,37,"H","FALSE",25,285000,0.128901,1944.15,2410.64,192.85,144.64,114,15,0,23.99,18.8961,"Base","DC02611"
42,43,"H","FALSE",15,123000,0.088326,860.37,1075.08,86.01,64.5,49.2,15,0,24.96,12.6273,"Base","DC02612"
40,44,"H","TRUE",25,302000,0.227707,3800.53,4577.13,366.17,274.63,120.8,15,0,20.43,18.0942,"Base","DC02613"
42,46,"H","TRUE",15,116000,0.114284,1061.71,1305.94,104.48,78.36,46.4,15,0,23,12.4865,"Base","DC02614"
23,24,"H","FALSE",20,143000,0.032315,281.04,410.75,32.86,24.64,57.2,15,0,46.15,16.4424,"Base","DC02615"
33,34,"H","FALSE",15,297000,0.042198,973.61,1287.68,103.01,77.26,118.8,15,0,32.26,12.8725,"Base","DC02616"
56,57,"H","FALSE",14,107000,0.262304,2560.66,3044.73,243.58,182.68,42.8,15,0,18.9,10.9606,"Base","DC02618"
55,56,"F","FALSE",10,44000,0.104593,524.77,648.11,51.85,38.89,17.6,15,0,23.5,8.7696,"Base","DC02619"
45,49,"H","TRUE",10,132000,0.083156,1240.77,1521.6,121.73,91.3,52.8,15,0,22.63,8.8466,"Base","DC02620"
45,46,"H","FALSE",15,53000,0.114284,485.09,606.15,48.49,36.37,21.2,15,0,24.96,12.4865,"Base","DC02621"
48,49,"H","FALSE",22,189000,0.270682,3198.07,3824.04,305.92,229.44,75.6,15,0,19.57,15.9968,"Base","DC02622"
20,21,"H","FALSE",30,225000,0.054052,544.67,755.43,60.43,45.33,90,15,0,38.7,22.3286,"Base","DC02623"
30,31,"H","FALSE",10,174000,0.019487,373.2,532.32,42.59,31.94,69.6,15,0,42.64,9.0857,"Base","DC02624"
26,27,"H","FALSE",20,170000,0.0395,409.54,572.72,45.82,34.36,68,15,0,39.84,16.3963,"Base","DC02625"
35,36,"F","FALSE",10,523000,0.01677,963.99,1381.61,110.53,82.9,209.2,15,0,43.32,9.0982,"Base","DC02626"
60,61,"H","FALSE",10,94000,0.237053,2706.38,3208.12,256.65,192.49,37.6,15,0,18.54,8.2335,"Base","DC02627"
43,44,"H","FALSE",15,288000,0.096223,2202.07,2711.94,216.95,162.72,115.2,15,0,23.15,12.5847,"Base","DC02628"
36,39,"F","TRUE",15,46000,0.039272,140.08,201.72,16.14,12.1,18.4,15,0,44,12.8964,"Base","DC02629"
20,24,"H","TRUE",20,329000,0.032315,646.59,922.32,73.79,55.34,131.6,15,0,42.64,16.4424,"Base","DC02630"
41,45,"H","TRUE",10,150000,0.058587,983.03,1230.26,98.42,73.82,60,15,0,25.15,8.9398,"Base","DC02631"
57,58,"H","FALSE",5,101000,0.079518,1723.16,2068.09,165.45,124.09,40.4,15,0,20.02,4.6608,"Base","DC02632"
51,52,"H","FALSE",10,489000,0.108445,6060.93,7292.48,583.4,437.55,195.6,15,0,20.32,8.7494,"Base","DC02633"
21,22,"H","FALSE",20,129000,0.028564,223.78,337.65,27.01,20.26,51.6,15,0,50.89,16.4664,"Base","DC02634"
51,52,"F","FALSE",15,243000,0.130339,2551.56,3097.39,247.79,185.84,97.2,15,0,21.39,12.4129,"Base","DC02635"
50,51,"F","FALSE",15,240000,0.118788,2285.19,2786.26,222.9,167.18,96,15,0,21.93,12.4757,"Base","DC02636"
24,25,"H","FALSE",10,104000,0.013553,154.76,245.77,19.66,14.75,41.6,15,0,58.81,9.1077,"Base","DC02637"
34,35,"F","FALSE",20,173000,0.045239,477.9,653.6,52.29,39.22,69.2,15,0,36.77,16.3768,"Base","DC02638"
49,50,"H","FALSE",5,102000,0.038375,826.28,1025.67,82.05,61.54,40.8,15,0,24.13,4.7372,"Base","DC02639"
59,60,"H","FALSE",11,85000,0.245391,2335.25,2772.38,221.79,166.34,34,15,0,18.72,8.9319,"Base","DC02641"
38,39,"F","FALSE",20,29000,0.064566,115.2,164.88,13.19,9.89,11.6,15,0,43.13,16.2535,"Base","DC02642"
23,27,"H","TRUE",10,134000,0.015155,223.13,339.22,27.14,20.35,53.6,15,0,52.03,9.1017,"Base","DC02643"
60,61,"H","FALSE",10,189000,0.237053,5441.56,6432.74,514.62,385.96,75.6,15,0,18.22,8.2335,"Base","DC02644"
58,59,"H","FALSE",12,163000,0.252261,4274.94,5064.11,405.13,303.85,65.2,15,0,18.46,9.6185,"Base","DC02645"
44,45,"F","FALSE",26,53000,0.186079,517.26,643.55,51.48,38.61,21.2,15,0,24.42,19.0663,"Base","DC02646"
20,21,"F","FALSE",15,331000,0.010433,264.74,479.24,38.34,28.75,132.4,15,0,81.02,13.0445,"Base","DC02647"
43,47,"H","TRUE",20,104000,0.197005,1336.29,1619.64,129.57,97.18,41.6,15,0,21.2,15.3323,"Base","DC02648"
42,43,"F","FALSE",10,51000,0.030744,173.31,242.69,19.42,14.56,20.4,15,0,40.03,9.0469,"Base","DC02649"
21,22,"F","FALSE",5,109000,0.003105,70.48,150.09,12.01,9.01,43.6,15,0,112.96,4.8018,"Base","DC02650"
30,34,"H","TRUE",15,264000,0.042198,865.43,1146.55,91.72,68.79,105.6,15,0,32.48,12.8725,"Base","DC02651"
29,30,"H","FALSE",25,267000,0.07329,1012.76,1319.26,105.54,79.16,106.8,15,0,30.26,19.3219,"Base","DC02652"
23,24,"H","FALSE",20,215000,0.032315,422.54,608.77,48.7,36.53,86,15,0,44.07,16.4424,"Base","DC02653"
56,57,"H","FALSE",14,42000,0.262304,1005.12,1205.72,96.46,72.34,16.8,15,0,19.96,10.9606,"Base","DC02654"
42,43,"H","FALSE",28,552000,0.259556,7361.18,8833.69,706.7,530.02,220.8,15,0,20,19.4636,"Base","DC02655"
37,38,"H","FALSE",25,367000,0.13994,2730.42,3363.04,269.04,201.78,146.8,15,0,23.17,18.8096,"Base","DC02656"
32,33,"F","FALSE",20,106000,0.038089,245.86,352.62,28.21,21.16,42.4,15,0,43.43,16.422,"Base","DC02657"
39,40,"F","FALSE",25,263000,0.109952,1515.45,1901.92,152.15,114.12,105.2,15,0,25.5,19.0816,"Base","DC02658"
37,38,"H","FALSE",15,47000,0.058045,213.32,287.35,22.99,17.24,18.8,15,0,34.7,12.789,"Base","DC02659"
39,40,"F","FALSE",20,148000,0.070692,645.26,836.58,66.93,50.2,59.2,15,0,29.65,16.2141,"Base","DC02660"
54,55,"H","FALSE",10,439000,0.141352,7197.92,8591.31,687.3,515.48,175.6,15,0,19.36,8.621,"Base","DC02661"
45,48,"F","TRUE",15,224000,0.089796,1592.43,1973.29,157.86,118.4,89.6,15,0,23.92,12.6312,"Base","DC02662"
29,30,"F","FALSE",20,427000,0.029725,770.44,1111.9,88.95,66.71,170.8,15,0,44.32,16.4747,"Base","DC02663"
42,43,"H","FALSE",20,26000,0.141132,233.39,300.92,24.07,18.06,10.4,15,0,28.93,15.7224,"Base","DC02664"
48,49,"H","FALSE",15,145000,0.147948,1744.01,2112.8,169.02,126.77,58,15,0,21.15,12.3006,"Base","DC02665"
44,45,"F","FALSE",10,269000,0.03693,1100.87,1422.63,113.81,85.36,107.6,15,0,29.23,9.0241,"Base","DC02666"
33,36,"F","TRUE",5,119000,0.007136,177.12,278.74,22.3,16.72,47.6,15,0,57.38,4.7945,"Base","DC02667"
32,33,"F","FALSE",15,181000,0.023553,328.51,483.61,38.69,29.02,72.4,15,0,47.22,12.9774,"Base","DC02668"
20,21,"H","FALSE",20,146000,0.026946,238.77,362.99,29.04,21.78,58.4,15,0,52.02,16.4767,"Base","DC02669"
30,31,"F","FALSE",10,205000,0.011433,257.06,411.7,32.94,24.7,82,15,0,60.16,9.1178,"Base","DC02670"
54,55,"F","FALSE",16,146000,0.189725,2168.41,2606.75,208.54,156.41,58.4,15,0,20.22,12.7743,"Base","DC02671"
33,37,"H","TRUE",25,145000,0.128901,989.13,1235.03,98.8,74.1,58,15,0,24.86,18.8961,"Base","DC02672"
43,44,"F","FALSE",20,121000,0.101913,770.18,969.28,77.54,58.16,48.4,15,0,25.85,16.0111,"Base","DC02673"
45,46,"H","FALSE",15,135000,0.114284,1235.61,1516.99,121.36,91.02,54,15,0,22.77,12.4865,"Base","DC02674"
56,57,"H","FALSE",10,169000,0.168387,3342.52,3982.7,318.62,238.96,67.6,15,0,19.15,8.5138,"Base","DC02675"
48,52,"H","TRUE",22,74000,0.339484,1628.78,1945.79,155.66,116.75,29.6,15,0,19.46,15.4237,"Base","DC02676"
43,46,"F","TRUE",10,114000,0.040523,512.68,666.6,53.33,40,45.6,15,0,30.02,9.0108,"Base","DC02677"
38,39,"F","FALSE",5,209000,0.00906,395.22,574.21,45.94,34.45,83.6,15,0,45.29,4.791,"Base","DC02678"
48,49,"H","FALSE",15,108000,0.147948,1298.99,1578.12,126.25,94.69,43.2,15,0,21.49,12.3006,"Base","DC02679"
26,27,"H","FALSE",20,903000,0.0395,2175.38,2966.96,237.36,178.02,361.2,15,0,36.39,16.3963,"Base","DC02681"
44,45,"H","FALSE",20,227000,0.16688,2436.98,2956.72,236.54,177.4,90.8,15,0,21.33,15.5445,"Base","DC02682"
46,47,"F","FALSE",24,53000,0.188955,560.1,693.37,55.47,41.6,21.2,15,0,23.79,17.8801,"Base","DC02683"
59,60,"F","FALSE",10,180000,0.152432,3196.32,3817.81,305.43,229.07,72,15,0,19.44,8.5842,"Base","DC02684"
27,28,"F","FALSE",20,265000,0.025405,407.97,615.08,49.21,36.91,106,15,0,50.77,16.5018,"Base","DC02685"
49,53,"H","TRUE",20,37000,0.317187,813.05,980.06,78.4,58.8,14.8,15,0,20.54,14.4344,"Base","DC02686"
37,38,"H","FALSE",20,157000,0.092825,908.12,1146.42,91.71,68.79,62.8,15,0,26.24,16.048,"Base","DC02687"
20,21,"F","FALSE",10,179000,0.006357,124.56,245.53,19.64,14.73,71.6,15,0,97.12,9.1363,"Base","DC02688"
42,43,"H","FALSE",10,739000,0.049345,4063.27,5085.89,406.87,305.15,295.6,15,0,25.17,8.9745,"Base","DC02689"
57,58,"H","FALSE",13,446000,0.257846,11171,13214.42,1057.15,792.87,178.4,15,0,18.29,10.2944,"Base","DC02690"
43,44,"H","FALSE",20,56000,0.153487,549.66,682.63,54.61,40.96,22.4,15,0,24.19,15.6375,"Base","DC02691"
26,27,"F","FALSE",10,157000,0.008763,150.73,265.73,21.26,15.94,62.8,15,0,76.3,9.1275,"Base","DC02692"
47,48,"H","FALSE",10,132000,0.076139,1132.65,1395.87,111.67,83.75,52.8,15,0,23.24,8.8733,"Base","DC02693"
50,51,"H","FALSE",15,89000,0.175505,1286.05,1554.25,124.34,93.25,35.6,15,0,20.85,12.1457,"Base","DC02694"
59,60,"H","FALSE",10,238000,0.21791,6238.88,7382.65,590.61,442.96,95.2,15,0,18.33,8.3128,"Base","DC02695"
39,40,"H","FALSE",20,178000,0.10969,1225.24,1524.93,121.99,91.5,71.2,15,0,24.46,15.9355,"Base","DC02696"
41,42,"F","FALSE",5,53000,0.011684,129.39,192.54,15.4,11.55,21.2,15,0,48.81,4.7863,"Base","DC02697"
35,36,"F","FALSE",25,35000,0.076737,138.95,195.29,15.62,11.72,14,15,0,40.55,19.3295,"Base","DC02698"
52,53,"F","FALSE",5,147000,0.032433,1004.01,1253.26,100.26,75.2,58.8,15,0,24.83,4.7486,"Base","DC02699"
22,23,"H","FALSE",20,810000,0.030348,1493.89,2131.27,170.5,127.88,324,15,0,42.67,16.455,"Base","DC02700"
58,59,"F","FALSE",12,64000,0.178206,1141.86,1374.95,110,82.5,25.6,15,0,20.41,9.9882,"Base","DC02701"
49,50,"F","FALSE",15,241000,0.108228,2081.2,2549.54,203.96,152.97,96.4,15,0,22.5,12.5326,"Base","DC02702"
23,24,"H","FALSE",10,91000,0.012863,128.49,209.17,16.73,12.55,36.4,15,0,62.8,9.1102,"Base","DC02703"
30,34,"H","TRUE",25,71000,0.100856,374.66,486.11,38.89,29.17,28.4,15,0,29.75,19.1129,"Base","DC02704"
23,24,"F","FALSE",15,143000,0.012377,135.78,241.84,19.35,14.51,57.2,15,0,78.11,13.0346,"Base","DC02705"
28,32,"H","TRUE",5,461000,0.0092,885.38,1261.37,100.91,75.68,184.4,15,0,42.47,4.7904,"Base","DC02706"
23,24,"H","FALSE",30,136000,0.066997,410.01,557.46,44.6,33.45,54.4,15,0,35.96,22.2229,"Base","DC02707"
32,33,"H","FALSE",15,164000,0.039095,497.45,672.15,53.77,40.33,65.6,15,0,35.12,12.8888,"Base","DC02708"
36,37,"F","FALSE",10,28000,0.018208,56.07,95.66,7.65,5.74,11.2,15,0,70.61,9.093,"Base","DC02709"
56,57,"H","FALSE",14,110000,0.262304,2632.46,3129.6,250.37,187.78,44,15,0,18.89,10.9606,"Base","DC02710"
33,34,"H","FALSE",15,364000,0.042198,1193.24,1574.24,125.94,94.45,145.6,15,0,31.93,12.8725,"Base","DC02711"
54,55,"F","FALSE",15,89000,0.171656,1253.8,1516.74,121.34,91,35.6,15,0,20.97,12.1849,"Base","DC02712"
21,25,"H","TRUE",25,1e+05,0.050402,258.57,364.62,29.17,21.88,40,15,0,41.01,19.4924,"Base","DC02713"
42,43,"H","FALSE",10,85000,0.049345,467.36,600.42,48.03,36.02,34,15,0,28.47,8.9745,"Base","DC02714"
28,29,"F","FALSE",15,55000,0.017309,73.18,128.11,10.25,7.69,22,15,0,75.07,13.0094,"Base","DC02715"
42,43,"F","FALSE",25,134000,0.143942,1024.79,1271.39,101.71,76.28,53.6,15,0,24.06,18.8217,"Base","DC02716"
26,29,"F","TRUE",10,83000,0.00996,90.62,161.41,12.91,9.68,33.2,15,0,78.13,9.1231,"Base","DC02717"
39,40,"H","FALSE",10,205000,0.038395,873.04,1127.96,90.24,67.68,82,15,0,29.2,9.0155,"Base","DC02718"
41,42,"H","FALSE",20,68000,0.129754,558.43,698.41,55.87,41.9,27.2,15,0,25.07,15.8,"Base","DC02719"
24,25,"H","FALSE",20,76000,0.034482,159.52,238.27,19.06,14.3,30.4,15,0,49.37,16.4285,"Base","DC02720"
41,44,"F","TRUE",5,112000,0.013945,326.59,449.29,35.94,26.96,44.8,15,0,37.57,4.7822,"Base","DC02721"
53,54,"H","FALSE",5,248000,0.055119,2904.56,3510.18,280.81,210.61,99.2,15,0,20.85,4.7063,"Base","DC02722"
31,35,"H","TRUE",10,153000,0.025906,437.4,597.21,47.78,35.83,61.2,15,0,36.54,9.062,"Base","DC02723"
58,59,"H","FALSE",10,307000,0.200123,7326.48,8679.4,694.35,520.76,122.8,15,0,18.47,8.3857,"Base","DC02724"
57,61,"H","TRUE",13,119000,0.327309,3928.56,4640.88,371.27,278.45,47.6,15,0,18.13,9.9145,"Base","DC02725"
37,38,"F","FALSE",10,89000,0.019802,193.94,284.35,22.75,17.06,35.6,15,0,46.62,9.0871,"Base","DC02726"
36,39,"F","TRUE",20,40000,0.064566,158.9,220.81,17.66,13.25,16,15,0,38.96,16.2535,"Base","DC02727"
48,49,"F","FALSE",10,238000,0.053721,1426.7,1787.09,142.97,107.23,95.2,15,0,25.26,8.9618,"Base","DC02728"
30,31,"H","FALSE",10,401000,0.019487,860.07,1204.03,96.32,72.24,160.4,15,0,39.99,9.0857,"Base","DC02729"
25,26,"H","FALSE",10,134000,0.014315,210.67,324.74,25.98,19.48,53.6,15,0,54.14,9.1048,"Base","DC02730"
20,21,"F","FALSE",15,219000,0.010433,175.16,322.98,25.84,19.38,87.6,15,0,84.39,13.0445,"Base","DC02731"
58,59,"F","FALSE",12,94000,0.178206,1677.11,2011.29,160.9,120.68,37.6,15,0,19.93,9.9882,"Base","DC02732"
41,42,"F","FALSE",15,158000,0.051482,633.85,827.96,66.24,49.68,63.2,15,0,30.62,12.833,"Base","DC02733"
22,23,"H","FALSE",20,339000,0.030348,625.22,902.12,72.17,54.13,135.6,15,0,44.29,16.455,"Base","DC02734"
39,40,"H","FALSE",15,138000,0.068512,742.51,945.02,75.6,56.7,55.2,15,0,27.27,12.7334,"Base","DC02735"
54,55,"H","FALSE",16,78000,0.268368,1706.5,2038.02,163.04,122.28,31.2,15,0,19.43,12.2664,"Base","DC02736"
25,26,"F","FALSE",15,86000,0.014051,92.77,165.31,13.22,9.92,34.4,15,0,78.2,13.0261,"Base","DC02737"
35,36,"F","FALSE",15,43000,0.030228,100.43,154.22,12.34,9.25,17.2,15,0,53.56,12.9431,"Base","DC02738"
38,39,"H","FALSE",25,70000,0.151917,568.22,710.72,56.86,42.64,28,15,0,25.08,18.7149,"Base","DC02739"
37,38,"H","FALSE",20,76000,0.092825,439.6,563.95,45.12,33.84,30.4,15,0,28.29,16.048,"Base","DC02740"
53,57,"H","TRUE",17,263000,0.340747,7214.54,8528.77,682.3,511.73,105.2,15,0,18.22,12.4216,"Base","DC02741"
39,40,"H","FALSE",15,89000,0.068512,478.87,615.66,49.25,36.94,35.6,15,0,28.57,12.7334,"Base","DC02742"
37,38,"F","FALSE",20,244000,0.059004,883.84,1158.66,92.69,69.52,97.6,15,0,31.09,16.2891,"Base","DC02743"
38,39,"H","FALSE",10,282000,0.035391,1105.65,1434.25,114.74,86.05,112.8,15,0,29.72,9.0267,"Base","DC02744"
39,40,"H","FALSE",15,262000,0.068512,1409.7,1778.49,142.28,106.71,104.8,15,0,26.16,12.7334,"Base","DC02745"
56,57,"H","FALSE",14,149000,0.262304,3565.79,4233.01,338.64,253.98,59.6,15,0,18.71,10.9606,"Base","DC02746"
57,58,"H","FALSE",10,676000,0.183635,14686.41,17409.08,1392.73,1044.54,270.4,15,0,18.54,8.4525,"Base","DC02747"
27,28,"F","FALSE",10,208000,0.009331,212.67,361.48,28.92,21.69,83.2,15,0,69.97,9.1254,"Base","DC02748"
37,38,"F","FALSE",10,490000,0.019802,1067.79,1486.96,118.96,89.22,196,15,0,39.26,9.0871,"Base","DC02749"
25,26,"H","FALSE",15,340000,0.02407,631.12,909.44,72.76,54.57,136,15,0,44.1,12.9673,"Base","DC02750"
27,31,"H","TRUE",25,365000,0.079281,1501.15,1932.74,154.62,115.96,146,15,0,28.75,19.2768,"Base","DC02751"
55,56,"F","FALSE",15,70000,0.18789,1087.54,1314.58,105.17,78.88,28,15,0,20.88,12.0936,"Base","DC02752"
52,53,"H","FALSE",10,77000,0.118483,1047.38,1271.14,101.69,76.27,30.8,15,0,21.36,8.7105,"Base","DC02753"
35,36,"H","FALSE",20,153000,0.078715,746.13,956.2,76.5,57.37,61.2,15,0,28.15,16.1413,"Base","DC02754"
32,33,"H","FALSE",15,118000,0.039095,357.92,488.51,39.08,29.31,47.2,15,0,36.49,12.8888,"Base","DC02755"
24,25,"H","FALSE",15,170000,0.022645,296.7,441.52,35.32,26.49,68,15,0,48.81,12.9747,"Base","DC02756"
48,49,"H","FALSE",22,54000,0.270682,913.74,1105.04,88.4,66.3,21.6,15,0,20.94,15.9968,"Base","DC02757"
31,32,"H","FALSE",15,195000,0.036276,548.21,745.6,59.65,44.74,78,15,0,36,12.9036,"Base","DC02758"
42,46,"H","TRUE",10,113000,0.063902,809.55,1011.34,80.91,60.68,45.2,15,0,24.93,8.9197,"Base","DC02759"
34,35,"H","FALSE",20,90000,0.072565,403.6,528.6,42.29,31.72,36,15,0,30.97,16.1817,"Base","DC02760"
45,46,"F","FALSE",25,72000,0.187602,731.01,900.95,72.08,54.06,28.8,15,0,23.25,18.4776,"Base","DC02761"
37,38,"H","FALSE",10,1e+05,0.032665,361.46,484.26,38.74,29.06,40,15,0,33.97,9.0369,"Base","DC02762"
48,49,"H","FALSE",15,373000,0.147948,4486.31,5407.57,432.61,324.45,149.2,15,0,20.53,12.3006,"Base","DC02763"
31,32,"H","FALSE",20,202000,0.057186,709.47,936.36,74.91,56.18,80.8,15,0,31.98,16.282,"Base","DC02764"
45,48,"F","TRUE",10,90000,0.048879,489.89,628.94,50.32,37.74,36,15,0,28.38,8.9798,"Base","DC02765"
47,48,"H","FALSE",15,146000,0.135767,1602.64,1948.89,155.91,116.93,58.4,15,0,21.6,12.3683,"Base","DC02766"
37,38,"F","FALSE",10,439000,0.019802,956.65,1334.01,106.72,80.04,175.6,15,0,39.45,9.0871,"Base","DC02767"
52,53,"H","FALSE",18,62000,0.271351,1242.54,1491.09,119.29,89.47,24.8,15,0,20,13.5398,"Base","DC02768"
27,28,"H","FALSE",15,305000,0.027376,644.76,909.03,72.72,54.54,122,15,0,40.99,12.9501,"Base","DC02769"
59,60,"F","FALSE",10,187000,0.152432,3320.62,3965.61,317.25,237.94,74.8,15,0,19.42,8.5842,"Base","DC02770"
41,42,"H","FALSE",25,80000,0.19402,844.72,1036.88,82.95,62.21,32,15,0,22.75,18.3748,"Base","DC02771"
39,40,"H","FALSE",10,50000,0.038395,212.94,288.3,23.06,17.3,20,15,0,35.39,9.0155,"Base","DC02772"
24,27,"F","TRUE",25,419000,0.035523,758.25,1094.02,87.52,65.64,167.6,15,0,44.28,19.6294,"Base","DC02773"
33,34,"F","FALSE",10,49000,0.014301,76.94,129.7,10.38,7.78,19.6,15,0,68.57,9.1073,"Base","DC02774"
30,31,"H","FALSE",5,93000,0.008641,167.71,255.71,20.46,15.34,37.2,15,0,52.47,4.7915,"Base","DC02775"
25,26,"H","FALSE",20,142000,0.03687,318.98,454.4,36.35,27.26,56.8,15,0,42.45,16.4132,"Base","DC02776"
40,41,"H","FALSE",20,72000,0.119293,541.19,680.22,54.42,40.81,28.8,15,0,25.69,15.8709,"Base","DC02777"
33,34,"H","FALSE",15,247000,0.042198,809.7,1073.84,85.91,64.43,98.8,15,0,32.62,12.8725,"Base","DC02778"
38,39,"H","FALSE",15,228000,0.063035,1126.11,1432.91,114.63,85.97,91.2,15,0,27.25,12.7625,"Base","DC02779"
44,45,"H","FALSE",10,108000,0.058587,707.78,890.67,71.25,53.44,43.2,15,0,25.84,8.9398,"Base","DC02780"
26,27,"H","FALSE",15,199000,0.025642,393.76,567.87,45.43,34.07,79.6,15,0,44.21,12.9591,"Base","DC02781"
51,52,"H","FALSE",15,292000,0.191007,4625.76,5532.04,442.56,331.92,116.8,15,0,19.59,12.0573,"Base","DC02782"
55,56,"H","FALSE",10,105000,0.154315,1890.72,2264.79,181.18,135.89,42,15,0,19.78,8.5698,"Base","DC02783"
39,40,"H","FALSE",10,153000,0.038395,651.59,846.27,67.7,50.78,61.2,15,0,29.88,9.0155,"Base","DC02784"
56,57,"F","FALSE",5,191000,0.047872,1937.06,2358.68,188.69,141.52,76.4,15,0,21.77,4.7203,"Base","DC02785"
56,57,"H","FALSE",10,70000,0.168387,1384.48,1659.86,132.79,99.59,28,15,0,19.89,8.5138,"Base","DC02786"
22,23,"F","FALSE",15,106000,0.011661,94.8,176.98,14.16,10.62,42.4,15,0,86.68,13.0383,"Base","DC02787"
29,30,"H","FALSE",10,216000,0.018239,433.39,621.85,49.75,37.31,86.4,15,0,43.48,9.0904,"Base","DC02788"
36,37,"F","FALSE",5,138000,0.007712,222.03,339.8,27.18,20.39,55.2,15,0,53.04,4.7935,"Base","DC02789"
39,40,"F","FALSE",15,50000,0.042945,166.74,234.59,18.77,14.08,20,15,0,40.69,12.8774,"Base","DC02790"
29,30,"H","FALSE",30,166000,0.106377,806.52,1032.47,82.6,61.95,66.4,15,0,28.01,21.8948,"Base","DC02791"
42,43,"H","FALSE",25,270000,0.210274,3112.54,3762.26,300.98,225.74,108,15,0,20.87,18.2404,"Base","DC02792"
38,39,"H","FALSE",20,158000,0.100886,996.6,1249.77,99.98,74.99,63.2,15,0,25.4,15.9944,"Base","DC02793"
23,24,"H","FALSE",20,348000,0.032315,683.93,974.57,77.97,58.47,139.2,15,0,42.5,16.4424,"Base","DC02794"
26,27,"F","FALSE",15,133000,0.015027,153.49,257.78,20.62,15.47,53.2,15,0,67.94,13.0211,"Base","DC02795"
40,41,"F","FALSE",20,93000,0.077433,445.33,578.52,46.28,34.71,37.2,15,0,29.91,16.1706,"Base","DC02796"
42,43,"H","FALSE",5,134000,0.020898,587.18,762.53,61,45.75,53.6,15,0,29.86,4.7692,"Base","DC02797"
49,50,"F","FALSE",10,342000,0.059065,2259.07,2803.33,224.27,168.2,136.8,15,0,24.09,8.9418,"Base","DC02798"
59,60,"F","FALSE",11,90000,0.173255,1683.29,2016.61,161.33,121,36,15,0,19.8,9.2634,"Base","DC02799"
47,48,"F","FALSE",10,242000,0.048879,1317.26,1661.7,132.94,99.7,96.8,15,0,26.15,8.9798,"Base","DC02800"
34,35,"F","FALSE",20,318000,0.045239,878.45,1186.8,94.94,71.21,127.2,15,0,35.1,16.3768,"Base","DC02801"
23,24,"F","FALSE",10,946000,0.007374,763.86,1345.65,107.65,80.74,378.4,15,0,76.16,9.1326,"Base","DC02802"
42,45,"F","TRUE",28,30000,0.216648,326.23,410.73,32.86,24.64,12,15,0,25.9,19.9229,"Base","DC02803"
33,34,"H","FALSE",10,89000,0.024059,236.11,333.38,26.67,20,35.6,15,0,41.2,9.0688,"Base","DC02804"
25,26,"F","FALSE",10,163000,0.008251,147.32,264.56,21.16,15.87,65.2,15,0,79.58,9.1294,"Base","DC02805"
34,38,"H","TRUE",20,90000,0.092825,520.58,664.63,53.17,39.88,36,15,0,27.67,16.048,"Base","DC02806"
27,28,"F","FALSE",10,367000,0.009331,375.25,624.47,49.96,37.47,146.8,15,0,66.42,9.1254,"Base","DC02807"
50,51,"H","FALSE",20,454000,0.271944,8351.68,9939.86,795.19,596.39,181.6,15,0,19.02,14.783,"Base","DC02808"
27,28,"H","FALSE",10,145000,0.016084,256.33,382.94,30.64,22.98,58,15,0,49.39,9.0983,"Base","DC02809"
49,50,"H","FALSE",5,104000,0.038375,842.48,1045.44,83.64,62.73,41.6,15,0,24.09,4.7372,"Base","DC02810"
24,25,"H","FALSE",25,313000,0.050402,809.34,1104.11,88.33,66.25,125.2,15,0,36.42,19.4924,"Base","DC02811"
31,35,"H","TRUE",15,42000,0.045613,149.03,210.27,16.82,12.62,16.8,15,0,41.09,12.8546,"Base","DC02812"
57,58,"H","FALSE",13,114000,0.257846,2855.37,3390.66,271.25,203.44,45.6,15,0,18.75,10.2944,"Base","DC02813"
32,33,"H","FALSE",10,159000,0.022383,392.17,547.4,43.79,32.84,63.6,15,0,39.58,9.075,"Base","DC02814"
49,50,"H","FALSE",21,675000,0.271516,11905.89,14175.46,1134.04,850.53,270,15,0,19.06,15.3935,"Base","DC02815"
28,29,"H","FALSE",25,51000,0.067824,178.64,248.89,19.91,14.93,20.4,15,0,39.32,19.3628,"Base","DC02816"
23,26,"F","TRUE",5,142000,0.003737,110.53,212.01,16.96,12.72,56.8,15,0,91.81,4.8006,"Base","DC02817"
23,27,"H","TRUE",20,68000,0.0395,163.82,239.55,19.16,14.37,27.2,15,0,46.23,16.3963,"Base","DC02818"
59,60,"F","FALSE",11,89000,0.173255,1664.58,1994.4,159.55,119.66,35.6,15,0,19.81,9.2634,"Base","DC02819"
28,29,"H","FALSE",10,162000,0.017108,304.75,447.15,35.77,26.83,64.8,15,0,46.73,9.0945,"Base","DC02820"
37,38,"H","FALSE",20,222000,0.092825,1284.1,1613.83,129.11,96.83,88.8,15,0,25.68,16.048,"Base","DC02821"
32,33,"H","FALSE",20,122000,0.061843,464.25,614.01,49.12,36.84,48.8,15,0,32.26,16.2517,"Base","DC02822"
42,43,"H","FALSE",15,288000,0.088326,2014.52,2493.86,199.51,149.63,115.2,15,0,23.79,12.6273,"Base","DC02823"
34,35,"H","FALSE",25,126000,0.109415,723.8,917.67,73.41,55.06,50.4,15,0,26.79,19.0472,"Base","DC02824"
47,48,"H","FALSE",10,71000,0.076139,609.23,758.87,60.71,45.53,28.4,15,0,24.56,8.8733,"Base","DC02825"
32,36,"H","TRUE",25,275000,0.118745,1720.93,2146.43,171.71,128.79,110,15,0,24.73,18.9751,"Base","DC02826"
25,29,"H","TRUE",20,62000,0.045583,172.78,247.18,19.77,14.83,24.8,15,0,43.06,16.3571,"Base","DC02827"
34,35,"H","FALSE",15,83000,0.045613,294.52,398.51,31.88,23.91,33.2,15,0,35.31,12.8546,"Base","DC02829"
47,48,"F","FALSE",20,106000,0.146834,990.63,1218.64,97.49,73.12,42.4,15,0,23.02,15.7116,"Base","DC02830"
59,60,"H","FALSE",11,481000,0.245391,13214.75,15607.16,1248.57,936.43,192.4,15,0,18.1,8.9319,"Base","DC02832"
51,52,"H","FALSE",10,147000,0.108445,1822,2204.42,176.35,132.27,58.8,15,0,20.99,8.7494,"Base","DC02833"
37,41,"H","TRUE",25,312000,0.178906,3017.51,3671.29,293.7,220.28,124.8,15,0,21.67,18.4982,"Base","DC02834"
41,42,"F","FALSE",10,287000,0.028089,890.13,1185.97,94.88,71.16,114.8,15,0,33.24,9.0567,"Base","DC02835"
32,33,"H","FALSE",10,70000,0.022383,172.65,250.76,20.06,15.05,28,15,0,45.24,9.075,"Base","DC02836"
37,38,"F","FALSE",25,145000,0.091821,692.8,890.47,71.24,53.43,58,15,0,28.53,19.2176,"Base","DC02837"
48,49,"H","FALSE",10,296000,0.083156,2782.34,3390.4,271.23,203.42,118.4,15,0,21.85,8.8466,"Base","DC02838"
44,45,"F","FALSE",15,136000,0.06789,724.32,922.93,73.83,55.38,54.4,15,0,27.42,12.7471,"Base","DC02839"
46,47,"F","FALSE",15,117000,0.081791,755.07,949.85,75.99,56.99,46.8,15,0,25.8,12.6738,"Base","DC02840"
57,61,"H","TRUE",13,44000,0.327309,1452.58,1726.95,138.16,103.62,17.6,15,0,18.89,9.9145,"Base","DC02841"
26,27,"F","FALSE",20,99000,0.023553,141.2,227.68,18.21,13.66,39.6,15,0,61.24,16.5134,"Base","DC02842"
58,59,"H","FALSE",5,286000,0.087158,5364.81,6388.61,511.09,383.32,114.4,15,0,19.08,4.6464,"Base","DC02844"
42,45,"F","TRUE",10,160000,0.03693,654.79,853.24,68.26,51.19,64,15,0,30.31,9.0241,"Base","DC02845"
56,57,"H","FALSE",14,133000,0.262304,3182.88,3780.33,302.43,226.82,53.2,15,0,18.77,10.9606,"Base","DC02846"
40,41,"H","FALSE",10,92000,0.041702,426.13,555.74,44.46,33.34,36.8,15,0,30.41,9.0031,"Base","DC02847"
56,57,"H","FALSE",10,155000,0.168387,3065.63,3654.22,292.34,219.25,62,15,0,19.2,8.5138,"Base","DC02848"
34,35,"H","FALSE",10,99000,0.025906,283.02,392.58,31.41,23.56,39.6,15,0,38.71,9.062,"Base","DC02849"
50,54,"H","TRUE",10,90000,0.12943,1343.91,1621.98,129.76,97.32,36,15,0,20.69,8.6678,"Base","DC02850"
53,54,"H","FALSE",10,83000,0.12943,1239.38,1497.19,119.77,89.83,33.2,15,0,20.8,8.6678,"Base","DC02851"
59,60,"H","FALSE",11,504000,0.245391,13846.64,16352.61,1308.21,981.16,201.6,15,0,18.1,8.9319,"Base","DC02852"
58,59,"H","FALSE",12,95000,0.252261,2491.53,2958.75,236.7,177.53,38,15,0,18.75,9.6185,"Base","DC02853"
34,35,"H","FALSE",10,238000,0.025906,680.4,919.3,73.54,55.16,95.2,15,0,35.11,9.062,"Base","DC02855"
59,60,"F","FALSE",11,48000,0.173255,897.75,1083.67,86.69,65.02,19.2,15,0,20.71,9.2634,"Base","DC02856"
60,61,"F","FALSE",10,133000,0.167242,2608.94,3112.96,249.04,186.78,53.2,15,0,19.32,8.5257,"Base","DC02857"
47,48,"H","FALSE",23,183000,0.269491,2972.17,3558.57,284.69,213.51,73.2,15,0,19.73,16.5929,"Base","DC02858"
24,27,"F","TRUE",10,65000,0.008763,62.4,120.24,9.62,7.21,26,15,0,92.68,9.1275,"Base","DC02859"
25,28,"F","TRUE",10,79000,0.009331,80.78,148.11,11.85,8.89,31.6,15,0,83.36,9.1254,"Base","DC02860"
36,37,"H","FALSE",25,373000,0.128901,2544.45,3149.59,251.97,188.98,149.2,15,0,23.78,18.8961,"Base","DC02861"
35,36,"H","FALSE",10,967000,0.027944,2984.36,3937.4,314.99,236.24,386.8,15,0,31.93,9.0544,"Base","DC02862"
52,53,"H","FALSE",18,233000,0.271351,4669.54,5555.52,444.44,333.33,93.2,15,0,18.97,13.5398,"Base","DC02863"
50,51,"H","FALSE",20,47000,0.271944,864.6,1044.65,83.57,62.68,18.8,15,0,20.82,14.783,"Base","DC02864"
40,41,"H","FALSE",25,192000,0.178906,1856.93,2265.97,181.28,135.96,76.8,15,0,22.03,18.4982,"Base","DC02865"
60,64,"H","TRUE",10,151000,0.30302,5753.78,6778.11,542.25,406.69,60.4,15,0,17.8,7.9523,"Base","DC02866"
44,48,"H","TRUE",10,87000,0.076139,746.52,925.95,74.08,55.56,34.8,15,0,24.04,8.8733,"Base","DC02867"
58,62,"H","TRUE",12,152000,0.320888,5261.7,6206.4,496.51,372.38,60.8,15,0,17.95,9.2698,"Base","DC02868"
24,27,"F","TRUE",25,368000,0.035523,665.96,962.98,77.04,57.78,147.2,15,0,44.6,19.6294,"Base","DC02869"
33,34,"H","FALSE",10,78000,0.024059,206.93,294.33,23.55,17.66,31.2,15,0,42.24,9.0688,"Base","DC02870"
42,43,"H","FALSE",10,131000,0.049345,720.28,915.91,73.27,54.95,52.4,15,0,27.16,8.9745,"Base","DC02871"
52,53,"H","FALSE",18,119000,0.271351,2384.87,2845.9,227.67,170.75,47.6,15,0,19.33,13.5398,"Base","DC02872"
47,51,"H","TRUE",20,149000,0.271944,2740.97,3273.92,261.91,196.44,59.6,15,0,19.44,14.783,"Base","DC02873"
55,56,"H","FALSE",5,23000,0.066188,324.89,405.91,32.47,24.35,9.2,15,0,24.94,4.6857,"Base","DC02874"
48,49,"H","FALSE",15,226000,0.147948,2718.25,3283.31,262.66,197,90.4,15,0,20.79,12.3006,"Base","DC02875"
55,59,"H","TRUE",10,168000,0.200123,4009.28,4757.54,380.6,285.45,67.2,15,0,18.66,8.3857,"Base","DC02876"
48,49,"H","FALSE",22,139000,0.270682,2352.02,2817,225.36,169.02,55.6,15,0,19.77,15.9968,"Base","DC02877"
28,29,"F","FALSE",20,129000,0.027455,214.8,327.2,26.18,19.63,51.6,15,0,52.33,16.489,"Base","DC02878"
55,59,"H","TRUE",5,119000,0.087158,2232.21,2668.38,213.47,160.1,47.6,15,0,19.54,4.6464,"Base","DC02879"
30,31,"H","FALSE",30,124000,0.115203,654.69,836.38,66.91,50.18,49.6,15,0,27.75,21.8199,"Base","DC02880"
52,55,"F","TRUE",10,286000,0.095105,3088.86,3742.16,299.37,224.53,114.4,15,0,21.15,8.8059,"Base","DC02881"
26,27,"F","FALSE",10,101000,0.008763,96.97,177.17,14.17,10.63,40.4,15,0,82.71,9.1275,"Base","DC02882"
58,59,"H","FALSE",12,129000,0.252261,3383.23,4011.43,320.91,240.69,51.6,15,0,18.57,9.6185,"Base","DC02883"
60,61,"F","FALSE",10,89000,0.167242,1745.83,2088.88,167.11,125.33,35.6,15,0,19.65,8.5257,"Base","DC02884"
44,48,"H","TRUE",15,136000,0.135767,1492.87,1816.6,145.33,109,54.4,15,0,21.68,12.3683,"Base","DC02885"
24,28,"H","TRUE",25,47000,0.06284,152.24,216.33,17.31,12.98,18.8,15,0,42.09,19.4001,"Base","DC02886"
31,35,"H","TRUE",10,1225000,0.025906,3502.04,4659.35,372.75,279.56,490,15,0,33.05,9.062,"Base","DC02887"
40,41,"H","FALSE",15,65000,0.074522,381.37,491.13,39.29,29.47,26,15,0,28.78,12.7013,"Base","DC02888"
43,44,"H","FALSE",15,190000,0.096223,1452.75,1795.06,143.6,107.7,76,15,0,23.56,12.5847,"Base","DC02889"
54,55,"H","FALSE",15,503000,0.245077,10498.78,12459.28,996.74,747.56,201.2,15,0,18.67,11.7417,"Base","DC02890"
21,22,"F","FALSE",10,278000,0.006662,202.73,382.48,30.6,22.95,111.2,15,0,88.66,9.1352,"Base","DC02891"
33,34,"H","FALSE",25,164000,0.100856,865.41,1100.01,88,66,65.6,15,0,27.11,19.1129,"Base","DC02892"
33,34,"H","FALSE",15,120000,0.042198,393.38,530.67,42.45,31.84,48,15,0,34.9,12.8725,"Base","DC02893"
25,29,"H","TRUE",20,123000,0.045583,342.77,473.22,37.86,28.39,49.2,15,0,38.06,16.3571,"Base","DC02894"
38,39,"F","FALSE",10,119000,0.021568,282.65,401.45,32.12,24.09,47.6,15,0,42.03,9.0807,"Base","DC02895"
55,56,"H","FALSE",15,46000,0.265771,1052.31,1262.45,101,75.75,18.4,15,0,19.97,11.6178,"Base","DC02896"
34,35,"H","FALSE",25,126000,0.109415,723.8,917.67,73.41,55.06,50.4,15,0,26.79,19.0472,"Base","DC02897"
46,47,"H","FALSE",15,84000,0.124567,841.8,1035.35,82.83,62.12,33.6,15,0,22.99,12.4301,"Base","DC02898"
42,43,"F","FALSE",15,39000,0.056427,171.83,235.38,18.83,14.12,15.6,15,0,36.99,12.8072,"Base","DC02899"
23,24,"F","FALSE",25,120000,0.028166,171.72,272.93,21.83,16.38,48,15,0,58.94,19.682,"Base","DC02900"
29,30,"H","FALSE",10,76000,0.018239,152.49,230.1,18.41,13.81,30.4,15,0,50.9,9.0904,"Base","DC02901"
42,43,"F","FALSE",10,76000,0.030744,258.27,353.1,28.25,21.19,30.4,15,0,36.72,9.0469,"Base","DC02902"
46,47,"F","FALSE",10,114000,0.044493,563.83,726.08,58.09,43.56,45.6,15,0,28.78,8.9961,"Base","DC02903"
45,46,"H","FALSE",20,46000,0.181367,540.24,667.02,53.36,40.02,18.4,15,0,23.47,15.4431,"Base","DC02904"
32,33,"H","FALSE",15,62000,0.039095,188.06,264.95,21.2,15.9,24.8,15,0,40.89,12.8888,"Base","DC02905"
46,47,"F","FALSE",15,85000,0.081791,548.55,694.83,55.59,41.69,34,15,0,26.67,12.6738,"Base","DC02906"
21,22,"H","FALSE",10,85000,0.011673,108.85,183.55,14.68,11.01,34,15,0,68.62,9.1146,"Base","DC02907"
31,34,"F","TRUE",15,316000,0.025556,622.79,888.59,71.09,53.32,126.4,15,0,42.68,12.9671,"Base","DC02908"
51,52,"F","FALSE",10,69000,0.07145,554.22,693.98,55.52,41.64,27.6,15,0,25.22,8.8954,"Base","DC02909"
42,43,"H","FALSE",10,78000,0.049345,428.87,552.41,44.19,33.14,31.2,15,0,28.81,8.9745,"Base","DC02910"
22,23,"F","FALSE",10,162000,0.007,124.14,237.14,18.97,14.23,64.8,15,0,91.02,9.1339,"Base","DC02911"
60,61,"F","FALSE",10,165000,0.167242,3236.66,3857.74,308.62,231.46,66,15,0,19.19,8.5257,"Base","DC02912"
29,33,"H","TRUE",15,151000,0.039095,458.02,620.25,49.62,37.22,60.4,15,0,35.42,12.8888,"Base","DC02914"
48,52,"H","TRUE",20,136000,0.293915,2734.94,3260.87,260.87,195.65,54.4,15,0,19.23,14.6154,"Base","DC02915"
42,43,"H","FALSE",10,241000,0.049345,1325.1,1670.35,133.63,100.22,96.4,15,0,26.05,8.9745,"Base","DC02916"
41,42,"F","FALSE",15,106000,0.051482,425.24,561.21,44.9,33.67,42.4,15,0,31.97,12.833,"Base","DC02917"
51,52,"H","FALSE",19,467000,0.27191,8964.42,10658.4,852.67,639.5,186.8,15,0,18.9,14.1651,"Base","DC02918"
29,30,"H","FALSE",10,83000,0.018239,166.53,249.69,19.98,14.98,33.2,15,0,49.93,9.0904,"Base","DC02919"
31,32,"F","FALSE",5,86000,0.005347,95.84,168.89,13.51,10.13,34.4,15,0,76.21,4.7977,"Base","DC02920"
58,59,"H","FALSE",12,80000,0.252261,2098.13,2494.34,199.55,149.66,32,15,0,18.88,9.6185,"Base","DC02921"
58,61,"F","TRUE",12,147000,0.213476,3195.2,3801.17,304.09,228.07,58.8,15,0,18.96,9.8213,"Base","DC02922"
51,52,"H","FALSE",10,235000,0.108445,2912.72,3513.63,281.09,210.82,94,15,0,20.63,8.7494,"Base","DC02923"
53,54,"H","FALSE",15,64000,0.225744,1218.6,1464.19,117.13,87.85,25.6,15,0,20.15,11.8559,"Base","DC02925"
35,36,"H","FALSE",20,234000,0.078715,1141.14,1453.18,116.25,87.19,93.6,15,0,27.35,16.1413,"Base","DC02926"
20,21,"F","FALSE",20,477000,0.01567,451.29,764.05,61.12,45.84,190.8,15,0,69.31,16.5627,"Base","DC02927"
39,40,"H","FALSE",20,218000,0.10969,1500.58,1863.7,149.1,111.82,87.2,15,0,24.2,15.9355,"Base","DC02928"
38,39,"F","FALSE",15,65000,0.039272,197.94,277.83,22.23,16.67,26,15,0,40.36,12.8964,"Base","DC02929"
60,61,"H","FALSE",10,288000,0.237053,8291.9,9793.14,783.45,587.59,115.2,15,0,18.1,8.2335,"Base","DC02930"
44,45,"F","FALSE",20,55000,0.111695,385.24,490.97,39.28,29.46,22,15,0,27.45,15.9466,"Base","DC02931"
29,30,"H","FALSE",15,148000,0.031395,359.38,504.17,40.33,30.25,59.2,15,0,40.29,12.9291,"Base","DC02932"
27,28,"F","FALSE",25,110000,0.038512,216.05,319.83,25.59,19.19,44,15,0,48.03,19.6079,"Base","DC02933"
34,35,"F","FALSE",5,257000,0.006617,354.62,549.32,43.95,32.96,102.8,15,0,54.91,4.7954,"Base","DC02934"
43,47,"H","TRUE",15,232000,0.124567,2324.97,2828.8,226.3,169.73,92.8,15,0,21.67,12.4301,"Base","DC02935"
30,31,"H","FALSE",20,84000,0.052947,272.7,373.6,29.89,22.42,33.6,15,0,37,16.3095,"Base","DC02936"
54,55,"F","FALSE",10,32000,0.095105,345.61,434.19,34.74,26.05,12.8,15,0,25.63,8.8059,"Base","DC02937"
25,26,"H","FALSE",10,248000,0.014315,389.9,586.17,46.89,35.17,99.2,15,0,50.34,9.1048,"Base","DC02938"
47,48,"F","FALSE",23,105000,0.19011,1155.61,1410.01,112.8,84.6,42,15,0,22.01,17.2736,"Base","DC02939"
56,59,"F","TRUE",10,109000,0.138839,1752.09,2105.45,168.44,126.33,43.6,15,0,20.17,8.6374,"Base","DC02940"
38,39,"F","FALSE",20,110000,0.064566,436.97,576.71,46.14,34.6,44,15,0,31.98,16.2535,"Base","DC02941"
31,32,"F","FALSE",15,470000,0.021745,786.97,1151.12,92.09,69.07,188,15,0,46.27,12.9867,"Base","DC02942"
31,32,"F","FALSE",15,66000,0.021745,110.51,176.64,14.13,10.6,26.4,15,0,59.84,12.9867,"Base","DC02943"
50,51,"H","FALSE",20,84000,0.271944,1545.25,1853.31,148.26,111.2,33.6,15,0,19.94,14.783,"Base","DC02944"
55,56,"H","FALSE",15,107000,0.265771,2447.76,2913.44,233.08,174.81,42.8,15,0,19.02,11.6178,"Base","DC02945"
21,22,"H","FALSE",5,67000,0.005474,76.46,137.51,11,8.25,26.8,15,0,79.85,4.7972,"Base","DC02946"
33,37,"H","TRUE",20,143000,0.085452,759.13,966.67,77.33,58,57.2,15,0,27.34,16.0969,"Base","DC02947"
52,53,"H","FALSE",18,118000,0.271351,2364.83,2822.13,225.77,169.33,47.2,15,0,19.34,13.5398,"Base","DC02948"
60,64,"H","TRUE",10,106000,0.30302,4039.07,4763.34,381.07,285.8,42.4,15,0,17.93,7.9523,"Base","DC02949"
30,34,"H","TRUE",10,202000,0.024059,535.88,734.52,58.76,44.07,80.8,15,0,37.07,9.0688,"Base","DC02950"
36,37,"H","FALSE",10,243000,0.03019,810.97,1073.45,85.88,64.41,97.2,15,0,32.37,9.0461,"Base","DC02951"
52,53,"F","FALSE",15,129000,0.142952,1493.91,1814.55,145.16,108.87,51.6,15,0,21.46,12.3439,"Base","DC02952"
30,31,"H","FALSE",20,150000,0.052947,486.96,653.44,52.28,39.21,60,15,0,34.19,16.3095,"Base","DC02953"
48,49,"F","FALSE",15,70000,0.098587,548.39,687.66,55.01,41.26,28,15,0,25.4,12.5844,"Base","DC02954"
53,57,"H","TRUE",15,189000,0.287848,4737.56,5614.13,449.13,336.85,75.6,15,0,18.5,11.4834,"Base","DC02955"
51,52,"H","FALSE",15,126000,0.191007,1996.05,2397.03,191.76,143.82,50.4,15,0,20.09,12.0573,"Base","DC02956"
33,34,"F","FALSE",10,122000,0.014301,191.57,296.95,23.76,17.82,48.8,15,0,55,9.1073,"Base","DC02957"
34,38,"H","TRUE",10,97000,0.032665,350.62,470.25,37.62,28.22,38.8,15,0,34.12,9.0369,"Base","DC02958"
52,53,"F","FALSE",10,182000,0.078598,1613.02,1977.69,158.22,118.66,72.8,15,0,22.61,8.8684,"Base","DC02959"
54,55,"F","FALSE",15,318000,0.171656,4479.86,5374.49,429.96,322.47,127.2,15,0,19.97,12.1849,"Base","DC02960"
41,42,"H","FALSE",10,216000,0.045341,1089.45,1384.71,110.78,83.08,86.4,15,0,27.1,8.9895,"Base","DC02961"
56,57,"F","FALSE",10,127000,0.114995,1672.95,2021.8,161.74,121.31,50.8,15,0,20.85,8.7297,"Base","DC02962"
56,60,"H","TRUE",14,202000,0.332341,6362.48,7509.63,600.77,450.58,80.8,15,0,18.03,10.5514,"Base","DC02963"
55,56,"F","FALSE",15,154000,0.18789,2392.59,2871.15,229.69,172.27,61.6,15,0,20,12.0936,"Base","DC02965"
21,25,"H","TRUE",15,357000,0.022645,623.08,908,72.64,54.48,142.8,15,0,45.73,12.9747,"Base","DC02966"
55,56,"F","FALSE",10,38000,0.104593,453.21,562.11,44.97,33.73,15.2,15,0,24.03,8.7696,"Base","DC02967"
21,22,"H","FALSE",15,197000,0.019121,289.92,446.18,35.69,26.77,78.8,15,0,53.9,12.993,"Base","DC02968"
60,64,"H","TRUE",10,192000,0.30302,7316.06,8613.79,689.1,516.83,76.8,15,0,17.74,7.9523,"Base","DC02969"
53,54,"H","FALSE",5,199000,0.055119,2330.67,2820.08,225.61,169.21,79.6,15,0,21,4.7063,"Base","DC02970"
42,46,"H","TRUE",10,57000,0.063902,408.36,518.79,41.5,31.13,22.8,15,0,27.04,8.9197,"Base","DC02971"
43,46,"F","TRUE",20,470000,0.122397,3623.59,4449.53,355.96,266.97,188,15,0,22.79,15.8756,"Base","DC02972"
58,59,"F","FALSE",10,572000,0.138839,9194.45,10974.71,877.98,658.48,228.8,15,0,19.36,8.6374,"Base","DC02973"
59,60,"F","FALSE",10,91000,0.152432,1615.92,1938.74,155.1,116.32,36.4,15,0,19.98,8.5842,"Base","DC02974"
56,57,"H","FALSE",14,156000,0.262304,3733.31,4431.05,354.48,265.86,62.4,15,0,18.69,10.9606,"Base","DC02975"
47,51,"H","TRUE",10,113000,0.099252,1276.68,1554.51,124.36,93.27,45.2,15,0,21.76,8.7849,"Base","DC02976"
34,35,"F","FALSE",20,133000,0.045239,367.4,506.51,40.52,30.39,53.2,15,0,37.86,16.3768,"Base","DC02977"
52,53,"H","FALSE",15,121000,0.207736,2101.52,2517.35,201.39,151.04,48.4,15,0,19.79,11.9609,"Base","DC02978"
39,40,"H","FALSE",15,316000,0.068512,1700.25,2141.45,171.32,128.49,126.4,15,0,25.95,12.7334,"Base","DC02979"
55,56,"H","FALSE",5,387000,0.066188,5466.55,6553.89,524.31,393.23,154.8,15,0,19.89,4.6857,"Base","DC02980"
47,48,"H","FALSE",10,93000,0.076139,798,988.61,79.09,59.32,37.2,15,0,23.89,8.8733,"Base","DC02981"
27,28,"H","FALSE",15,355000,0.027376,750.46,1055.19,84.42,63.31,142,15,0,40.61,12.9501,"Base","DC02982"
56,57,"H","FALSE",10,176000,0.168387,3480.97,4146.94,331.76,248.82,70.4,15,0,19.13,8.5138,"Base","DC02983"
30,31,"F","FALSE",15,112000,0.020112,173.34,271.09,21.69,16.27,44.8,15,0,56.39,12.9951,"Base","DC02984"
44,45,"H","FALSE",10,156000,0.058587,1022.35,1278.78,102.3,76.73,62.4,15,0,25.08,8.9398,"Base","DC02985"
25,29,"H","TRUE",20,223000,0.045583,621.44,843.77,67.5,50.63,89.2,15,0,35.78,16.3571,"Base","DC02986"
35,36,"H","FALSE",20,153000,0.078715,746.13,956.2,76.5,57.37,61.2,15,0,28.15,16.1413,"Base","DC02987"
58,62,"H","TRUE",12,905000,0.320888,31327.9,36866.16,2949.29,2211.97,362,15,0,17.68,9.2698,"Base","DC02988"
57,58,"H","FALSE",13,181000,0.257846,4533.52,5373.17,429.85,322.39,72.4,15,0,18.52,10.2944,"Base","DC02989"
45,46,"H","FALSE",10,55000,0.063902,394.03,501.2,40.1,30.07,22,15,0,27.2,8.9197,"Base","DC02990"
20,21,"F","FALSE",20,104000,0.01567,98.39,180.23,14.42,10.81,41.6,15,0,83.17,16.5627,"Base","DC02991"
49,50,"F","FALSE",10,117000,0.059065,772.84,970.51,77.64,58.23,46.8,15,0,25.58,8.9418,"Base","DC02992"
39,43,"H","TRUE",15,95000,0.088326,664.51,834.32,66.75,50.06,38,15,0,25.55,12.6273,"Base","DC02993"
23,24,"H","FALSE",15,80000,0.021353,131.59,207.67,16.61,12.46,32,15,0,57.81,12.9814,"Base","DC02994"
35,36,"F","FALSE",15,156000,0.030228,364.34,513.65,41.09,30.82,62.4,15,0,40.98,12.9431,"Base","DC02995"
21,22,"H","FALSE",25,314000,0.041042,658.81,929.55,74.36,55.77,125.6,15,0,41.09,19.5615,"Base","DC02996"
34,35,"F","FALSE",15,23000,0.027774,49.31,85.47,6.84,5.13,9.2,15,0,73.35,12.9557,"Base","DC02997"
51,52,"H","FALSE",19,287000,0.27191,5509.18,6556.96,524.56,393.42,114.8,15,0,19.02,14.1651,"Base","DC02999"
30,31,"H","FALSE",15,241000,0.033718,629.09,861.04,68.88,51.66,96.4,15,0,36.87,12.917,"Base","DC03000"
42,43,"H","FALSE",15,87000,0.088326,608.55,765.53,61.24,45.93,34.8,15,0,25.79,12.6273,"Base","DC03001"
51,52,"H","FALSE",19,55000,0.27191,1055.77,1270.66,101.65,76.24,22,15,0,20.35,14.1651,"Base","DC03002"
57,58,"H","FALSE",10,444000,0.183635,9646.1,11440.35,915.23,686.42,177.6,15,0,18.6,8.4525,"Base","DC03003"
47,48,"H","FALSE",10,308000,0.076139,2642.85,3233.78,258.7,194.03,123.2,15,0,22.36,8.8733,"Base","DC03004"
46,47,"H","FALSE",24,33000,0.267987,514.71,631.29,50.5,37.88,13.2,15,0,22.65,17.1817,"Base","DC03005"
27,28,"F","FALSE",20,50000,0.025405,76.98,130.2,10.42,7.81,20,15,0,69.15,16.5018,"Base","DC03006"
47,50,"F","TRUE",23,72000,0.226018,957.52,1164.32,93.15,69.86,28.8,15,0,21.6,16.9953,"Base","DC03007"
23,24,"F","FALSE",10,56000,0.007374,45.22,96.07,7.69,5.76,22.4,15,0,112.45,9.1326,"Base","DC03008"
47,48,"H","FALSE",10,404000,0.076139,3466.59,4236.27,338.9,254.18,161.6,15,0,22.2,8.8733,"Base","DC03010"
60,63,"F","TRUE",10,193000,0.200812,4618.65,5477.74,438.22,328.66,77.2,15,0,18.6,8.3914,"Base","DC03011"
52,53,"H","FALSE",18,181000,0.271351,3627.41,4319.55,345.56,259.17,72.4,15,0,19.08,13.5398,"Base","DC03012"
21,22,"H","FALSE",10,126000,0.011673,161.36,263.68,21.09,15.82,50.4,15,0,63.41,9.1146,"Base","DC03013"
22,23,"H","FALSE",15,88000,0.020182,136.75,217.38,17.39,13.04,35.2,15,0,58.96,12.9875,"Base","DC03014"
56,57,"H","FALSE",14,735000,0.262304,17589.61,20812.34,1664.99,1248.74,294,15,0,18.32,10.9606,"Base","DC03016"
35,39,"H","TRUE",25,58000,0.151917,470.81,591.88,47.35,35.51,23.2,15,0,25.71,18.7149,"Base","DC03017"
59,60,"H","FALSE",5,359000,0.095523,7405.62,8795.6,703.65,527.74,143.6,15,0,18.77,4.6306,"Base","DC03018"
49,52,"F","TRUE",10,363000,0.07145,2915.7,3576.63,286.13,214.6,145.2,15,0,22.67,8.8954,"Base","DC03019"
48,49,"F","FALSE",10,137000,0.053721,821.25,1036.1,82.89,62.17,54.8,15,0,26.16,8.9618,"Base","DC03020"
32,36,"H","TRUE",10,215000,0.027944,663.53,888.99,71.12,53.34,86,15,0,33.98,9.0544,"Base","DC03021"
35,36,"F","FALSE",10,104000,0.01677,191.69,288.71,23.1,17.32,41.6,15,0,50.61,9.0982,"Base","DC03022"
48,51,"F","TRUE",10,52000,0.064957,378.68,481.96,38.56,28.92,20.8,15,0,27.27,8.9198,"Base","DC03023"
45,46,"H","FALSE",25,308000,0.266208,4615.84,5527.96,442.24,331.68,123.2,15,0,19.76,17.7632,"Base","DC03024"
57,58,"H","FALSE",10,201000,0.183635,4366.82,5188.62,415.09,311.32,80.4,15,0,18.82,8.4525,"Base","DC03025"
43,44,"H","FALSE",10,246000,0.053748,1476,1848.13,147.85,110.89,98.4,15,0,25.21,8.958,"Base","DC03026"
46,47,"F","FALSE",15,476000,0.081791,3071.9,3810.82,304.87,228.65,190.4,15,0,24.05,12.6738,"Base","DC03027"
48,51,"F","TRUE",15,126000,0.118788,1199.72,1471.07,117.69,88.26,50.4,15,0,22.62,12.4757,"Base","DC03028"
38,39,"F","FALSE",10,213000,0.021568,505.92,704.79,56.38,42.29,85.2,15,0,39.31,9.0807,"Base","DC03029"
51,52,"H","FALSE",15,202000,0.191007,3200.01,3832.34,306.59,229.94,80.8,15,0,19.76,12.0573,"Base","DC03030"
54,55,"H","FALSE",16,247000,0.268368,5403.92,6415.95,513.28,384.96,98.8,15,0,18.73,12.2664,"Base","DC03031"
47,48,"F","FALSE",10,178000,0.048879,968.9,1226.86,98.15,73.61,71.2,15,0,26.62,8.9798,"Base","DC03032"
48,49,"F","FALSE",15,167000,0.098587,1308.29,1616.39,129.31,96.98,66.8,15,0,23.55,12.5844,"Base","DC03033"
58,62,"H","TRUE",12,78000,0.320888,2700.08,3193.35,255.47,191.6,31.2,15,0,18.27,9.2698,"Base","DC03034"
37,38,"H","FALSE",25,70000,0.13994,520.79,655.57,52.45,39.33,28,15,0,25.88,18.8096,"Base","DC03035"
23,24,"H","FALSE",20,341000,0.032315,670.17,955.32,76.43,57.32,136.4,15,0,42.55,16.4424,"Base","DC03036"
33,34,"H","FALSE",10,82000,0.024059,217.54,308.53,24.68,18.51,32.8,15,0,41.83,9.0688,"Base","DC03037"
59,60,"H","FALSE",11,176000,0.245391,4835.34,5721.79,457.74,343.31,70.4,15,0,18.33,8.9319,"Base","DC03038"
55,56,"H","FALSE",15,73000,0.265771,1669.97,1993.22,159.46,119.59,29.2,15,0,19.36,11.6178,"Base","DC03039"
55,56,"F","FALSE",15,199000,0.18789,3091.73,3705.03,296.4,222.3,79.6,15,0,19.84,12.0936,"Base","DC03040"
24,27,"F","TRUE",15,681000,0.015027,785.92,1248.05,99.84,74.88,272.4,15,0,58.8,13.0211,"Base","DC03041"
51,52,"H","FALSE",19,53000,0.27191,1017.38,1225.09,98.01,73.51,21.2,15,0,20.42,14.1651,"Base","DC03042"
44,45,"F","FALSE",15,266000,0.06789,1416.69,1788.48,143.08,107.31,106.4,15,0,26.24,12.7471,"Base","DC03043"
42,43,"H","FALSE",15,76000,0.088326,531.61,670.94,53.68,40.26,30.4,15,0,26.21,12.6273,"Base","DC03044"
37,38,"F","FALSE",10,392000,0.019802,854.23,1193.06,95.44,71.58,156.8,15,0,39.66,9.0871,"Base","DC03045"
23,24,"F","FALSE",15,134000,0.012377,127.24,227.72,18.22,13.66,53.6,15,0,78.97,13.0346,"Base","DC03046"
44,45,"H","FALSE",10,48000,0.058587,314.57,405.54,32.44,24.33,19.2,15,0,28.92,8.9398,"Base","DC03047"
55,56,"H","FALSE",10,77000,0.154315,1386.53,1665.5,133.24,99.93,30.8,15,0,20.12,8.5698,"Base","DC03048"
26,27,"H","FALSE",10,129000,0.015155,214.8,327.21,26.18,19.63,51.6,15,0,52.33,9.1017,"Base","DC03049"
26,27,"H","FALSE",20,157000,0.0395,378.22,530.26,42.42,31.82,62.8,15,0,40.2,16.3963,"Base","DC03050"
31,32,"H","FALSE",15,138000,0.036276,387.97,532.75,42.62,31.97,55.2,15,0,37.32,12.9036,"Base","DC03051"
56,57,"F","FALSE",14,48000,0.185418,780.52,947.35,75.79,56.84,19.2,15,0,21.37,11.4027,"Base","DC03052"
55,56,"H","FALSE",15,92000,0.265771,2104.62,2507.46,200.6,150.45,36.8,15,0,19.14,11.6178,"Base","DC03053"
33,34,"H","FALSE",15,119000,0.042198,390.1,526.39,42.11,31.58,47.6,15,0,34.94,12.8725,"Base","DC03054"
33,37,"H","TRUE",25,303000,0.128901,2066.94,2561.79,204.94,153.71,121.2,15,0,23.94,18.8961,"Base","DC03055"
53,56,"F","TRUE",10,37000,0.104593,441.29,547.78,43.82,32.87,14.8,15,0,24.13,8.7696,"Base","DC03056"
25,26,"H","FALSE",15,80000,0.02407,148.5,227.32,18.19,13.64,32,15,0,53.08,12.9673,"Base","DC03057"
60,61,"H","FALSE",10,54000,0.237053,1554.73,1850.39,148.03,111.02,21.6,15,0,19.02,8.2335,"Base","DC03058"
28,29,"H","FALSE",25,448000,0.067824,1569.25,2050.53,164.04,123.03,179.2,15,0,30.67,19.3628,"Base","DC03059"
51,55,"H","TRUE",10,79000,0.141352,1295.3,1560.35,124.83,93.62,31.6,15,0,20.46,8.621,"Base","DC03060"
50,51,"H","FALSE",20,858000,0.271944,15783.58,18769.51,1501.56,1126.17,343.2,15,0,18.92,14.783,"Base","DC03061"
55,56,"H","FALSE",10,312000,0.154315,5618.14,6695.28,535.62,401.72,124.8,15,0,19.17,8.5698,"Base","DC03062"
55,59,"H","TRUE",15,562000,0.33616,16896.48,19925.9,1594.07,1195.55,224.8,15,0,17.93,11.1811,"Base","DC03063"
56,57,"H","FALSE",14,47000,0.262304,1124.78,1347.18,107.77,80.83,18.8,15,0,19.77,10.9606,"Base","DC03064"
43,44,"H","FALSE",5,131000,0.022728,624.72,804.79,64.38,48.29,52.4,15,0,28.82,4.7658,"Base","DC03065"
36,37,"H","FALSE",15,225000,0.053504,939.54,1214.58,97.17,72.87,90,15,0,29.27,12.813,"Base","DC03067"
60,61,"H","FALSE",10,105000,0.237053,3023.09,3581.5,286.52,214.89,42,15,0,18.47,8.2335,"Base","DC03068"
47,48,"H","FALSE",10,94000,0.076139,806.58,999.05,79.92,59.94,37.6,15,0,23.86,8.8733,"Base","DC03069"
20,21,"F","FALSE",10,232000,0.006357,161.44,313.07,25.05,18.78,92.8,15,0,93.92,9.1363,"Base","DC03070"
56,59,"F","TRUE",14,49000,0.221686,969.31,1167.33,93.39,70.04,19.6,15,0,20.43,11.2066,"Base","DC03071"
29,32,"F","TRUE",15,49000,0.021745,82.05,135.63,10.85,8.14,19.6,15,0,65.32,12.9867,"Base","DC03073"
24,25,"F","FALSE",10,96000,0.00779,81.9,157.33,12.59,9.44,38.4,15,0,92.09,9.1311,"Base","DC03074"
38,39,"H","FALSE",10,119000,0.035391,466.57,615.31,49.23,36.92,47.6,15,0,31.88,9.0267,"Base","DC03075"
56,57,"H","FALSE",10,181000,0.168387,3579.86,4264.26,341.14,255.86,72.4,15,0,19.12,8.5138,"Base","DC03076"
46,47,"H","FALSE",15,318000,0.124567,3186.81,3870.94,309.68,232.26,127.2,15,0,21.47,12.4301,"Base","DC03077"
32,36,"H","TRUE",15,303000,0.049371,1165.54,1513.65,121.09,90.82,121.2,15,0,29.87,12.8348,"Base","DC03078"
40,41,"F","FALSE",25,120000,0.120312,759.74,956.68,76.53,57.4,48,15,0,25.92,19.0031,"Base","DC03079"
51,52,"F","FALSE",15,48000,0.130339,504.01,625.83,50.07,37.55,19.2,15,0,24.17,12.4129,"Base","DC03080"
59,60,"H","FALSE",11,524000,0.245391,14396.11,17000.83,1360.07,1020.05,209.6,15,0,18.09,8.9319,"Base","DC03081"
38,41,"F","TRUE",20,51000,0.077433,244.21,325.13,26.01,19.51,20.4,15,0,33.13,16.1706,"Base","DC03082"
58,62,"H","TRUE",12,322000,0.320888,11146.5,13128.26,1050.26,787.7,128.8,15,0,17.78,9.2698,"Base","DC03083"
49,50,"F","FALSE",15,106000,0.108228,915.38,1131.14,90.49,67.87,42.4,15,0,23.57,12.5326,"Base","DC03084"
31,32,"F","FALSE",10,127000,0.012292,171.28,275.67,22.05,16.54,50.8,15,0,60.95,9.1146,"Base","DC03085"
60,61,"F","FALSE",5,710000,0.070817,10748.41,12845.83,1027.67,770.75,284,15,0,19.51,4.6779,"Base","DC03086"
50,51,"H","FALSE",10,164000,0.099252,1852.87,2248.23,179.86,134.89,65.6,15,0,21.34,8.7849,"Base","DC03087"
51,55,"H","TRUE",10,206000,0.141352,3377.61,4040.71,323.26,242.44,82.4,15,0,19.63,8.621,"Base","DC03088"
24,25,"F","FALSE",10,476000,0.00779,406.09,711.03,56.88,42.66,190.4,15,0,75.09,9.1311,"Base","DC03089"
39,40,"F","FALSE",15,98000,0.042945,326.82,443.05,35.44,26.58,39.2,15,0,35.56,12.8774,"Base","DC03090"
29,30,"H","FALSE",20,135000,0.04909,405.72,552,44.16,33.12,54,15,0,36.05,16.3345,"Base","DC03091"
22,23,"F","FALSE",10,316000,0.007,242.16,446,35.68,26.76,126.4,15,0,84.18,9.1339,"Base","DC03092"
32,33,"F","FALSE",15,205000,0.023553,372.06,545.42,43.63,32.73,82,15,0,46.59,12.9774,"Base","DC03093"
37,38,"F","FALSE",30,84000,0.137566,532.8,676.05,54.08,40.56,33.6,15,0,26.89,21.6882,"Base","DC03094"
35,39,"H","TRUE",20,94000,0.100886,592.92,750.6,60.05,45.04,37.6,15,0,26.59,15.9944,"Base","DC03095"
53,54,"F","FALSE",17,91000,0.190999,1292.73,1562.95,125.04,93.78,36.4,15,0,20.9,13.4451,"Base","DC03096"
47,48,"F","FALSE",10,118000,0.048879,642.3,819.19,65.54,49.15,47.2,15,0,27.54,8.9798,"Base","DC03098"
56,57,"F","FALSE",14,327000,0.185418,5317.31,6352.46,508.2,381.15,130.8,15,0,19.47,11.4027,"Base","DC03099"
57,58,"F","FALSE",13,240000,0.182223,4086.82,4881.19,390.5,292.87,96,15,0,19.44,10.7011,"Base","DC03100"
31,32,"H","FALSE",15,75000,0.036276,210.85,297.5,23.8,17.85,30,15,0,41.1,12.9036,"Base","DC03101"
22,23,"H","FALSE",15,195000,0.020182,303.03,460.49,36.84,27.63,78,15,0,51.97,12.9875,"Base","DC03102"
49,53,"H","TRUE",21,128000,0.340849,2941.08,3496.83,279.75,209.81,51.2,15,0,18.9,14.8342,"Base","DC03103"
28,29,"F","FALSE",5,130000,0.004417,119.65,217.03,17.36,13.02,52,15,0,81.39,4.7994,"Base","DC03104"
31,35,"H","TRUE",15,156000,0.045613,553.55,733.67,58.69,44.02,62.4,15,0,32.54,12.8546,"Base","DC03105"
40,44,"H","TRUE",15,254000,0.096223,1942.1,2393.84,191.51,143.63,101.6,15,0,23.26,12.5847,"Base","DC03106"
46,47,"H","FALSE",15,179000,0.124567,1793.83,2186.55,174.92,131.19,71.6,15,0,21.89,12.4301,"Base","DC03107"
31,32,"H","FALSE",10,110000,0.020864,252.74,362.49,29,21.75,44,15,0,43.42,9.0806,"Base","DC03108"
45,46,"F","FALSE",10,145000,0.040523,652.09,843.12,67.45,50.59,58,15,0,29.3,9.0108,"Base","DC03109"
28,29,"F","FALSE",15,108000,0.017309,143.69,234.76,18.78,14.09,43.2,15,0,63.37,13.0094,"Base","DC03110"
28,29,"F","FALSE",10,24000,0.00996,26.2,59.07,4.73,3.54,9.6,15,0,125.45,9.1231,"Base","DC03111"
42,43,"H","FALSE",10,178000,0.049345,978.7,1238.26,99.06,74.3,71.2,15,0,26.52,8.9745,"Base","DC03112"
41,45,"H","TRUE",15,94000,0.104857,786.14,975.28,78.02,58.52,37.6,15,0,24.06,12.5379,"Base","DC03113"
53,54,"H","FALSE",10,37000,0.12943,552.49,677.09,54.17,40.63,14.8,15,0,22.55,8.6678,"Base","DC03114"
31,32,"H","FALSE",20,517000,0.057186,1815.82,2369.32,189.55,142.16,206.8,15,0,30.48,16.282,"Base","DC03115"
46,47,"H","FALSE",20,262000,0.197005,3366.43,4053.76,324.3,243.23,104.8,15,0,20.42,15.3323,"Base","DC03116"
21,22,"H","FALSE",10,112000,0.011673,143.43,236.32,18.91,14.18,44.8,15,0,64.76,9.1146,"Base","DC03117"
37,38,"H","FALSE",5,60000,0.014019,175.91,249.89,19.99,14.99,24,15,0,42.06,4.7817,"Base","DC03118"
33,34,"F","FALSE",25,39000,0.064246,129.01,185.6,14.85,11.14,15.6,15,0,43.86,19.4213,"Base","DC03119"
51,52,"H","FALSE",19,502000,0.27191,9636.27,11455.9,916.47,687.35,200.8,15,0,18.88,14.1651,"Base","DC03120"
24,27,"F","TRUE",25,306000,0.035523,553.76,803.68,64.29,48.22,122.4,15,0,45.13,19.6294,"Base","DC03121"
53,54,"H","FALSE",5,179000,0.055119,2096.43,2538.41,203.07,152.3,71.6,15,0,21.08,4.7063,"Base","DC03122"
38,39,"H","FALSE",10,240000,0.035391,940.98,1223.23,97.86,73.39,96,15,0,30,9.0267,"Base","DC03123"
47,48,"F","FALSE",20,103000,0.146834,962.59,1184.64,94.77,71.08,41.2,15,0,23.07,15.7116,"Base","DC03124"
24,25,"F","FALSE",10,183000,0.00779,156.12,284.1,22.73,17.05,73.2,15,0,81.97,9.1311,"Base","DC03125"
27,28,"F","FALSE",25,155000,0.038512,304.44,443.53,35.48,26.61,62,15,0,45.69,19.6079,"Base","DC03126"
47,50,"F","TRUE",10,257000,0.059065,1697.6,2110.93,168.87,126.66,102.8,15,0,24.35,8.9418,"Base","DC03128"
40,44,"H","TRUE",5,83000,0.022728,395.82,516.3,41.3,30.98,33.2,15,0,30.44,4.7658,"Base","DC03129"
40,41,"H","FALSE",20,135000,0.119293,1014.73,1260.15,100.81,75.61,54,15,0,24.19,15.8709,"Base","DC03130"
44,45,"H","FALSE",20,104000,0.16688,1116.5,1364.07,109.13,81.84,41.6,15,0,22.17,15.5445,"Base","DC03131"
21,22,"F","FALSE",30,40000,0.035173,62.47,108.68,8.69,6.52,16,15,0,73.98,22.522,"Base","DC03132"
30,31,"H","FALSE",15,197000,0.033718,514.24,707.02,56.56,42.42,78.8,15,0,37.49,12.917,"Base","DC03133"
45,46,"F","FALSE",20,459000,0.122397,3538.79,4345.8,347.66,260.75,183.6,15,0,22.8,15.8756,"Base","DC03134"
31,32,"F","FALSE",15,299000,0.021745,500.64,738.66,59.09,44.32,119.6,15,0,47.54,12.9867,"Base","DC03135"
42,43,"F","FALSE",10,355000,0.030744,1206.39,1585.34,126.83,95.12,142,15,0,31.41,9.0469,"Base","DC03136"
20,21,"F","FALSE",20,91000,0.01567,86.09,159.88,12.79,9.59,36.4,15,0,85.7,16.5627,"Base","DC03137"
45,46,"H","FALSE",10,137000,0.063902,981.49,1222.43,97.79,73.35,54.8,15,0,24.55,8.9197,"Base","DC03138"
22,23,"H","FALSE",20,255000,0.030348,470.3,682.91,54.63,40.97,102,15,0,45.21,16.455,"Base","DC03139"
38,39,"F","FALSE",25,115000,0.100475,603.28,772.42,61.79,46.35,46,15,0,28.04,19.1529,"Base","DC03140"
30,31,"H","FALSE",30,203000,0.115203,1071.79,1358.12,108.65,81.49,81.2,15,0,26.72,21.8199,"Base","DC03141"
41,42,"H","FALSE",20,36000,0.129754,295.64,377.96,30.24,22.68,14.4,15,0,27.84,15.8,"Base","DC03142"
33,34,"F","FALSE",10,121000,0.014301,190,294.66,23.57,17.68,48.4,15,0,55.08,9.1073,"Base","DC03143"
25,28,"F","TRUE",10,820000,0.009331,838.43,1373.75,109.9,82.43,328,15,0,63.85,9.1254,"Base","DC03145"
52,53,"F","FALSE",15,116000,0.142952,1343.36,1633.44,130.68,98.01,46.4,15,0,21.59,12.3439,"Base","DC03146"
24,25,"H","FALSE",5,210000,0.006235,273,432.56,34.6,25.95,84,15,0,58.45,4.7958,"Base","DC03147"
43,44,"F","FALSE",10,269000,0.033681,1002.68,1308.47,104.68,78.51,107.6,15,0,30.5,9.0361,"Base","DC03148"
33,36,"F","TRUE",25,32000,0.076737,127.04,180.04,14.4,10.8,12.8,15,0,41.72,19.3295,"Base","DC03149"
27,28,"F","FALSE",30,94000,0.057227,240.71,341.05,27.28,20.46,37.6,15,0,41.69,22.3479,"Base","DC03150"
58,62,"H","TRUE",12,380000,0.320888,13154.26,15489.83,1239.19,929.39,152,15,0,17.76,9.2698,"Base","DC03151"
31,32,"F","FALSE",10,93000,0.012292,125.42,206.54,16.52,12.39,37.2,15,0,64.67,9.1146,"Base","DC03152"
27,28,"H","FALSE",15,198000,0.027376,418.57,596.24,47.7,35.77,79.2,15,0,42.45,12.9501,"Base","DC03153"
57,58,"F","FALSE",13,209000,0.182223,3558.94,4252.96,340.24,255.18,83.6,15,0,19.5,10.7011,"Base","DC03154"
58,59,"H","FALSE",12,93000,0.252261,2439.07,2896.83,231.75,173.81,37.2,15,0,18.77,9.6185,"Base","DC03155"
29,33,"H","TRUE",10,387000,0.022383,954.52,1307.34,104.59,78.44,154.8,15,0,36.96,9.075,"Base","DC03156"
37,38,"H","FALSE",25,154000,0.13994,1145.73,1421.32,113.71,85.28,61.6,15,0,24.05,18.8096,"Base","DC03157"
22,26,"H","TRUE",10,63000,0.014315,99.05,161.92,12.95,9.71,25.2,15,0,63.47,9.1048,"Base","DC03158"
52,53,"H","FALSE",15,73000,0.207736,1267.86,1525.65,122.05,91.54,29.2,15,0,20.33,11.9609,"Base","DC03159"
41,42,"H","FALSE",10,377000,0.045341,1901.49,2403.83,192.31,144.23,150.8,15,0,26.42,8.9895,"Base","DC03160"
24,25,"F","FALSE",15,239000,0.013171,241.57,409.5,32.76,24.57,95.6,15,0,69.52,13.0306,"Base","DC03161"
50,51,"F","FALSE",5,292000,0.026754,1641.57,2062.06,164.96,123.72,116.8,15,0,25.62,4.759,"Base","DC03162"
32,33,"F","FALSE",25,143000,0.058843,432.39,586.73,46.94,35.2,57.2,15,0,35.7,19.4607,"Base","DC03163"
54,55,"H","FALSE",15,490000,0.245077,10227.44,12137.72,971.02,728.26,196,15,0,18.68,11.7417,"Base","DC03164"
25,29,"H","TRUE",25,206000,0.067824,721.58,952.3,76.18,57.14,82.4,15,0,31.97,19.3628,"Base","DC03165"
23,24,"H","FALSE",5,176000,0.005956,218.54,353.42,28.27,21.21,70.4,15,0,61.72,4.7963,"Base","DC03166"
46,50,"H","TRUE",15,327000,0.161173,4310.56,5181.81,414.54,310.91,130.8,15,0,20.21,12.2266,"Base","DC03167"
29,30,"F","FALSE",10,91000,0.010659,106.35,183.42,14.67,11.01,36.4,15,0,72.48,9.1206,"Base","DC03168"
35,36,"H","FALSE",15,174000,0.049371,669.32,876.65,70.13,52.6,69.6,15,0,30.98,12.8348,"Base","DC03169"
28,29,"F","FALSE",10,307000,0.00996,335.17,549.96,44,33,122.8,15,0,64.09,9.1231,"Base","DC03170"
43,44,"H","FALSE",25,473000,0.227707,5952.49,7158.94,572.71,429.54,189.2,15,0,20.27,18.0942,"Base","DC03171"
27,28,"F","FALSE",20,380000,0.025405,585.02,874.44,69.95,52.47,152,15,0,49.47,16.5018,"Base","DC03172"
26,27,"H","FALSE",25,84000,0.0583,251.99,349.52,27.96,20.97,33.6,15,0,38.71,19.4339,"Base","DC03173"
37,40,"F","TRUE",25,115000,0.109952,662.65,841.45,67.32,50.49,46,15,0,26.98,19.0816,"Base","DC03175"
36,37,"H","FALSE",5,143000,0.013005,388.77,536.01,42.88,32.16,57.2,15,0,37.87,4.7835,"Base","DC03176"
55,56,"H","FALSE",10,128000,0.154315,2304.88,2757.07,220.57,165.42,51.2,15,0,19.62,8.5698,"Base","DC03177"
36,40,"H","TRUE",25,316000,0.164888,2799.62,3419.79,273.58,205.19,126.4,15,0,22.15,18.6113,"Base","DC03178"
20,21,"F","FALSE",10,185000,0.006357,128.73,253.18,20.25,15.19,74,15,0,96.67,9.1363,"Base","DC03179"
43,47,"H","TRUE",5,72000,0.029421,445.62,569.09,45.53,34.15,28.8,15,0,27.71,4.7536,"Base","DC03181"
20,21,"H","FALSE",5,142000,0.005267,155.9,264.77,21.18,15.89,56.8,15,0,69.83,4.7976,"Base","DC03182"
21,22,"H","FALSE",20,99000,0.028564,171.74,263.18,21.05,15.79,39.6,15,0,53.25,16.4664,"Base","DC03183"
41,42,"H","FALSE",10,45000,0.045341,226.97,302.29,24.18,18.14,18,15,0,33.19,8.9895,"Base","DC03184"
30,31,"H","FALSE",25,193000,0.079281,793.76,1030.19,82.41,61.81,77.2,15,0,29.79,19.2768,"Base","DC03185"
22,23,"F","FALSE",15,104000,0.011661,93.01,173.97,13.92,10.44,41.6,15,0,87.04,13.0383,"Base","DC03186"
35,36,"F","FALSE",10,636000,0.01677,1172.27,1676.36,134.11,100.58,254.4,15,0,43,9.0982,"Base","DC03187"
27,28,"H","FALSE",15,106000,0.027376,224.08,327.3,26.18,19.64,42.4,15,0,46.06,12.9501,"Base","DC03188"
51,52,"F","FALSE",19,208000,0.192123,2707.79,3262.78,261.02,195.77,83.2,15,0,20.5,14.758,"Base","DC03189"
30,31,"F","FALSE",10,420000,0.011433,526.66,825.18,66.01,49.51,168,15,0,56.68,9.1178,"Base","DC03190"
42,46,"H","TRUE",15,232000,0.114284,2123.42,2594.44,207.56,155.67,92.8,15,0,22.18,12.4865,"Base","DC03191"
20,21,"H","FALSE",15,89000,0.01816,124.35,203.42,16.27,12.21,35.6,15,0,63.6,12.998,"Base","DC03192"
40,41,"H","FALSE",15,49000,0.074522,287.5,374.53,29.96,22.47,19.6,15,0,30.27,12.7013,"Base","DC03193"
59,62,"F","TRUE",11,253000,0.207777,5768.82,6843.04,547.44,410.58,101.2,15,0,18.62,9.1123,"Base","DC03194"
25,26,"F","FALSE",20,87000,0.021881,115.2,191.87,15.35,11.51,34.8,15,0,66.54,16.5239,"Base","DC03195"
37,38,"F","FALSE",5,106000,0.008351,184.72,281.53,22.52,16.89,42.4,15,0,52.41,4.7923,"Base","DC03196"
24,25,"H","FALSE",10,150000,0.013553,223.21,346.76,27.74,20.81,60,15,0,55.35,9.1077,"Base","DC03197"
39,40,"F","FALSE",10,133000,0.023525,344.82,480.26,38.42,28.82,53.2,15,0,39.28,9.0735,"Base","DC03198"
26,27,"F","FALSE",20,329000,0.023553,469.25,716.1,57.29,42.97,131.6,15,0,52.61,16.5134,"Base","DC03199"
33,36,"F","TRUE",10,77000,0.01677,141.93,218.29,17.46,13.1,30.8,15,0,53.8,9.0982,"Base","DC03200"
25,26,"F","FALSE",10,180000,0.008251,162.69,290.33,23.23,17.42,72,15,0,78.46,9.1294,"Base","DC03201"
35,36,"H","FALSE",15,312000,0.049371,1200.16,1558.09,124.65,93.49,124.8,15,0,29.82,12.8348,"Base","DC03202"
45,46,"H","FALSE",20,207000,0.181367,2431.06,2940.54,235.24,176.43,82.8,15,0,20.96,15.4431,"Base","DC03203"
22,25,"F","TRUE",25,123000,0.030375,189.97,295.55,23.64,17.73,49.2,15,0,55.57,19.6663,"Base","DC03204"
28,31,"F","TRUE",10,106000,0.011433,132.92,221.3,17.7,13.28,42.4,15,0,66.49,9.1178,"Base","DC03205"
31,32,"H","FALSE",15,133000,0.036276,373.91,514.08,41.13,30.84,53.2,15,0,37.49,12.9036,"Base","DC03206"
54,55,"H","FALSE",10,82000,0.141352,1344.49,1618.94,129.52,97.14,32.8,15,0,20.41,8.621,"Base","DC03207"
23,24,"H","FALSE",25,787000,0.04698,1894.36,2586.23,206.9,155.17,314.8,15,0,36.52,19.5177,"Base","DC03208"
53,54,"H","FALSE",5,98000,0.055119,1147.77,1397.64,111.81,83.86,39.2,15,0,21.77,4.7063,"Base","DC03209"
22,23,"H","FALSE",20,116000,0.030348,213.94,320.16,25.61,19.21,46.4,15,0,49.65,16.455,"Base","DC03210"
21,22,"H","FALSE",30,163000,0.057971,423.8,586.04,46.88,35.16,65.2,15,0,38.28,22.2967,"Base","DC03211"
37,38,"H","FALSE",20,33000,0.092825,190.88,254.74,20.38,15.28,13.2,15,0,33.46,16.048,"Base","DC03212"
38,39,"H","FALSE",15,195000,0.063035,963.12,1228.04,98.24,73.68,78,15,0,27.51,12.7625,"Base","DC03213"
27,31,"H","TRUE",5,332000,0.008641,598.71,868.04,69.44,52.08,132.8,15,0,44.98,4.7915,"Base","DC03214"
44,47,"F","TRUE",10,838000,0.044493,4144.62,5226.53,418.12,313.59,335.2,15,0,26.1,8.9961,"Base","DC03215"
36,37,"F","FALSE",20,46000,0.053958,152.08,215.67,17.25,12.94,18.4,15,0,41.82,16.3213,"Base","DC03216"
52,53,"H","FALSE",15,167000,0.207736,2900.44,3467.72,277.42,208.06,66.8,15,0,19.56,11.9609,"Base","DC03218"
58,59,"F","FALSE",12,477000,0.178206,8510.43,10135.16,810.81,608.11,190.8,15,0,19.09,9.9882,"Base","DC03219"
24,28,"H","TRUE",10,137000,0.016084,242.18,362.77,29.02,21.77,54.8,15,0,49.79,9.0983,"Base","DC03220"
59,60,"H","FALSE",5,483000,0.095523,9963.55,11827.61,946.21,709.66,193.2,15,0,18.71,4.6306,"Base","DC03221"
45,46,"F","FALSE",15,24000,0.074508,140.67,192.17,15.37,11.53,9.6,15,0,36.61,12.7123,"Base","DC03222"
52,53,"H","FALSE",10,78000,0.118483,1060.98,1287.42,102.99,77.25,31.2,15,0,21.34,8.7105,"Base","DC03223"
45,46,"F","FALSE",10,308000,0.040523,1385.12,1771.3,141.7,106.28,123.2,15,0,27.88,9.0108,"Base","DC03224"
58,59,"H","FALSE",12,301000,0.252261,7894.21,9336.75,746.94,560.21,120.4,15,0,18.27,9.6185,"Base","DC03225"
53,54,"F","FALSE",17,114000,0.190999,1619.47,1953.57,156.29,117.21,45.6,15,0,20.63,13.4451,"Base","DC03226"
25,26,"H","FALSE",30,127000,0.07785,446.7,595.93,47.67,35.76,50.8,15,0,33.41,22.1334,"Base","DC03227"
54,55,"F","FALSE",15,139000,0.171656,1958.18,2359.04,188.72,141.54,55.6,15,0,20.47,12.1849,"Base","DC03228"
24,25,"F","FALSE",20,473000,0.020371,582.8,915.11,73.21,54.91,189.2,15,0,57.02,16.5333,"Base","DC03229"
46,47,"H","FALSE",24,143000,0.267987,2230.41,2677.45,214.2,160.65,57.2,15,0,20.04,17.1817,"Base","DC03231"
36,37,"F","FALSE",10,130000,0.018208,260.32,380.6,30.45,22.84,52,15,0,46.21,9.093,"Base","DC03232"
33,36,"F","TRUE",15,482000,0.030228,1125.71,1550.59,124.05,93.04,192.8,15,0,37.74,12.9431,"Base","DC03233"
40,41,"H","FALSE",15,165000,0.074522,968.1,1219.88,97.59,73.19,66,15,0,26.01,12.7013,"Base","DC03234"
38,39,"F","FALSE",30,1e+05,0.150193,695.97,873.22,69.86,52.39,40,15,0,25.47,21.5805,"Base","DC03236"
60,61,"H","FALSE",10,48000,0.237053,1381.98,1646.73,131.74,98.8,19.2,15,0,19.16,8.2335,"Base","DC03237"
50,51,"H","FALSE",20,156000,0.271944,2869.74,3426.91,274.15,205.61,62.4,15,0,19.42,14.783,"Base","DC03238"
41,42,"H","FALSE",15,95000,0.08111,608.35,769.02,61.52,46.14,38,15,0,26.41,12.6661,"Base","DC03239"
53,57,"H","TRUE",10,48000,0.168387,949.36,1143.67,91.49,68.62,19.2,15,0,20.47,8.5138,"Base","DC03240"
56,59,"F","TRUE",14,144000,0.221686,2848.57,3396.71,271.74,203.8,57.6,15,0,19.24,11.2066,"Base","DC03241"
55,56,"F","FALSE",15,110000,0.18789,1708.99,2055.81,164.46,123.35,44,15,0,20.29,12.0936,"Base","DC03242"
41,45,"H","TRUE",20,148000,0.16688,1588.87,1933.8,154.7,116.03,59.2,15,0,21.71,15.5445,"Base","DC03243"
37,40,"F","TRUE",20,179000,0.070692,780.42,1008.16,80.65,60.49,71.6,15,0,29.18,16.2141,"Base","DC03244"
53,54,"H","FALSE",17,195000,0.270197,4082.16,4854.83,388.39,291.29,78,15,0,18.93,12.907,"Base","DC03245"
27,28,"F","FALSE",5,120000,0.004166,104.16,194.37,15.55,11.66,48,15,0,86.61,4.7999,"Base","DC03246"
29,30,"F","FALSE",5,315000,0.004695,308.21,522.33,41.79,31.34,126,15,0,69.48,4.7989,"Base","DC03247"
35,36,"F","FALSE",10,757000,0.01677,1395.29,1991.97,159.36,119.52,302.8,15,0,42.76,9.0982,"Base","DC03248"
37,38,"F","FALSE",10,86000,0.019802,187.41,275.36,22.03,16.52,34.4,15,0,46.93,9.0871,"Base","DC03249"
47,48,"F","FALSE",10,163000,0.048879,887.25,1124.94,90,67.5,65.2,15,0,26.79,8.9798,"Base","DC03250"
30,31,"H","FALSE",15,384000,0.033718,1002.37,1361.59,108.93,81.7,153.6,15,0,35.84,12.917,"Base","DC03251"
38,39,"H","FALSE",20,335000,0.100886,2113.05,2630.29,210.42,157.82,134,15,0,24.48,15.9944,"Base","DC03252"
25,29,"H","TRUE",15,272000,0.029288,615.63,859.8,68.78,51.59,108.8,15,0,39.66,12.9401,"Base","DC03253"
40,41,"F","FALSE",15,58000,0.047002,212.04,290.98,23.28,17.46,23.2,15,0,37.23,12.8563,"Base","DC03254"
49,50,"F","FALSE",20,135000,0.175767,1529.51,1858.73,148.7,111.52,54,15,0,21.52,15.5139,"Base","DC03255"
23,24,"F","FALSE",10,88000,0.007374,71.06,141,11.28,8.46,35.2,15,0,98.43,9.1326,"Base","DC03256"
42,43,"H","FALSE",10,31000,0.049345,170.45,230.06,18.4,13.8,12.4,15,0,34.97,8.9745,"Base","DC03257"
55,56,"H","FALSE",15,30000,0.265771,686.29,829.4,66.35,49.76,12,15,0,20.85,11.6178,"Base","DC03258"
48,49,"F","FALSE",5,328000,0.022119,1521.81,1939.55,155.16,116.37,131.2,15,0,27.45,4.7674,"Base","DC03259"
58,59,"H","FALSE",12,460000,0.252261,12064.24,14259.58,1140.77,855.57,184,15,0,18.2,9.6185,"Base","DC03260"
30,31,"F","FALSE",15,114000,0.020112,176.44,275.62,22.05,16.54,45.6,15,0,56.22,12.9951,"Base","DC03261"
26,27,"F","FALSE",15,37000,0.015027,42.7,84.3,6.74,5.06,14.8,15,0,97.43,13.0211,"Base","DC03262"
30,31,"H","FALSE",20,397000,0.052947,1288.81,1700.71,136.06,102.04,158.8,15,0,31.96,16.3095,"Base","DC03263"
34,38,"H","TRUE",10,75000,0.032665,271.1,367.55,29.4,22.05,30,15,0,35.58,9.0369,"Base","DC03264"
57,60,"F","TRUE",5,167000,0.064215,2286.46,2753.79,220.3,165.23,66.8,15,0,20.44,4.6902,"Base","DC03265"
55,58,"F","TRUE",15,308000,0.224453,5816.98,6924.63,553.97,415.48,123.2,15,0,19.04,11.8845,"Base","DC03266"
34,35,"H","FALSE",15,138000,0.045613,489.68,651.03,52.08,39.06,55.2,15,0,32.95,12.8546,"Base","DC03267"
52,53,"H","FALSE",18,454000,0.271351,9098.6,10808.37,864.67,648.5,181.6,15,0,18.79,13.5398,"Base","DC03268"
45,46,"F","FALSE",10,81000,0.040523,364.27,478.68,38.29,28.72,32.4,15,0,31.41,9.0108,"Base","DC03269"
37,38,"F","FALSE",15,62000,0.035949,172.6,246.98,19.76,14.82,24.8,15,0,43.09,12.9136,"Base","DC03270"
49,50,"H","FALSE",10,239000,0.090842,2462.37,2991.83,239.35,179.51,95.6,15,0,21.5,8.8172,"Base","DC03271"
53,54,"H","FALSE",17,80000,0.270197,1674.73,2002.01,160.16,120.12,32,15,0,19.54,12.907,"Base","DC03272"
46,47,"F","FALSE",10,240000,0.044493,1187,1509.31,120.74,90.56,96,15,0,27.15,8.9961,"Base","DC03273"
60,61,"F","FALSE",10,132000,0.167242,2589.33,3089.68,247.17,185.38,52.8,15,0,19.32,8.5257,"Base","DC03274"
40,41,"F","FALSE",20,196000,0.077433,938.54,1199.93,95.99,72,78.4,15,0,27.85,16.1706,"Base","DC03275"
21,22,"F","FALSE",15,34000,0.011015,28.72,66.65,5.33,4,13.6,15,0,132.08,13.0416,"Base","DC03276"
50,51,"H","FALSE",10,211000,0.099252,2383.88,2887.54,231,173.25,84.4,15,0,21.13,8.7849,"Base","DC03277"
57,58,"F","FALSE",13,81000,0.182223,1379.3,1658.96,132.72,99.54,32.4,15,0,20.28,10.7011,"Base","DC03278"
23,24,"H","FALSE",10,59000,0.012863,83.3,141.75,11.34,8.5,23.6,15,0,70.16,9.1102,"Base","DC03279"
25,26,"H","FALSE",20,186000,0.03687,417.82,589.79,47.18,35.39,74.4,15,0,41.16,16.4132,"Base","DC03280"
20,21,"H","FALSE",5,218000,0.005267,239.35,397.15,31.77,23.83,87.2,15,0,65.93,4.7976,"Base","DC03281"
36,40,"H","TRUE",15,211000,0.068512,1135.29,1435.69,114.86,86.14,84.4,15,0,26.46,12.7334,"Base","DC03282"
23,27,"H","TRUE",10,99000,0.015155,164.85,255.17,20.41,15.31,39.6,15,0,54.79,9.1017,"Base","DC03283"
60,64,"H","TRUE",10,142000,0.30302,5410.84,6375.16,510.01,382.51,56.8,15,0,17.82,7.9523,"Base","DC03284"
30,31,"H","FALSE",15,250000,0.033718,652.58,892.54,71.4,53.55,100,15,0,36.77,12.917,"Base","DC03285"
40,44,"H","TRUE",15,92000,0.096223,703.44,878.18,70.25,52.69,36.8,15,0,24.84,12.5847,"Base","DC03286"
57,61,"H","TRUE",13,568000,0.327309,18751.44,22085.63,1766.85,1325.14,227.2,15,0,17.78,9.9145,"Base","DC03287"
27,28,"H","FALSE",15,244000,0.027376,515.81,730.71,58.46,43.84,97.6,15,0,41.66,12.9501,"Base","DC03289"
56,57,"H","FALSE",10,83000,0.168387,1641.59,1964.88,157.19,117.89,33.2,15,0,19.69,8.5138,"Base","DC03290"
57,58,"F","FALSE",13,37000,0.182223,630.05,767.27,61.38,46.04,14.8,15,0,21.78,10.7011,"Base","DC03291"
25,26,"H","FALSE",25,165000,0.054165,459.15,628.09,50.25,37.69,66,15,0,36.79,19.4646,"Base","DC03292"
55,56,"F","FALSE",15,184000,0.18789,2858.68,3427.07,274.17,205.62,73.6,15,0,19.88,12.0936,"Base","DC03293"
46,47,"H","FALSE",24,311000,0.267987,4850.74,5802.49,464.2,348.15,124.4,15,0,19.62,17.1817,"Base","DC03294"
35,36,"F","FALSE",5,217000,0.007136,322.98,493.93,39.51,29.64,86.8,15,0,52.93,4.7945,"Base","DC03295"
37,38,"H","FALSE",15,153000,0.058045,694.42,896.07,71.69,53.76,61.2,15,0,29.04,12.789,"Base","DC03296"
45,46,"F","FALSE",5,112000,0.016722,392.05,525.41,42.03,31.52,44.8,15,0,34.02,4.7772,"Base","DC03297"
48,49,"F","FALSE",20,108000,0.160705,1111.34,1359.93,108.79,81.6,43.2,15,0,22.37,15.6173,"Base","DC03298"
38,39,"F","FALSE",30,222000,0.150193,1545.05,1917.27,153.38,115.04,88.8,15,0,24.09,21.5805,"Base","DC03299"
36,37,"H","FALSE",15,85000,0.053504,354.94,469.69,37.58,28.18,34,15,0,32.33,12.813,"Base","DC03300"
48,49,"H","FALSE",22,171000,0.270682,2893.49,3461.5,276.92,207.69,68.4,15,0,19.63,15.9968,"Base","DC03301"
21,25,"H","TRUE",5,325000,0.006235,422.51,659.89,52.79,39.59,130,15,0,56.18,4.7958,"Base","DC03302"
31,32,"F","FALSE",25,77000,0.053941,213.04,300.97,24.08,18.06,30.8,15,0,41.28,19.4964,"Base","DC03303"
21,24,"F","TRUE",10,191000,0.007374,154.23,285.61,22.85,17.14,76.4,15,0,85.19,9.1326,"Base","DC03304"
23,24,"H","FALSE",10,319000,0.012863,450.41,689.55,55.16,41.37,127.6,15,0,53.09,9.1102,"Base","DC03305"
29,30,"F","FALSE",30,40000,0.067955,122.1,178.02,14.24,10.68,16,15,0,45.8,22.2622,"Base","DC03306"
41,42,"F","FALSE",15,68000,0.051482,272.8,366.27,29.3,21.98,27.2,15,0,34.27,12.833,"Base","DC03307"
34,35,"F","FALSE",15,509000,0.027774,1091.17,1522.99,121.84,91.38,203.6,15,0,39.57,12.9557,"Base","DC03308"
47,48,"F","FALSE",10,481000,0.048879,2618.2,3285.58,262.85,197.13,192.4,15,0,25.49,8.9798,"Base","DC03309"
51,52,"F","FALSE",10,222000,0.07145,1783.16,2194.13,175.53,131.65,88.8,15,0,23.05,8.8954,"Base","DC03310"
24,25,"F","FALSE",10,141000,0.00779,120.29,222.9,17.83,13.37,56.4,15,0,85.3,9.1311,"Base","DC03311"
32,33,"F","FALSE",15,426000,0.023553,773.17,1114.61,89.17,66.88,170.4,15,0,44.16,12.9774,"Base","DC03312"
48,49,"F","FALSE",20,171000,0.160705,1759.62,2143.04,171.44,128.58,68.4,15,0,21.79,15.6173,"Base","DC03313"
34,35,"H","FALSE",10,123000,0.025906,351.63,483.53,38.68,29.01,49.2,15,0,37.51,9.062,"Base","DC03314"
35,36,"H","FALSE",20,120000,0.078715,585.2,753.72,60.3,45.22,48,15,0,28.8,16.1413,"Base","DC03315"
59,60,"H","FALSE",11,136000,0.245391,3736.4,4425.34,354.03,265.52,54.4,15,0,18.44,8.9319,"Base","DC03316"
41,45,"H","TRUE",10,592000,0.058587,3879.68,4804.04,384.32,288.24,236.8,15,0,23.83,8.9398,"Base","DC03317"
42,43,"F","FALSE",10,97000,0.030744,329.63,445.85,35.67,26.75,38.8,15,0,35.26,9.0469,"Base","DC03318"
34,37,"F","TRUE",15,325000,0.032945,828.14,1131.55,90.52,67.89,130,15,0,36.64,12.9291,"Base","DC03319"
42,43,"H","FALSE",10,298000,0.049345,1638.5,2061.28,164.9,123.68,119.2,15,0,25.8,8.9745,"Base","DC03320"
57,61,"H","TRUE",13,42000,0.327309,1386.55,1649.24,131.94,98.95,16.8,15,0,18.95,9.9145,"Base","DC03321"
53,54,"F","FALSE",10,229000,0.086463,2240.14,2728.77,218.3,163.73,91.6,15,0,21.81,8.8387,"Base","DC03322"
52,53,"H","FALSE",15,427000,0.207736,7416.1,8839.42,707.15,530.36,170.8,15,0,19.19,11.9609,"Base","DC03323"
46,47,"H","FALSE",10,171000,0.069738,1340.26,1655.42,132.43,99.33,68.4,15,0,23.51,8.8976,"Base","DC03324"
24,25,"F","FALSE",25,235000,0.030375,362.96,548.79,43.9,32.93,94,15,0,51.2,19.6663,"Base","DC03325"
52,55,"F","TRUE",18,36000,0.228611,593.63,724.45,57.96,43.47,14.4,15,0,22.04,13.8639,"Base","DC03326"
58,59,"F","FALSE",12,143000,0.178206,2551.35,3050.64,244.05,183.04,57.2,15,0,19.57,9.9882,"Base","DC03327"
25,26,"H","FALSE",20,227000,0.03687,509.92,715.95,57.28,42.96,90.8,15,0,40.41,16.4132,"Base","DC03328"
47,48,"H","FALSE",15,142000,0.135767,1558.74,1895.97,151.68,113.76,56.8,15,0,21.64,12.3683,"Base","DC03329"
22,23,"F","FALSE",10,108000,0.007,82.76,163.91,13.11,9.83,43.2,15,0,98.05,9.1339,"Base","DC03330"
25,26,"F","FALSE",10,51000,0.008251,46.09,94.76,7.58,5.69,20.4,15,0,105.58,9.1294,"Base","DC03331"
43,44,"H","FALSE",10,172000,0.053748,1032,1297.44,103.8,77.85,68.8,15,0,25.72,8.958,"Base","DC03332"
56,57,"H","FALSE",14,279000,0.262304,6676.87,7911.01,632.88,474.66,111.6,15,0,18.48,10.9606,"Base","DC03333"
47,48,"H","FALSE",15,136000,0.135767,1492.87,1816.6,145.33,109,54.4,15,0,21.68,12.3683,"Base","DC03334"
53,54,"H","FALSE",10,411000,0.12943,6137.17,7344.85,587.59,440.69,164.4,15,0,19.68,8.6678,"Base","DC03335"
52,53,"F","FALSE",15,92000,0.142952,1065.43,1299.1,103.93,77.95,36.8,15,0,21.93,12.3439,"Base","DC03336"
46,47,"H","FALSE",15,142000,0.124567,1423.04,1738.19,139.06,104.29,56.8,15,0,22.15,12.4301,"Base","DC03337"
60,61,"F","FALSE",10,52000,0.167242,1020.04,1227.72,98.22,73.66,20.8,15,0,20.36,8.5257,"Base","DC03338"
36,39,"F","TRUE",20,154000,0.064566,611.76,800.41,64.03,48.02,61.6,15,0,30.84,16.2535,"Base","DC03339"
35,36,"F","FALSE",20,179000,0.049384,540.64,729.35,58.35,43.76,71.6,15,0,34.9,16.3504,"Base","DC03340"
59,60,"H","FALSE",11,135000,0.245391,3708.92,4392.93,351.43,263.58,54,15,0,18.44,8.9319,"Base","DC03341"
51,52,"H","FALSE",5,74000,0.045952,719.94,889.01,71.12,53.34,29.6,15,0,23.48,4.7232,"Base","DC03342"
27,28,"H","FALSE",10,127000,0.016084,224.51,337.57,27.01,20.25,50.8,15,0,50.36,9.0983,"Base","DC03343"
47,48,"F","FALSE",20,109000,0.146834,1018.66,1252.63,100.21,75.16,43.6,15,0,22.97,15.7116,"Base","DC03344"
20,21,"H","FALSE",10,87000,0.01116,106.5,181.75,14.54,10.9,34.8,15,0,70.65,9.1165,"Base","DC03345"
44,48,"H","TRUE",10,157000,0.076139,1347.17,1656.94,132.55,99.42,62.8,15,0,22.99,8.8733,"Base","DC03346"
32,33,"F","FALSE",20,113000,0.038089,262.09,374.76,29.98,22.49,45.2,15,0,42.99,16.422,"Base","DC03347"
47,48,"H","FALSE",15,75000,0.135767,823.28,1009.62,80.77,60.58,30,15,0,22.63,12.3683,"Base","DC03348"
24,28,"H","TRUE",20,305000,0.042396,789.53,1077.36,86.19,64.64,122,15,0,36.46,16.3777,"Base","DC03349"
27,28,"H","FALSE",10,127000,0.016084,224.51,337.57,27.01,20.25,50.8,15,0,50.36,9.0983,"Base","DC03350"
42,46,"H","TRUE",20,241000,0.181367,2830.37,3420.66,273.65,205.24,96.4,15,0,20.86,15.4431,"Base","DC03351"
59,60,"H","FALSE",11,96000,0.245391,2637.46,3128.9,250.31,187.73,38.4,15,0,18.63,8.9319,"Base","DC03352"
44,45,"H","FALSE",20,97000,0.16688,1041.35,1273.43,101.87,76.41,38.8,15,0,22.29,15.5445,"Base","DC03353"
30,31,"H","FALSE",5,52000,0.008641,93.77,150.67,12.05,9.04,20.8,15,0,60.67,4.7915,"Base","DC03354"
20,21,"F","FALSE",10,232000,0.006357,161.44,313.07,25.05,18.78,92.8,15,0,93.92,9.1363,"Base","DC03355"
47,48,"H","FALSE",10,243000,0.076139,2085.1,2555,204.4,153.3,97.2,15,0,22.54,8.8733,"Base","DC03356"
54,55,"H","FALSE",15,81000,0.245077,1690.66,2021,161.68,121.26,32.4,15,0,19.54,11.7417,"Base","DC03357"
41,42,"H","FALSE",15,593000,0.08111,3797.4,4708.84,376.71,282.53,237.2,15,0,24,12.6661,"Base","DC03358"
34,35,"H","FALSE",5,67000,0.011254,157.53,231.78,18.54,13.91,26.8,15,0,47.13,4.7867,"Base","DC03359"
54,55,"H","FALSE",15,105000,0.245077,2191.59,2614.64,209.17,156.88,42,15,0,19.3,11.7417,"Base","DC03360"
49,50,"H","FALSE",21,270000,0.271516,4762.36,5680.65,454.45,340.84,108,15,0,19.28,15.3935,"Base","DC03361"
60,61,"H","FALSE",10,113000,0.237053,3253.42,3853.05,308.24,231.18,45.2,15,0,18.43,8.2335,"Base","DC03362"
52,53,"H","FALSE",10,96000,0.118483,1305.83,1580.5,126.44,94.83,38.4,15,0,21.03,8.7105,"Base","DC03363"
53,54,"F","FALSE",10,748000,0.086463,7317.15,8873.66,709.89,532.42,299.2,15,0,21.27,8.8387,"Base","DC03364"
41,44,"F","TRUE",10,408000,0.033681,1520.79,1975.57,158.05,118.53,163.2,15,0,29.9,9.0361,"Base","DC03365"
20,21,"H","FALSE",10,413000,0.01116,505.59,797.43,63.79,47.85,165.2,15,0,57.72,9.1165,"Base","DC03366"
59,60,"H","FALSE",11,964000,0.245391,26484.45,31261.69,2500.94,1875.7,385.6,15,0,18.04,8.9319,"Base","DC03367"
21,22,"H","FALSE",25,273000,0.041042,572.79,810.45,64.84,48.63,109.2,15,0,41.49,19.5615,"Base","DC03368"
37,38,"H","FALSE",20,292000,0.092825,1688.99,2117.2,169.38,127.03,116.8,15,0,25.35,16.048,"Base","DC03369"
25,26,"F","FALSE",25,52000,0.032819,86.86,142.62,11.41,8.56,20.8,15,0,64.21,19.6488,"Base","DC03370"
34,35,"F","FALSE",5,78000,0.006617,107.63,178.87,14.31,10.73,31.2,15,0,66.19,4.7954,"Base","DC03371"
56,57,"F","FALSE",14,168000,0.185418,2731.83,3272.13,261.77,196.33,67.2,15,0,19.78,11.4027,"Base","DC03372"
42,43,"F","FALSE",25,60000,0.143942,458.86,578.91,46.31,34.73,24,15,0,26.16,18.8217,"Base","DC03373"
47,50,"F","TRUE",10,82000,0.059065,541.65,685.4,54.83,41.12,32.8,15,0,26.54,8.9418,"Base","DC03374"
20,21,"F","FALSE",15,51000,0.010433,40.79,88.59,7.09,5.32,20.4,15,0,117.19,13.0445,"Base","DC03375"
29,30,"F","FALSE",25,192000,0.045465,446.34,625.74,50.06,37.54,76.8,15,0,40.19,19.5578,"Base","DC03376"
46,50,"H","TRUE",10,274000,0.090842,2822.97,3427.41,274.19,205.64,109.6,15,0,21.41,8.8172,"Base","DC03377"
60,64,"H","TRUE",10,30000,0.30302,1143.13,1360.62,108.85,81.64,12,15,0,19.03,7.9523,"Base","DC03378"
20,21,"H","FALSE",10,227000,0.01116,277.89,446.15,35.69,26.77,90.8,15,0,60.55,9.1165,"Base","DC03379"
23,24,"H","FALSE",15,479000,0.021353,787.91,1156.4,92.51,69.38,191.6,15,0,46.77,12.9814,"Base","DC03380"
53,54,"H","FALSE",10,2e+05,0.12943,2986.46,3583.09,286.65,214.99,80,15,0,19.98,8.6678,"Base","DC03381"
54,55,"H","FALSE",16,168000,0.268368,3675.54,4369.47,349.56,262.17,67.2,15,0,18.88,12.2664,"Base","DC03382"
37,38,"H","FALSE",15,64000,0.058045,290.48,384.97,30.8,23.1,25.6,15,0,32.53,12.789,"Base","DC03383"
47,48,"F","FALSE",10,88000,0.048879,479,615.35,49.23,36.92,35.2,15,0,28.47,8.9798,"Base","DC03384"
60,64,"H","TRUE",10,95000,0.30302,3619.93,4270.84,341.67,256.25,38,15,0,17.98,7.9523,"Base","DC03385"
34,38,"H","TRUE",15,129000,0.058045,585.49,758.25,60.66,45.49,51.6,15,0,29.51,12.789,"Base","DC03386"
33,36,"F","TRUE",10,146000,0.01677,269.11,398.26,31.86,23.9,58.4,15,0,47.99,9.0982,"Base","DC03387"
23,26,"F","TRUE",10,99000,0.008251,89.48,167.53,13.4,10.05,39.6,15,0,87.23,9.1294,"Base","DC03388"
30,31,"F","FALSE",25,219000,0.049495,555.05,764.71,61.18,45.88,87.6,15,0,37.77,19.5286,"Base","DC03389"
43,44,"H","FALSE",10,96000,0.053748,576,731.86,58.55,43.91,38.4,15,0,27.06,8.958,"Base","DC03390"
21,22,"H","FALSE",20,157000,0.028564,272.35,407.15,32.57,24.43,62.8,15,0,49.5,16.4664,"Base","DC03391"
47,48,"H","FALSE",23,149000,0.269491,2419.97,2900.66,232.05,174.04,59.6,15,0,19.86,16.5929,"Base","DC03392"
34,35,"F","FALSE",15,47000,0.027774,100.76,156.46,12.52,9.39,18.8,15,0,55.29,12.9557,"Base","DC03393"
50,51,"F","FALSE",15,193000,0.118788,1837.67,2244.04,179.52,134.64,77.2,15,0,22.11,12.4757,"Base","DC03394"
51,52,"H","FALSE",5,178000,0.045952,1731.76,2113.91,169.11,126.83,71.2,15,0,22.07,4.7232,"Base","DC03395"
23,27,"H","TRUE",15,61000,0.025642,120.7,186.16,14.89,11.17,24.4,15,0,54.24,12.9591,"Base","DC03396"
37,41,"H","TRUE",20,161000,0.119293,1210.15,1499.48,119.96,89.97,64.4,15,0,23.91,15.8709,"Base","DC03397"
59,60,"H","FALSE",11,331000,0.245391,9093.73,10745.5,859.64,644.73,132.4,15,0,18.16,8.9319,"Base","DC03398"
55,58,"F","TRUE",15,284000,0.224453,5363.71,6386.41,510.91,383.18,113.6,15,0,19.07,11.8845,"Base","DC03399"
42,43,"H","FALSE",15,287000,0.088326,2007.52,2485.26,198.82,149.12,114.8,15,0,23.8,12.6273,"Base","DC03400"
59,60,"F","FALSE",11,150000,0.173255,2805.48,3349.39,267.95,200.96,60,15,0,19.39,9.2634,"Base","DC03401"
34,35,"F","FALSE",15,166000,0.027774,355.86,508.44,40.68,30.51,66.4,15,0,42.88,12.9557,"Base","DC03402"
36,37,"H","FALSE",25,589000,0.128901,4017.91,4963.38,397.07,297.8,235.6,15,0,23.53,18.8961,"Base","DC03403"
41,42,"F","FALSE",15,97000,0.051482,389.14,515.04,41.2,30.9,38.8,15,0,32.36,12.833,"Base","DC03404"
45,46,"H","FALSE",5,85000,0.026969,481.78,617.19,49.38,37.03,34,15,0,28.11,4.7581,"Base","DC03405"
28,29,"F","FALSE",25,217000,0.041816,463.34,657.14,52.57,39.43,86.8,15,0,41.83,19.5841,"Base","DC03406"
58,59,"H","FALSE",12,212000,0.252261,5560.04,6581.21,526.5,394.87,84.8,15,0,18.37,9.6185,"Base","DC03407"
24,25,"F","FALSE",5,121000,0.003553,89.55,177.85,14.23,10.67,48.4,15,0,98.6,4.801,"Base","DC03408"
36,37,"H","FALSE",15,68000,0.053504,283.95,379.24,30.34,22.75,27.2,15,0,33.56,12.813,"Base","DC03409"
57,60,"F","TRUE",13,136000,0.218067,2819.36,3359.02,268.72,201.54,54.4,15,0,19.14,10.5191,"Base","DC03410"
60,61,"F","FALSE",10,453000,0.167242,8886.1,10560.81,844.87,633.65,181.2,15,0,18.85,8.5257,"Base","DC03411"
44,45,"F","FALSE",25,315000,0.171874,2910.3,3548.03,283.84,212.88,126,15,0,21.91,18.6029,"Base","DC03412"
35,36,"F","FALSE",10,177000,0.01677,326.24,479.12,38.33,28.75,70.8,15,0,46.86,9.0982,"Base","DC03413"
55,56,"H","FALSE",15,108000,0.265771,2470.64,2940.51,235.24,176.43,43.2,15,0,19.02,11.6178,"Base","DC03414"
25,26,"H","FALSE",20,72000,0.03687,161.74,239,19.12,14.34,28.8,15,0,47.77,16.4132,"Base","DC03415"
27,28,"H","FALSE",15,150000,0.027376,317.1,455.93,36.47,27.36,60,15,0,43.78,12.9501,"Base","DC03416"
48,51,"F","TRUE",15,155000,0.118788,1475.85,1805.64,144.45,108.34,62,15,0,22.35,12.4757,"Base","DC03417"
32,35,"F","TRUE",10,237000,0.015472,402.82,596.07,47.69,35.76,94.8,15,0,47.97,9.103,"Base","DC03418"
58,62,"H","TRUE",10,4e+05,0.257598,12647.07,14909.38,1192.75,894.56,160,15,0,17.89,8.1473,"Base","DC03419"
29,33,"H","TRUE",5,234000,0.009818,479.71,684.09,54.73,41.05,93.6,15,0,42.6,4.7893,"Base","DC03420"
53,54,"H","FALSE",10,205000,0.12943,3061.12,3672.23,293.78,220.33,82,15,0,19.96,8.6678,"Base","DC03421"
20,21,"F","FALSE",20,270000,0.01567,255.45,440.05,35.2,26.4,108,15,0,72.27,16.5627,"Base","DC03422"
42,45,"F","TRUE",15,60000,0.06789,319.55,416.92,33.35,25.02,24,15,0,30.47,12.7471,"Base","DC03423"
26,27,"H","FALSE",15,78000,0.025642,154.34,233.19,18.65,13.99,31.2,15,0,51.09,12.9591,"Base","DC03425"
50,51,"H","FALSE",10,1e+05,0.099252,1129.8,1377.68,110.21,82.66,40,15,0,21.94,8.7849,"Base","DC03426"
35,36,"F","FALSE",10,436000,0.01677,803.63,1154.69,92.37,69.28,174.4,15,0,43.68,9.0982,"Base","DC03427"
37,41,"H","TRUE",20,85000,0.119293,638.9,799.89,63.99,47.99,34,15,0,25.2,15.8709,"Base","DC03428"
34,38,"H","TRUE",15,37000,0.058045,167.93,229.92,18.39,13.8,14.8,15,0,36.91,12.789,"Base","DC03429"
40,41,"F","FALSE",10,114000,0.025691,323.07,446.12,35.69,26.77,45.6,15,0,38.09,9.0655,"Base","DC03430"
52,53,"F","FALSE",18,177000,0.191779,2406.37,2897.87,231.83,173.87,70.8,15,0,20.43,14.1063,"Base","DC03431"
40,41,"F","FALSE",10,305000,0.025691,864.34,1164.35,93.15,69.86,122,15,0,34.71,9.0655,"Base","DC03432"
30,31,"F","FALSE",30,50000,0.074137,166.88,234.75,18.78,14.08,20,15,0,40.67,22.2125,"Base","DC03433"
58,62,"H","TRUE",12,177000,0.320888,6127.11,7224.32,577.95,433.46,70.8,15,0,17.91,9.2698,"Base","DC03434"
26,27,"F","FALSE",10,307000,0.008763,294.74,502.95,40.24,30.18,122.8,15,0,70.64,9.1275,"Base","DC03435"
31,32,"H","FALSE",15,113000,0.036276,317.68,439.4,35.15,26.36,45.2,15,0,38.31,12.9036,"Base","DC03436"
23,24,"H","FALSE",10,137000,0.012863,193.44,306.09,24.49,18.37,54.8,15,0,58.24,9.1102,"Base","DC03437"
42,43,"F","FALSE",20,118000,0.092983,682.79,866.26,69.3,51.98,47.2,15,0,26.87,16.0695,"Base","DC03438"
52,56,"H","TRUE",15,90000,0.265771,2058.86,2453.33,196.27,147.2,36,15,0,19.16,11.6178,"Base","DC03439"
43,44,"H","FALSE",10,66000,0.053748,396,508.6,40.69,30.52,26.4,15,0,28.44,8.958,"Base","DC03440"
46,50,"H","TRUE",15,159000,0.161173,2095.96,2528.56,202.28,151.71,63.6,15,0,20.64,12.2266,"Base","DC03441"
22,23,"H","FALSE",10,225000,0.012238,302.18,473.47,37.88,28.41,90,15,0,56.68,9.1125,"Base","DC03442"
21,22,"H","FALSE",30,119000,0.057971,309.4,432.56,34.6,25.95,47.6,15,0,39.81,22.2967,"Base","DC03443"
42,43,"H","FALSE",20,320000,0.141132,2872.48,3506.37,280.51,210.38,128,15,0,22.07,15.7224,"Base","DC03444"
58,59,"F","FALSE",12,164000,0.178206,2926.02,3496.07,279.69,209.76,65.6,15,0,19.48,9.9882,"Base","DC03445"
48,52,"H","TRUE",22,76000,0.339484,1672.8,1997.91,159.83,119.87,30.4,15,0,19.43,15.4237,"Base","DC03446"
43,44,"F","FALSE",20,469000,0.101913,2985.25,3706.8,296.54,222.41,187.6,15,0,24.17,16.0111,"Base","DC03447"
34,35,"F","FALSE",30,70000,0.105502,336.35,441.11,35.29,26.47,28,15,0,31.14,21.9566,"Base","DC03448"
56,57,"F","FALSE",14,170000,0.185418,2764.35,3310.88,264.87,198.65,68,15,0,19.77,11.4027,"Base","DC03449"
47,48,"H","FALSE",23,79000,0.269491,1283.07,1546.13,123.69,92.77,31.6,15,0,20.5,16.5929,"Base","DC03450"
52,53,"F","FALSE",15,189000,0.142952,2188.75,2650.41,212.03,159.02,75.6,15,0,21.09,12.3439,"Base","DC03451"
45,49,"H","TRUE",20,120000,0.231924,1845.5,2219.19,177.54,133.15,48,15,0,20.25,15.0803,"Base","DC03452"
59,60,"H","FALSE",5,75000,0.095523,1547.13,1851.32,148.11,111.08,30,15,0,19.66,4.6306,"Base","DC03453"
51,52,"H","FALSE",10,1e+05,0.108445,1239.45,1505.18,120.41,90.31,40,15,0,21.44,8.7494,"Base","DC03454"
42,43,"F","FALSE",10,766000,0.030744,2603.09,3400.57,272.05,204.03,306.4,15,0,30.64,9.0469,"Base","DC03455"
26,27,"F","FALSE",15,196000,0.015027,226.2,371.62,29.73,22.3,78.4,15,0,64.29,13.0211,"Base","DC03456"
46,47,"F","FALSE",15,79000,0.081791,509.83,647.01,51.76,38.82,31.6,15,0,26.91,12.6738,"Base","DC03457"
37,38,"H","FALSE",20,112000,0.092825,647.83,822.83,65.83,49.37,44.8,15,0,27.01,16.048,"Base","DC03458"
35,36,"H","FALSE",25,93000,0.118745,581.99,737.43,58.99,44.25,37.2,15,0,26.71,18.9751,"Base","DC03459"
36,39,"F","TRUE",10,109000,0.021568,258.9,369.18,29.53,22.15,43.6,15,0,42.6,9.0807,"Base","DC03460"
26,27,"H","FALSE",10,73000,0.015155,121.55,192.74,15.42,11.56,29.2,15,0,58.56,9.1017,"Base","DC03461"
56,57,"F","FALSE",5,254000,0.047872,2575.99,3130.92,250.47,187.85,101.6,15,0,21.54,4.7203,"Base","DC03462"
26,27,"H","FALSE",10,244000,0.015155,406.29,603.36,48.27,36.2,97.6,15,0,48.5,9.1017,"Base","DC03463"
39,40,"H","FALSE",10,275000,0.038395,1171.16,1507.16,120.57,90.43,110,15,0,28.69,9.0155,"Base","DC03464"
47,50,"F","TRUE",10,988000,0.059065,6526.2,8065.58,645.25,483.93,395.2,15,0,23.59,8.9418,"Base","DC03465"
39,40,"F","FALSE",10,97000,0.023525,251.49,354.99,28.4,21.3,38.8,15,0,41.15,9.0735,"Base","DC03466"
58,59,"H","FALSE",12,267000,0.252261,7002.5,8284.07,662.73,497.04,106.8,15,0,18.3,9.6185,"Base","DC03468"
24,28,"H","TRUE",15,243000,0.027376,513.7,727.79,58.22,43.67,97.2,15,0,41.68,12.9501,"Base","DC03469"
29,33,"H","TRUE",25,160000,0.093015,776.23,994.45,79.56,59.67,64,15,0,28.11,19.1727,"Base","DC03470"
44,47,"F","TRUE",15,139000,0.081791,897.05,1125.17,90.01,67.51,55.6,15,0,25.43,12.6738,"Base","DC03471"
25,26,"F","FALSE",25,86000,0.032819,143.64,224.47,17.96,13.47,34.4,15,0,56.27,19.6488,"Base","DC03472"
41,42,"F","FALSE",5,152000,0.011684,371.07,519.61,41.57,31.18,60.8,15,0,40.03,4.7863,"Base","DC03473"
36,40,"H","TRUE",10,115000,0.038395,489.76,640.41,51.23,38.42,46,15,0,30.76,9.0155,"Base","DC03474"
30,31,"H","FALSE",10,927000,0.019487,1988.23,2760.5,220.84,165.63,370.8,15,0,38.84,9.0857,"Base","DC03475"
21,22,"F","FALSE",5,319000,0.003105,206.26,405.65,32.45,24.34,127.6,15,0,96.67,4.8018,"Base","DC03476"
28,29,"F","FALSE",10,289000,0.00996,315.52,518.74,41.5,31.12,115.6,15,0,64.41,9.1231,"Base","DC03478"
52,53,"H","FALSE",15,49000,0.207736,851.03,1029.8,82.38,61.79,19.6,15,0,21.01,11.9609,"Base","DC03479"
27,30,"F","TRUE",20,108000,0.029725,194.86,294.26,23.54,17.66,43.2,15,0,51.01,16.4747,"Base","DC03480"
30,33,"F","TRUE",20,318000,0.038089,737.57,1022.99,81.84,61.38,127.2,15,0,38.7,16.422,"Base","DC03481"
25,26,"H","FALSE",10,176000,0.014315,276.71,421.05,33.68,25.26,70.4,15,0,52.17,9.1048,"Base","DC03482"
43,44,"H","FALSE",15,382000,0.096223,2920.79,3591.39,287.31,215.48,152.8,15,0,22.96,12.5847,"Base","DC03484"
23,24,"F","FALSE",10,81000,0.007374,65.4,131.17,10.49,7.87,32.4,15,0,100.55,9.1326,"Base","DC03485"
24,28,"H","TRUE",20,737000,0.042396,1907.82,2578.63,206.29,154.72,294.8,15,0,35.16,16.3777,"Base","DC03486"
55,56,"H","FALSE",15,139000,0.265771,3179.8,3779.53,302.36,226.77,55.6,15,0,18.86,11.6178,"Base","DC03487"
28,29,"H","FALSE",15,16000,0.029288,36.21,66.99,5.36,4.02,6.4,15,0,84.99,12.9401,"Base","DC03488"
52,53,"H","FALSE",15,193000,0.207736,3352.01,4004.89,320.39,240.29,77.2,15,0,19.48,11.9609,"Base","DC03489"
36,40,"H","TRUE",10,114000,0.038395,485.5,635,50.8,38.1,45.6,15,0,30.79,9.0155,"Base","DC03490"
28,32,"H","TRUE",15,229000,0.036276,643.8,872.56,69.8,52.35,91.6,15,0,35.53,12.9036,"Base","DC03492"
36,40,"H","TRUE",10,260000,0.038395,1107.28,1425.9,114.07,85.55,104,15,0,28.78,9.0155,"Base","DC03493"
20,21,"F","FALSE",20,475000,0.01567,449.39,760.92,60.87,45.66,190,15,0,69.32,16.5627,"Base","DC03494"
20,24,"H","TRUE",10,146000,0.012863,206.14,325.05,26,19.5,58.4,15,0,57.68,9.1102,"Base","DC03495"
46,47,"F","FALSE",5,31000,0.01834,119.09,170.33,13.63,10.22,12.4,15,0,43.03,4.7742,"Base","DC03496"
44,45,"H","FALSE",15,639000,0.104857,5344.08,6528.7,522.3,391.72,255.6,15,0,22.17,12.5379,"Base","DC03497"
45,46,"H","FALSE",25,94000,0.266208,1408.73,1699.22,135.94,101.95,37.6,15,0,20.62,17.7632,"Base","DC03498"
38,39,"F","FALSE",5,62000,0.00906,117.24,182.61,14.61,10.96,24.8,15,0,55.75,4.791,"Base","DC03500"
44,45,"F","FALSE",15,356000,0.06789,1896.02,2387.7,191.02,143.26,142.4,15,0,25.93,12.7471,"Base","DC03501"
24,25,"H","FALSE",10,124000,0.013553,184.52,289.68,23.17,17.38,49.6,15,0,56.99,9.1077,"Base","DC03502"
45,46,"H","FALSE",10,71000,0.063902,508.66,641.93,51.35,38.52,28.4,15,0,26.2,8.9197,"Base","DC03503"
34,38,"H","TRUE",20,77000,0.092825,445.38,571.14,45.69,34.27,30.8,15,0,28.24,16.048,"Base","DC03504"
40,41,"F","FALSE",20,285000,0.077433,1364.72,1736.88,138.95,104.21,114,15,0,27.27,16.1706,"Base","DC03505"
21,25,"H","TRUE",20,165000,0.034482,346.32,496.88,39.75,29.81,66,15,0,43.48,16.4285,"Base","DC03506"
31,32,"H","FALSE",20,212000,0.057186,744.59,981.85,78.55,58.91,84.8,15,0,31.86,16.282,"Base","DC03507"
21,22,"H","FALSE",20,153000,0.028564,265.41,397.22,31.78,23.83,61.2,15,0,49.66,16.4664,"Base","DC03508"
58,62,"H","TRUE",5,193000,0.11467,4817.15,5708.55,456.68,342.51,77.2,15,0,18.5,4.5943,"Base","DC03509"
30,31,"H","FALSE",5,155000,0.008641,279.52,414.56,33.16,24.87,62,15,0,48.31,4.7915,"Base","DC03510"
47,48,"F","FALSE",15,29000,0.089796,206.16,270.65,21.65,16.24,11.6,15,0,31.28,12.6312,"Base","DC03511"
24,25,"F","FALSE",30,168000,0.044577,333.61,483.5,38.68,29.01,67.2,15,0,44.93,22.4481,"Base","DC03513"
23,24,"F","FALSE",10,267000,0.007374,215.59,392.32,31.39,23.54,106.8,15,0,81.97,9.1326,"Base","DC03515"
31,32,"F","FALSE",20,153000,0.035016,325.85,467.5,37.4,28.05,61.2,15,0,43.47,16.4414,"Base","DC03516"
57,58,"F","FALSE",13,93000,0.182223,1583.64,1902.14,152.17,114.13,37.2,15,0,20.11,10.7011,"Base","DC03517"
34,35,"F","FALSE",10,688000,0.015472,1169.36,1697.16,135.77,101.83,275.2,15,0,45.14,9.103,"Base","DC03518"
29,30,"H","FALSE",25,129000,0.07329,489.31,646.41,51.71,38.78,51.6,15,0,32.11,19.3219,"Base","DC03519"
29,32,"F","TRUE",10,205000,0.012292,276.47,434.27,34.74,26.06,82,15,0,57.08,9.1146,"Base","DC03520"
34,38,"H","TRUE",15,127000,0.058045,576.42,746.76,59.74,44.81,50.8,15,0,29.55,12.789,"Base","DC03521"
20,21,"F","FALSE",20,277000,0.01567,262.07,451.01,36.08,27.06,110.8,15,0,72.1,16.5627,"Base","DC03523"
29,33,"H","TRUE",5,70000,0.009818,143.5,216.87,17.35,13.01,28,15,0,51.12,4.7893,"Base","DC03524"
51,52,"H","FALSE",19,155000,0.27191,2975.34,3549.24,283.94,212.95,62,15,0,19.29,14.1651,"Base","DC03525"
21,22,"H","FALSE",15,175000,0.019121,257.54,398.3,31.86,23.9,70,15,0,54.66,12.993,"Base","DC03526"
31,32,"H","FALSE",15,90000,0.036276,253.02,353.51,28.28,21.21,36,15,0,39.72,12.9036,"Base","DC03527"
38,39,"H","FALSE",15,117000,0.063035,577.87,743.8,59.5,44.63,46.8,15,0,28.71,12.7625,"Base","DC03528"
35,36,"F","FALSE",30,87000,0.115279,458.47,591.01,47.28,35.46,34.8,15,0,28.91,21.8755,"Base","DC03529"
45,49,"H","TRUE",10,75000,0.083156,704.99,872.08,69.77,52.32,30,15,0,23.7,8.8466,"Base","DC03530"
40,41,"H","FALSE",15,146000,0.074522,856.62,1081.42,86.51,64.89,58.4,15,0,26.24,12.7013,"Base","DC03531"
51,52,"H","FALSE",19,339000,0.27191,6507.36,7741.82,619.35,464.51,135.6,15,0,18.97,14.1651,"Base","DC03532"
44,45,"H","FALSE",10,83000,0.058587,543.94,688.54,55.08,41.31,33.2,15,0,26.58,8.9398,"Base","DC03533"
27,31,"H","TRUE",10,86000,0.019487,184.45,271.92,21.75,16.32,34.4,15,0,47.42,9.0857,"Base","DC03534"
60,61,"F","FALSE",10,716000,0.167242,14045.14,16682.02,1334.56,1000.92,286.4,15,0,18.77,8.5257,"Base","DC03535"
53,54,"F","FALSE",15,90000,0.1567,1149.56,1396,111.68,83.76,36,15,0,21.44,12.2681,"Base","DC03536"
37,38,"H","FALSE",15,67000,0.058045,304.09,402.2,32.18,24.13,26.8,15,0,32.26,12.789,"Base","DC03538"
40,44,"H","TRUE",10,296000,0.053748,1775.99,2220.23,177.62,133.21,118.4,15,0,25.01,8.958,"Base","DC03539"
46,47,"F","FALSE",20,193000,0.134087,1638.16,2012.05,160.96,120.72,77.2,15,0,22.82,15.7975,"Base","DC03540"
21,22,"H","FALSE",20,253000,0.028564,438.88,645.44,51.64,38.73,101.2,15,0,47.07,16.4664,"Base","DC03541"
21,22,"H","FALSE",20,124000,0.028564,215.1,325.24,26.02,19.51,49.6,15,0,51.2,16.4664,"Base","DC03542"
52,56,"H","TRUE",18,24000,0.341761,629.34,760.4,60.83,45.62,9.6,15,0,20.82,13.0331,"Base","DC03543"
22,23,"H","FALSE",5,221000,0.005703,262.75,425.76,34.06,25.55,88.4,15,0,62.04,4.7968,"Base","DC03544"
44,45,"F","FALSE",10,456000,0.03693,1866.15,2399.48,191.96,143.97,182.4,15,0,28.58,9.0241,"Base","DC03545"
32,36,"H","TRUE",30,126000,0.172044,1016.57,1258.1,100.65,75.49,50.4,15,0,23.76,21.3242,"Base","DC03546"
45,46,"H","FALSE",20,251000,0.181367,2947.81,3561.87,284.95,213.71,100.4,15,0,20.83,15.4431,"Base","DC03547"
25,26,"H","FALSE",10,73000,0.014315,114.77,184.85,14.79,11.09,29.2,15,0,61.06,9.1048,"Base","DC03548"
45,48,"F","TRUE",15,276000,0.089796,1962.1,2427.33,194.19,145.64,110.4,15,0,23.71,12.6312,"Base","DC03549"
21,22,"H","FALSE",15,89000,0.019121,130.98,211.14,16.89,12.67,35.6,15,0,61.2,12.993,"Base","DC03550"
49,50,"F","FALSE",5,103000,0.024319,525.85,676.8,54.14,40.61,41.2,15,0,28.71,4.7634,"Base","DC03551"
50,54,"H","TRUE",10,95000,0.12943,1418.57,1711.13,136.89,102.67,38,15,0,20.62,8.6678,"Base","DC03552"
55,59,"H","TRUE",10,194000,0.200123,4629.77,5491.12,439.29,329.47,77.6,15,0,18.6,8.3857,"Base","DC03553"
53,54,"F","FALSE",10,154000,0.086463,1506.47,1840.78,147.26,110.45,61.6,15,0,22.19,8.8387,"Base","DC03554"
37,38,"F","FALSE",25,131000,0.091821,625.91,806.17,64.49,48.37,52.4,15,0,28.8,19.2176,"Base","DC03555"
56,57,"F","FALSE",14,54000,0.185418,878.09,1063.59,85.09,63.82,21.6,15,0,21.13,11.4027,"Base","DC03556"
54,55,"H","FALSE",16,123000,0.268368,2691.02,3203.74,256.3,192.22,49.2,15,0,19.05,12.2664,"Base","DC03557"
20,24,"H","TRUE",15,190000,0.021353,312.53,469.22,37.54,28.15,76,15,0,50.14,12.9814,"Base","DC03558"
20,21,"F","FALSE",30,402000,0.032615,581.63,880.73,70.46,52.84,160.8,15,0,51.42,22.542,"Base","DC03559"
47,50,"F","TRUE",10,315000,0.059065,2080.72,2583.4,206.67,155,126,15,0,24.16,8.9418,"Base","DC03560"
49,50,"F","FALSE",21,214000,0.19171,2558.69,3092.2,247.38,185.53,85.6,15,0,20.85,16.0339,"Base","DC03561"
27,28,"H","FALSE",15,207000,0.027376,437.59,622.55,49.8,37.35,82.8,15,0,42.27,12.9501,"Base","DC03562"
40,41,"H","FALSE",10,133000,0.041702,616.04,795.63,63.65,47.74,53.2,15,0,29.15,9.0031,"Base","DC03563"
46,47,"F","FALSE",20,81000,0.134087,687.52,854.56,68.36,51.27,32.4,15,0,24.3,15.7975,"Base","DC03564"
21,22,"H","FALSE",15,187000,0.019121,275.2,424.42,33.95,25.47,74.8,15,0,54.22,12.993,"Base","DC03565"
37,38,"H","FALSE",15,84000,0.058045,381.25,499.83,39.99,29.99,33.6,15,0,31.1,12.789,"Base","DC03566"
55,56,"F","FALSE",10,137000,0.104593,1633.95,1981.11,158.49,118.87,54.8,15,0,21.25,8.7696,"Base","DC03567"
23,24,"F","FALSE",30,519000,0.041125,949.67,1363.1,109.05,81.79,207.6,15,0,43.53,22.4753,"Base","DC03568"
26,30,"H","TRUE",10,64000,0.018239,128.41,196.53,15.72,11.79,25.6,15,0,53.04,9.0904,"Base","DC03569"
57,61,"H","TRUE",13,86000,0.327309,2839.13,3358.75,268.7,201.53,34.4,15,0,18.3,9.9145,"Base","DC03570"
48,52,"H","TRUE",10,212000,0.108445,2627.64,3171.45,253.72,190.29,84.8,15,0,20.7,8.7494,"Base","DC03571"
34,35,"H","FALSE",30,265000,0.158811,1962.75,2422.97,193.84,145.38,106,15,0,23.45,21.4418,"Base","DC03572"
57,58,"H","FALSE",13,67000,0.257846,1678.15,1999.95,160,120,26.8,15,0,19.18,10.2944,"Base","DC03573"
44,45,"H","FALSE",25,257000,0.246346,3529.95,4241.57,339.33,254.49,102.8,15,0,20.16,17.9354,"Base","DC03574"
35,38,"F","TRUE",10,189000,0.019802,411.86,584.26,46.74,35.06,75.6,15,0,41.86,9.0871,"Base","DC03575"
47,51,"H","TRUE",20,235000,0.271944,4323.01,5153.5,412.28,309.21,94,15,0,19.21,14.783,"Base","DC03576"
56,57,"F","FALSE",14,216000,0.185418,3512.35,4202.04,336.16,252.12,86.4,15,0,19.64,11.4027,"Base","DC03577"
57,58,"F","FALSE",13,3e+05,0.182223,5108.53,6097.13,487.77,365.83,120,15,0,19.35,10.7011,"Base","DC03578"
38,39,"H","FALSE",20,416000,0.100886,2623.97,3262.05,260.96,195.72,166.4,15,0,24.32,15.9944,"Base","DC03580"
40,41,"H","FALSE",25,238000,0.178906,2301.82,2804.67,224.37,168.28,95.2,15,0,21.85,18.4982,"Base","DC03581"
36,40,"H","TRUE",25,275000,0.164888,2436.38,2978.35,238.27,178.7,110,15,0,22.24,18.6113,"Base","DC03582"
58,59,"F","FALSE",12,270000,0.178206,4817.23,5744.45,459.56,344.67,108,15,0,19.25,9.9882,"Base","DC03583"
46,50,"H","TRUE",20,160000,0.251283,2691.53,3221.55,257.72,193.29,64,15,0,19.69,14.9377,"Base","DC03584"
30,31,"F","FALSE",25,124000,0.049495,314.27,440.55,35.24,26.43,49.6,15,0,40.18,19.5286,"Base","DC03585"
44,47,"F","TRUE",10,288000,0.044493,1424.4,1807.68,144.61,108.46,115.2,15,0,26.91,8.9961,"Base","DC03586"
57,58,"F","FALSE",13,105000,0.182223,1787.98,2145.33,171.63,128.72,42,15,0,19.99,10.7011,"Base","DC03587"
27,28,"H","FALSE",10,152000,0.016084,268.7,400.58,32.05,24.03,60.8,15,0,49.08,9.0983,"Base","DC03588"
42,43,"F","FALSE",20,207000,0.092983,1197.77,1506.48,120.52,90.39,82.8,15,0,25.77,16.0695,"Base","DC03589"
38,39,"F","FALSE",15,110000,0.039272,334.97,458.11,36.65,27.49,44,15,0,36.76,12.8964,"Base","DC03590"
38,39,"H","FALSE",10,587000,0.035391,2301.48,2966.61,237.33,178,234.8,15,0,28.9,9.0267,"Base","DC03591"
40,44,"H","TRUE",20,114000,0.153487,1118.95,1371.57,109.73,82.29,45.6,15,0,22.58,15.6375,"Base","DC03592"
46,47,"F","FALSE",5,469000,0.01834,1801.67,2330.55,186.44,139.83,187.6,15,0,29.35,4.7742,"Base","DC03593"
58,59,"F","FALSE",12,214000,0.178206,3818.1,4556.63,364.53,273.4,85.6,15,0,19.34,9.9882,"Base","DC03594"
32,33,"H","FALSE",10,148000,0.022383,365.03,510.74,40.86,30.64,59.2,15,0,39.91,9.075,"Base","DC03595"
39,43,"H","TRUE",15,47000,0.088326,328.76,421.58,33.73,25.29,18.8,15,0,28.23,12.6273,"Base","DC03596"
29,30,"F","FALSE",25,59000,0.045465,137.16,204.37,16.35,12.26,23.6,15,0,49,19.5578,"Base","DC03597"
47,48,"H","FALSE",10,285000,0.076139,2445.49,2993.6,239.49,179.62,114,15,0,22.41,8.8733,"Base","DC03598"
49,53,"H","TRUE",21,177000,0.340849,4066.96,4828.79,386.3,289.73,70.8,15,0,18.73,14.8342,"Base","DC03599"
59,60,"H","FALSE",11,27000,0.245391,741.78,892.54,71.4,53.55,10.8,15,0,20.32,8.9319,"Base","DC03600"
59,60,"F","FALSE",11,120000,0.173255,2244.38,2683,214.64,160.98,48,15,0,19.54,9.2634,"Base","DC03601"
56,57,"H","FALSE",10,107000,0.168387,2116.27,2527.99,202.24,151.68,42.8,15,0,19.45,8.5138,"Base","DC03602"
45,46,"H","FALSE",20,64000,0.181367,751.63,921.2,73.7,55.27,25.6,15,0,22.56,15.4431,"Base","DC03603"
45,48,"F","TRUE",20,166000,0.146834,1551.36,1898.56,151.88,113.91,66.4,15,0,22.38,15.7116,"Base","DC03604"
22,25,"F","TRUE",10,113000,0.00779,96.4,182.1,14.57,10.93,45.2,15,0,88.89,9.1311,"Base","DC03605"
45,46,"H","FALSE",20,78000,0.181367,916.05,1118.9,89.51,67.13,31.2,15,0,22.14,15.4431,"Base","DC03606"
20,21,"F","FALSE",10,439000,0.006357,305.48,576.84,46.15,34.61,175.6,15,0,88.83,9.1363,"Base","DC03607"
46,47,"H","FALSE",24,175000,0.267987,2729.52,3272.7,261.82,196.36,70,15,0,19.9,17.1817,"Base","DC03608"
53,56,"F","TRUE",15,35000,0.18789,543.77,666.01,53.28,39.96,14,15,0,22.48,12.0936,"Base","DC03609"
42,43,"F","FALSE",20,308000,0.092983,1782.19,2233.01,178.64,133.98,123.2,15,0,25.3,16.0695,"Base","DC03610"
25,26,"H","FALSE",30,118000,0.07785,415.04,554.94,44.39,33.3,47.2,15,0,33.71,22.1334,"Base","DC03611"
48,52,"H","TRUE",22,262000,0.339484,5766.77,6844.85,547.59,410.69,104.8,15,0,18.69,15.4237,"Base","DC03612"
52,53,"H","FALSE",10,193000,0.118483,2625.25,3159.83,252.79,189.59,77.2,15,0,20.36,8.7105,"Base","DC03613"
48,49,"H","FALSE",10,92000,0.083156,864.78,1065.79,85.26,63.95,36.8,15,0,23.24,8.8466,"Base","DC03614"
44,45,"F","FALSE",10,283000,0.03693,1158.16,1495.77,119.66,89.75,113.2,15,0,29.15,9.0241,"Base","DC03615"
60,61,"F","FALSE",10,133000,0.167242,2608.94,3112.96,249.04,186.78,53.2,15,0,19.32,8.5257,"Base","DC03616"
44,45,"F","FALSE",20,72000,0.111695,504.31,637.34,50.99,38.24,28.8,15,0,26.38,15.9466,"Base","DC03617"
49,53,"H","TRUE",15,112000,0.207736,1945.21,2331.4,186.51,139.88,44.8,15,0,19.85,11.9609,"Base","DC03618"
44,45,"H","FALSE",20,136000,0.16688,1460.04,1778.42,142.27,106.71,54.4,15,0,21.81,15.5445,"Base","DC03619"
41,42,"H","FALSE",10,167000,0.045341,842.31,1074.54,85.96,64.47,66.8,15,0,27.57,8.9895,"Base","DC03620"
58,61,"F","TRUE",12,75000,0.213476,1630.21,1947.91,155.83,116.87,30,15,0,19.49,9.8213,"Base","DC03621"
45,46,"F","FALSE",10,253000,0.040523,1137.78,1458.11,116.65,87.49,101.2,15,0,28.15,9.0108,"Base","DC03622"
58,59,"F","FALSE",12,149000,0.178206,2658.4,3177.9,254.23,190.67,59.6,15,0,19.54,9.9882,"Base","DC03623"
26,29,"F","TRUE",15,135000,0.017309,179.62,289.09,23.13,17.35,54,15,0,60.95,13.0094,"Base","DC03624"
56,57,"F","FALSE",14,135000,0.185418,2195.22,2632.82,210.63,157.97,54,15,0,19.93,11.4027,"Base","DC03626"
56,59,"F","TRUE",14,186000,0.221686,3679.4,4382.33,350.59,262.94,74.4,15,0,19.1,11.2066,"Base","DC03627"
50,51,"H","FALSE",20,1e+05,0.271944,1839.58,2203,176.24,132.18,40,15,0,19.76,14.783,"Base","DC03628"
27,28,"F","FALSE",25,55000,0.038512,108.03,168.64,13.49,10.12,22,15,0,56.11,19.6079,"Base","DC03629"
48,49,"F","FALSE",10,249000,0.053721,1492.64,1868.88,149.51,112.13,99.6,15,0,25.21,8.9618,"Base","DC03630"
29,30,"F","FALSE",25,117000,0.045465,271.99,388.12,31.05,23.29,46.8,15,0,42.7,19.5578,"Base","DC03632"
59,63,"H","TRUE",11,147000,0.312872,5337.88,6292.65,503.41,377.56,58.8,15,0,17.89,8.6162,"Base","DC03633"
29,30,"H","FALSE",20,96000,0.04909,288.51,397.57,31.81,23.85,38.4,15,0,37.8,16.3345,"Base","DC03634"
36,39,"F","TRUE",15,320000,0.039272,974.46,1299.38,103.95,77.96,128,15,0,33.34,12.8964,"Base","DC03635"
21,22,"F","FALSE",25,80000,0.024367,98.91,169.66,13.57,10.18,32,15,0,71.53,19.7091,"Base","DC03636"
31,32,"H","FALSE",10,148000,0.020864,340.05,481.69,38.53,28.9,59.2,15,0,41.65,9.0806,"Base","DC03637"
54,55,"F","FALSE",15,43000,0.171656,605.77,741.82,59.35,44.51,17.2,15,0,22.46,12.1849,"Base","DC03638"
27,28,"H","FALSE",20,41000,0.042396,106.13,159.92,12.79,9.6,16.4,15,0,50.68,16.3777,"Base","DC03639"
59,60,"H","FALSE",10,263000,0.21791,6894.22,8156.3,652.5,489.38,105.2,15,0,18.31,8.3128,"Base","DC03640"
26,30,"H","TRUE",5,333000,0.008134,565.18,829.52,66.36,49.77,133.2,15,0,46.77,4.7924,"Base","DC03641"
44,45,"H","FALSE",26,277000,0.26419,3990.79,4786.73,382.94,287.2,110.8,15,0,19.94,18.3374,"Base","DC03642"
50,51,"H","FALSE",20,231000,0.271944,4249.43,5066.08,405.29,303.96,92.4,15,0,19.22,14.783,"Base","DC03643"
41,44,"F","TRUE",29,256000,0.214302,2678.27,3250.78,260.06,195.05,102.4,15,0,21.38,20.4839,"Base","DC03645"
42,43,"F","FALSE",10,68000,0.030744,231.08,317.77,25.42,19.07,27.2,15,0,37.51,9.0469,"Base","DC03646"
25,26,"H","FALSE",10,494000,0.014315,776.66,1150.31,92.02,69.02,197.6,15,0,48.11,9.1048,"Base","DC03647"
41,42,"F","FALSE",15,454000,0.051482,1821.31,2346.41,187.71,140.78,181.6,15,0,28.83,12.833,"Base","DC03648"
26,30,"H","TRUE",15,192000,0.031395,466.23,648.87,51.91,38.93,76.8,15,0,39.17,12.9291,"Base","DC03649"
47,51,"H","TRUE",20,245000,0.271944,4506.97,5372.05,429.76,322.32,98,15,0,19.19,14.783,"Base","DC03650"
22,23,"H","FALSE",25,118000,0.043869,264.91,380.36,30.43,22.82,47.2,15,0,43.58,19.5407,"Base","DC03651"
26,27,"F","FALSE",20,344000,0.023553,490.64,747.96,59.84,44.88,137.6,15,0,52.44,16.5134,"Base","DC03652"
27,28,"H","FALSE",10,108000,0.016084,190.92,289.67,23.17,17.38,43.2,15,0,51.73,9.0983,"Base","DC03653"
35,36,"H","FALSE",15,51000,0.049371,196.18,269.28,21.54,16.16,20.4,15,0,37.26,12.8348,"Base","DC03654"
31,35,"H","TRUE",15,108000,0.045613,383.23,513.29,41.06,30.8,43.2,15,0,33.94,12.8546,"Base","DC03655"
24,25,"H","FALSE",10,240000,0.013553,357.14,544.35,43.55,32.66,96,15,0,52.42,9.1077,"Base","DC03656"
26,27,"H","FALSE",10,255000,0.015155,424.6,629.77,50.38,37.79,102,15,0,48.32,9.1017,"Base","DC03657"
35,36,"F","FALSE",30,72000,0.115279,379.43,492.12,39.37,29.53,28.8,15,0,29.7,21.8755,"Base","DC03658"
38,39,"H","FALSE",10,376000,0.035391,1474.2,1906.52,152.52,114.39,150.4,15,0,29.33,9.0267,"Base","DC03659"
35,36,"F","FALSE",20,161000,0.049384,486.28,657.76,52.62,39.47,64.4,15,0,35.27,16.3504,"Base","DC03660"
25,26,"F","FALSE",10,135000,0.008251,122.01,222.11,17.77,13.33,54,15,0,82.04,9.1294,"Base","DC03661"
58,59,"F","FALSE",12,367000,0.178206,6547.86,7801.93,624.15,468.12,146.8,15,0,19.15,9.9882,"Base","DC03662"
54,55,"F","FALSE",10,748000,0.095105,8078.56,9759.02,780.72,585.54,299.2,15,0,20.8,8.8059,"Base","DC03663"
45,46,"H","FALSE",25,228000,0.266208,3416.92,4096.65,327.73,245.8,91.2,15,0,19.89,17.7632,"Base","DC03664"
41,42,"F","FALSE",20,47000,0.084844,247.33,326.9,26.15,19.61,18.8,15,0,32.17,16.1225,"Base","DC03665"
47,48,"H","FALSE",10,256000,0.076139,2196.65,2690.76,215.26,161.45,102.4,15,0,22.49,8.8733,"Base","DC03666"
36,39,"F","TRUE",10,97000,0.021568,230.39,330.46,26.44,19.83,38.8,15,0,43.43,9.0807,"Base","DC03667"
28,29,"F","FALSE",10,173000,0.00996,188.87,317.53,25.4,19.05,69.2,15,0,68.12,9.1231,"Base","DC03668"
28,29,"H","FALSE",15,67000,0.029288,151.64,224.93,17.99,13.5,26.8,15,0,48.33,12.9401,"Base","DC03669"
55,56,"H","FALSE",15,229000,0.265771,5238.66,6215.42,497.23,372.93,91.6,15,0,18.65,11.6178,"Base","DC03670"
32,33,"H","FALSE",25,302000,0.093015,1465.13,1861.55,148.92,111.69,120.8,15,0,27.06,19.1727,"Base","DC03671"
57,60,"F","TRUE",10,177000,0.152432,3143.05,3754.48,300.36,225.27,70.8,15,0,19.45,8.5842,"Base","DC03672"
22,23,"H","FALSE",10,537000,0.012238,721.2,1105.82,88.47,66.35,214.8,15,0,53.33,9.1125,"Base","DC03673"
35,36,"H","FALSE",20,44000,0.078715,214.57,287.41,22.99,17.24,17.6,15,0,33.95,16.1413,"Base","DC03674"
49,50,"H","FALSE",20,169000,0.251283,2842.93,3401.78,272.14,204.11,67.6,15,0,19.66,14.9377,"Base","DC03675"
50,51,"H","FALSE",20,114000,0.271944,2097.12,2508.98,200.72,150.54,45.6,15,0,19.64,14.783,"Base","DC03676"
56,60,"H","TRUE",10,646000,0.21791,16934.09,20008.71,1600.7,1200.52,258.4,15,0,18.16,8.3128,"Base","DC03677"
22,23,"H","FALSE",30,144000,0.062275,402.83,552.82,44.23,33.17,57.6,15,0,37.24,22.2615,"Base","DC03678"
29,30,"H","FALSE",15,193000,0.031395,468.65,652.16,52.17,39.13,77.2,15,0,39.16,12.9291,"Base","DC03679"
22,23,"F","FALSE",15,130000,0.011661,116.27,213.1,17.05,12.79,52,15,0,83.29,13.0383,"Base","DC03680"
31,32,"H","FALSE",20,49000,0.057186,172.1,240.35,19.23,14.42,19.6,15,0,39.66,16.282,"Base","DC03681"
57,61,"H","TRUE",5,221000,0.104673,5014.34,5950.86,476.07,357.05,88.4,15,0,18.68,4.6133,"Base","DC03682"
31,35,"H","TRUE",15,108000,0.045613,383.23,513.29,41.06,30.8,43.2,15,0,33.94,12.8546,"Base","DC03684"
31,32,"H","FALSE",20,625000,0.057186,2195.14,2860.62,228.85,171.64,250,15,0,30.32,16.282,"Base","DC03685"
37,38,"H","FALSE",15,85000,0.058045,385.79,505.57,40.45,30.33,34,15,0,31.05,12.789,"Base","DC03686"
60,63,"F","TRUE",10,192000,0.200812,4594.72,5449.45,435.96,326.97,76.8,15,0,18.6,8.3914,"Base","DC03687"
53,57,"H","TRUE",5,137000,0.072545,2126.45,2553.78,204.3,153.23,54.8,15,0,20.1,4.6738,"Base","DC03688"
36,37,"H","FALSE",5,156000,0.013005,424.11,583.16,46.65,34.99,62.4,15,0,37.5,4.7835,"Base","DC03689"
33,37,"H","TRUE",15,547000,0.053504,2284.12,2927.82,234.23,175.67,218.8,15,0,28.18,12.813,"Base","DC03690"
53,54,"F","FALSE",10,131000,0.086463,1281.48,1568.46,125.48,94.11,52.4,15,0,22.39,8.8387,"Base","DC03691"
54,55,"H","FALSE",16,136000,0.268368,2975.44,3540.51,283.24,212.43,54.4,15,0,18.99,12.2664,"Base","DC03692"
26,27,"H","FALSE",10,350000,0.015155,582.79,857.9,68.63,51.47,140,15,0,47.2,9.1017,"Base","DC03694"
35,36,"H","FALSE",10,184000,0.027944,567.86,763.33,61.07,45.8,73.6,15,0,34.42,9.0544,"Base","DC03695"
52,53,"H","FALSE",10,195000,0.118483,2652.46,3192.4,255.39,191.54,78,15,0,20.36,8.7105,"Base","DC03696"
29,30,"F","FALSE",10,245000,0.010659,286.31,464.32,37.15,27.86,98,15,0,62.17,9.1206,"Base","DC03697"
30,31,"F","FALSE",15,260000,0.020112,402.4,606.28,48.5,36.38,104,15,0,50.67,12.9951,"Base","DC03698"
26,27,"H","FALSE",15,395000,0.025642,781.59,1109.99,88.8,66.6,158,15,0,42.02,12.9591,"Base","DC03699"
30,31,"H","FALSE",20,112000,0.052947,363.59,492.32,39.39,29.54,44.8,15,0,35.4,16.3095,"Base","DC03700"
58,59,"F","FALSE",10,157000,0.138839,2523.65,3024.94,242,181.5,62.8,15,0,19.86,8.6374,"Base","DC03701"
60,61,"F","FALSE",10,55000,0.167242,1078.89,1297.54,103.8,77.85,22,15,0,20.27,8.5257,"Base","DC03702"
52,56,"H","TRUE",10,372000,0.154315,6698.55,7979.48,638.36,478.77,148.8,15,0,19.12,8.5698,"Base","DC03703"
60,63,"F","TRUE",10,214000,0.200812,5121.2,6071.86,485.75,364.31,85.6,15,0,18.56,8.3914,"Base","DC03704"
49,50,"F","FALSE",10,23000,0.059065,151.93,204.8,16.38,12.29,9.2,15,0,34.8,8.9418,"Base","DC03705"
47,48,"F","FALSE",15,258000,0.089796,1834.14,2270.16,181.61,136.21,103.2,15,0,23.77,12.6312,"Base","DC03706"
44,45,"F","FALSE",10,289000,0.03693,1182.71,1527.11,122.17,91.63,115.6,15,0,29.12,9.0241,"Base","DC03707"
22,23,"H","FALSE",30,214000,0.062275,598.64,813.08,65.05,48.78,85.6,15,0,35.82,22.2615,"Base","DC03708"
32,33,"F","FALSE",20,313000,0.038089,725.97,1007.18,80.57,60.43,125.2,15,0,38.73,16.422,"Base","DC03709"
27,31,"H","TRUE",15,181000,0.033718,472.47,651.01,52.08,39.06,72.4,15,0,37.79,12.917,"Base","DC03710"
53,54,"H","FALSE",15,126000,0.225744,2399.12,2865.72,229.26,171.94,50.4,15,0,19.45,11.8559,"Base","DC03711"
54,55,"H","FALSE",10,102000,0.141352,1672.41,2009.55,160.76,120.57,40.8,15,0,20.16,8.621,"Base","DC03712"
50,51,"H","FALSE",20,47000,0.271944,864.6,1044.65,83.57,62.68,18.8,15,0,20.82,14.783,"Base","DC03713"
49,53,"H","TRUE",10,175000,0.118483,2380.41,2866.76,229.34,172.01,70,15,0,20.43,8.7105,"Base","DC03714"
32,36,"H","TRUE",30,81000,0.172044,653.51,815.01,65.2,48.9,32.4,15,0,24.71,21.3242,"Base","DC03715"
41,42,"F","FALSE",20,123000,0.084844,647.28,827.3,66.18,49.64,49.2,15,0,27.81,16.1225,"Base","DC03716"
21,22,"F","FALSE",15,70000,0.011015,59.12,118.75,9.5,7.12,28,15,0,100.85,13.0416,"Base","DC03717"
35,36,"F","FALSE",5,553000,0.007136,823.08,1231.73,98.54,73.9,221.2,15,0,49.65,4.7945,"Base","DC03718"
58,59,"F","FALSE",12,63000,0.178206,1124.02,1353.74,108.3,81.22,25.2,15,0,20.44,9.9882,"Base","DC03719"
48,52,"H","TRUE",10,508000,0.108445,6296.43,7575.15,606.01,454.51,203.2,15,0,20.31,8.7494,"Base","DC03720"
25,26,"F","FALSE",10,162000,0.008251,146.42,263.04,21.04,15.78,64.8,15,0,79.65,9.1294,"Base","DC03721"
22,23,"F","FALSE",10,285000,0.007,218.4,403.96,32.32,24.24,114,15,0,84.96,9.1339,"Base","DC03722"
20,24,"H","TRUE",10,97000,0.012863,136.96,221.81,17.74,13.31,38.8,15,0,61.96,9.1102,"Base","DC03723"
57,61,"H","TRUE",13,143000,0.327309,4720.87,5573.34,445.87,334.4,57.2,15,0,18.06,9.9145,"Base","DC03724"
28,29,"H","FALSE",10,101000,0.017108,190,285.35,22.83,17.12,40.4,15,0,50.18,9.0945,"Base","DC03725"
55,56,"H","FALSE",15,41000,0.265771,937.93,1127.12,90.17,67.63,16.4,15,0,20.17,11.6178,"Base","DC03726"
35,36,"H","FALSE",15,327000,0.049371,1257.86,1632.16,130.57,97.93,130.8,15,0,29.76,12.8348,"Base","DC03727"
47,48,"H","FALSE",20,561000,0.213842,7886.42,9448.63,755.89,566.92,224.4,15,0,19.81,15.2117,"Base","DC03728"
29,30,"F","FALSE",15,70000,0.018639,100.34,166.68,13.33,10,28,15,0,66.11,13.0026,"Base","DC03729"
58,62,"H","TRUE",10,183000,0.257598,5786.03,6830.5,546.44,409.83,73.2,15,0,18.05,8.1473,"Base","DC03730"
32,33,"F","FALSE",25,90000,0.058843,272.13,375.74,30.06,22.54,36,15,0,38.07,19.4607,"Base","DC03731"
25,26,"H","FALSE",15,121000,0.02407,224.6,334.89,26.79,20.09,48.4,15,0,49.1,12.9673,"Base","DC03732"
46,50,"H","TRUE",15,115000,0.161173,1515.95,1833.66,146.69,110.02,46,15,0,20.96,12.2266,"Base","DC03733"
21,22,"H","FALSE",10,189000,0.011673,242.04,386.79,30.94,23.21,75.6,15,0,59.8,9.1146,"Base","DC03734"
56,57,"F","FALSE",14,158000,0.185418,2569.22,3078.4,246.27,184.7,63.2,15,0,19.82,11.4027,"Base","DC03735"
24,25,"F","FALSE",5,168000,0.003553,124.34,240.16,19.21,14.41,67.2,15,0,93.15,4.801,"Base","DC03736"
32,33,"F","FALSE",20,134000,0.038089,310.8,441.16,35.29,26.47,53.6,15,0,41.94,16.422,"Base","DC03737"
54,58,"H","TRUE",16,218000,0.338918,6259.02,7396.77,591.74,443.81,87.2,15,0,18.18,11.8044,"Base","DC03738"
41,42,"F","FALSE",20,183000,0.084844,963.03,1222.36,97.79,73.34,73.2,15,0,26.93,16.1225,"Base","DC03740"
37,38,"F","FALSE",25,747000,0.091821,3569.12,4515.02,361.2,270.9,298.8,15,0,26.5,19.2176,"Base","DC03741"
23,27,"H","TRUE",5,135000,0.006883,193.81,305.6,24.45,18.34,54,15,0,57.68,4.7946,"Base","DC03742"
23,24,"H","FALSE",10,116000,0.012863,163.79,261.84,20.95,15.71,46.4,15,0,59.87,9.1102,"Base","DC03743"
60,64,"H","TRUE",10,136000,0.30302,5182.21,6106.52,488.52,366.39,54.4,15,0,17.84,7.9523,"Base","DC03744"
30,31,"F","FALSE",20,73000,0.032237,142.98,217.65,17.41,13.06,29.2,15,0,52.22,16.4589,"Base","DC03745"
39,40,"F","FALSE",15,391000,0.042945,1303.94,1715.51,137.24,102.93,156.4,15,0,31.56,12.8774,"Base","DC03746"
34,35,"F","FALSE",15,149000,0.027774,319.42,458.16,36.65,27.49,59.6,15,0,43.44,12.9557,"Base","DC03747"
32,33,"F","FALSE",25,205000,0.058843,619.86,833.56,66.68,50.01,82,15,0,34.48,19.4607,"Base","DC03748"
30,31,"H","FALSE",15,146000,0.033718,381.11,528.5,42.28,31.71,58.4,15,0,38.67,12.917,"Base","DC03749"
43,44,"H","FALSE",10,117000,0.053748,702,888.14,71.05,53.29,46.8,15,0,26.52,8.958,"Base","DC03750"
28,32,"H","TRUE",10,108000,0.020864,248.14,356.21,28.5,21.37,43.2,15,0,43.55,9.0806,"Base","DC03751"
21,22,"H","FALSE",20,102000,0.028564,176.94,270.63,21.65,16.24,40.8,15,0,52.95,16.4664,"Base","DC03752"
36,37,"F","FALSE",15,613000,0.032945,1561.99,2118.83,169.51,127.13,245.2,15,0,35.65,12.9291,"Base","DC03753"
50,51,"F","FALSE",10,74000,0.064957,538.9,678.48,54.28,40.71,29.6,15,0,25.9,8.9198,"Base","DC03754"
35,36,"F","FALSE",10,284000,0.01677,523.47,758.22,60.66,45.49,113.6,15,0,44.85,9.0982,"Base","DC03755"
40,41,"H","FALSE",25,136000,0.178906,1315.33,1610.15,128.81,96.61,54.4,15,0,22.41,18.4982,"Base","DC03756"
36,37,"F","FALSE",10,54000,0.018208,108.13,168.29,13.46,10.1,21.6,15,0,55.64,9.093,"Base","DC03757"
50,51,"F","FALSE",10,218000,0.064957,1587.56,1964.83,157.19,117.89,87.2,15,0,23.76,8.9198,"Base","DC03758"
30,31,"H","FALSE",15,151000,0.033718,394.16,546,43.68,32.76,60.4,15,0,38.52,12.917,"Base","DC03759"
29,30,"H","FALSE",15,78000,0.031395,189.4,273.96,21.92,16.44,31.2,15,0,44.64,12.9291,"Base","DC03760"
57,58,"H","FALSE",13,152000,0.257846,3807.16,4515.07,361.21,270.9,60.8,15,0,18.59,10.2944,"Base","DC03761"
45,46,"H","FALSE",20,198000,0.181367,2325.36,2813.45,225.08,168.81,79.2,15,0,20.99,15.4431,"Base","DC03762"
48,49,"F","FALSE",20,64000,0.160705,658.57,812.99,65.04,48.78,25.6,15,0,23.45,15.6173,"Base","DC03764"
60,61,"H","FALSE",10,163000,0.237053,4692.99,5550.22,444.02,333.01,65.2,15,0,18.27,8.2335,"Base","DC03765"
37,38,"F","FALSE",10,98000,0.019802,213.56,311.35,24.91,18.68,39.2,15,0,45.79,9.0871,"Base","DC03766"
42,43,"H","FALSE",5,92000,0.020898,403.14,529,42.32,31.74,36.8,15,0,31.22,4.7692,"Base","DC03767"
58,59,"F","FALSE",5,147000,0.058225,1820.58,2202.76,176.22,132.17,58.8,15,0,20.99,4.7013,"Base","DC03768"
43,46,"F","TRUE",20,331000,0.122397,2551.93,3138.76,251.1,188.33,132.4,15,0,23,15.8756,"Base","DC03769"
38,39,"F","FALSE",15,86000,0.039272,261.89,361.96,28.96,21.72,34.4,15,0,38.21,12.8964,"Base","DC03770"
25,26,"F","FALSE",10,124000,0.008251,112.07,205.43,16.43,12.33,49.6,15,0,83.3,9.1294,"Base","DC03771"
34,35,"F","FALSE",15,212000,0.027774,454.47,644.51,51.56,38.67,84.8,15,0,41.81,12.9557,"Base","DC03772"
32,33,"H","FALSE",15,73000,0.039095,221.43,308.87,24.71,18.53,29.2,15,0,39.49,12.8888,"Base","DC03773"
44,47,"F","TRUE",20,91000,0.134087,772.4,957.9,76.63,57.47,36.4,15,0,24.02,15.7975,"Base","DC03774"
43,44,"F","FALSE",15,228000,0.06188,1104.07,1407.3,112.58,84.44,91.2,15,0,27.46,12.7787,"Base","DC03775"
34,35,"H","FALSE",30,90000,0.158811,666.6,834.41,66.75,50.06,36,15,0,25.18,21.4418,"Base","DC03776"
30,33,"F","TRUE",15,186000,0.023553,337.58,496.49,39.72,29.79,74.4,15,0,47.07,12.9774,"Base","DC03777"
48,49,"F","FALSE",10,92000,0.053721,551.5,701.51,56.12,42.09,36.8,15,0,27.2,8.9618,"Base","DC03778"
28,29,"H","FALSE",10,297000,0.017108,558.71,805.24,64.42,48.31,118.8,15,0,44.13,9.0945,"Base","DC03779"
46,49,"F","TRUE",20,216000,0.160705,2222.67,2702.41,216.19,162.14,86.4,15,0,21.58,15.6173,"Base","DC03780"
59,60,"F","FALSE",10,308000,0.152432,5469.26,6520.3,521.62,391.22,123.2,15,0,19.22,8.5842,"Base","DC03781"
21,25,"H","TRUE",20,134000,0.034482,281.25,406.81,32.54,24.41,53.6,15,0,44.64,16.4285,"Base","DC03782"
30,31,"H","FALSE",30,334000,0.115203,1763.43,2223.29,177.86,133.4,133.6,15,0,26.08,21.8199,"Base","DC03783"
45,46,"F","FALSE",25,135000,0.187602,1370.65,1674.01,133.92,100.44,54,15,0,22.13,18.4776,"Base","DC03784"
30,31,"H","FALSE",10,242000,0.019487,519.04,733.54,58.68,44.01,96.8,15,0,41.33,9.0857,"Base","DC03785"
37,38,"H","FALSE",15,151000,0.058045,685.35,884.59,70.77,53.08,60.4,15,0,29.07,12.789,"Base","DC03786"
45,46,"F","FALSE",10,342000,0.040523,1538.03,1964.91,157.19,117.89,136.8,15,0,27.76,9.0108,"Base","DC03787"
47,48,"H","FALSE",10,376000,0.076139,3226.33,3943.88,315.51,236.63,150.4,15,0,22.24,8.8733,"Base","DC03788"
52,53,"F","FALSE",15,113000,0.142952,1308.62,1591.65,127.33,95.5,45.2,15,0,21.63,12.3439,"Base","DC03789"
27,28,"F","FALSE",25,77000,0.038512,151.24,229.11,18.33,13.75,30.8,15,0,51.49,19.6079,"Base","DC03790"
37,38,"H","FALSE",10,90000,0.032665,325.31,437.57,35.01,26.25,36,15,0,34.51,9.0369,"Base","DC03792"
40,41,"F","FALSE",10,47000,0.025691,133.19,194.18,15.53,11.65,18.8,15,0,45.79,9.0655,"Base","DC03793"
22,23,"H","FALSE",25,397000,0.043869,891.28,1238.46,99.08,74.31,158.8,15,0,38.95,19.5407,"Base","DC03794"
60,61,"F","FALSE",10,111000,0.167242,2177.39,2600.92,208.07,156.06,44.4,15,0,19.45,8.5257,"Base","DC03795"
38,39,"F","FALSE",10,66000,0.021568,156.76,230.42,18.43,13.83,26.4,15,0,46.99,9.0807,"Base","DC03796"
32,33,"F","FALSE",25,48000,0.058843,145.14,208.53,16.68,12.51,19.2,15,0,43.68,19.4607,"Base","DC03797"
59,60,"H","FALSE",10,210000,0.21791,5504.89,6516.15,521.29,390.97,84,15,0,18.37,8.3128,"Base","DC03798"
48,49,"H","FALSE",20,67000,0.231924,1030.41,1246.75,99.74,74.81,26.8,15,0,21,15.0803,"Base","DC03799"
44,45,"F","FALSE",20,172000,0.111695,1204.74,1498.31,119.86,89.9,68.8,15,0,24.37,15.9466,"Base","DC03800"
47,51,"H","TRUE",15,74000,0.175505,1069.3,1295.24,103.62,77.71,29.6,15,0,21.13,12.1457,"Base","DC03801"
22,23,"H","FALSE",10,98000,0.012238,131.62,216.07,17.29,12.96,39.2,15,0,64.16,9.1125,"Base","DC03802"
22,25,"F","TRUE",20,173000,0.020371,213.16,345.77,27.66,20.75,69.2,15,0,62.21,16.5333,"Base","DC03803"
28,32,"H","TRUE",25,525000,0.08584,2343.86,2987.05,238.96,179.22,210,15,0,27.44,19.2272,"Base","DC03804"
36,40,"H","TRUE",15,146000,0.068512,785.56,998.79,79.9,59.93,58.4,15,0,27.14,12.7334,"Base","DC03805"
43,47,"H","TRUE",10,190000,0.069738,1489.18,1837.42,146.99,110.25,76,15,0,23.38,8.8976,"Base","DC03806"
24,25,"F","FALSE",10,107000,0.00779,91.28,173.35,13.87,10.4,42.8,15,0,89.91,9.1311,"Base","DC03807"
30,31,"H","FALSE",5,25000,0.008641,45.08,81.49,6.52,4.89,10,15,0,80.76,4.7915,"Base","DC03808"
33,34,"H","FALSE",20,250000,0.066956,1032.1,1333.84,106.71,80.03,100,15,0,29.24,16.2184,"Base","DC03809"
31,32,"H","FALSE",15,290000,0.036276,815.29,1100.34,88.03,66.02,116,15,0,34.96,12.9036,"Base","DC03810"
39,40,"H","FALSE",10,290000,0.038395,1235.04,1588.42,127.07,95.31,116,15,0,28.61,9.0155,"Base","DC03811"
40,44,"H","TRUE",20,92000,0.153487,903.01,1110.25,88.82,66.61,36.8,15,0,22.95,15.6375,"Base","DC03812"
34,35,"H","FALSE",30,70000,0.158811,518.46,652.86,52.23,39.17,28,15,0,25.92,21.4418,"Base","DC03813"
45,46,"F","FALSE",5,2e+05,0.016722,700.09,924.52,73.96,55.47,80,15,0,32.06,4.7772,"Base","DC03814"
46,47,"H","FALSE",10,39000,0.069738,305.67,391.02,31.28,23.46,15.6,15,0,27.92,8.8976,"Base","DC03815"
48,49,"F","FALSE",10,41000,0.053721,245.78,322.3,25.78,19.34,16.4,15,0,31.13,8.9618,"Base","DC03816"
49,50,"F","FALSE",21,95000,0.19171,1135.87,1382.41,110.59,82.94,38,15,0,21.7,16.0339,"Base","DC03817"
60,63,"F","TRUE",5,153000,0.08609,2832.98,3382.77,270.62,202.97,61.2,15,0,19.41,4.6494,"Base","DC03818"
44,45,"H","FALSE",20,45000,0.16688,483.1,600.12,48.01,36.01,18,15,0,24.22,15.5445,"Base","DC03819"
44,47,"F","TRUE",10,105000,0.044493,519.31,670.13,53.61,40.21,42,15,0,29.04,8.9961,"Base","DC03820"
22,23,"F","FALSE",20,76000,0.01778,81.65,147.73,11.82,8.86,30.4,15,0,80.94,16.5495,"Base","DC03821"
26,27,"F","FALSE",10,144000,0.008763,138.25,245.17,19.61,14.71,57.6,15,0,77.34,9.1275,"Base","DC03822"
50,53,"F","TRUE",15,42000,0.142952,486.39,602.55,48.2,36.15,16.8,15,0,23.88,12.3439,"Base","DC03823"
33,37,"H","TRUE",20,357000,0.085452,1895.18,2387.19,190.97,143.23,142.8,15,0,25.96,16.0969,"Base","DC03824"
58,59,"H","FALSE",10,115000,0.200123,2744.45,3262.15,260.97,195.73,46,15,0,18.86,8.3857,"Base","DC03825"
42,43,"F","FALSE",20,264000,0.092983,1527.59,1916.5,153.32,114.99,105.6,15,0,25.46,16.0695,"Base","DC03826"
32,33,"H","FALSE",15,145000,0.039095,439.82,596.3,47.7,35.78,58,15,0,35.58,12.8888,"Base","DC03827"
56,57,"F","FALSE",10,31000,0.114995,408.36,506.69,40.54,30.4,12.4,15,0,24.08,8.7297,"Base","DC03828"
44,48,"H","TRUE",15,111000,0.135767,1218.45,1485.87,118.87,89.15,44.4,15,0,21.95,12.3683,"Base","DC03829"
28,32,"H","TRUE",10,409000,0.020864,939.73,1300.39,104.03,78.02,163.6,15,0,38.38,9.0806,"Base","DC03830"
30,31,"H","FALSE",30,258000,0.115203,1362.17,1721.36,137.71,103.28,103.2,15,0,26.37,21.8199,"Base","DC03831"
32,33,"F","FALSE",15,167000,0.023553,303.1,447.55,35.8,26.85,66.8,15,0,47.66,12.9774,"Base","DC03832"
24,28,"H","TRUE",20,244000,0.042396,631.63,865.38,69.23,51.92,97.6,15,0,37.01,16.3777,"Base","DC03833"
31,32,"H","FALSE",15,26000,0.036276,73.1,114.53,9.16,6.87,10.4,15,0,56.69,12.9036,"Base","DC03834"
43,44,"H","FALSE",15,145000,0.096223,1108.68,1374.04,109.92,82.44,58,15,0,23.94,12.5847,"Base","DC03835"
57,61,"H","TRUE",13,573000,0.327309,18916.51,22279.89,1782.39,1336.79,229.2,15,0,17.78,9.9145,"Base","DC03836"
33,34,"H","FALSE",15,95000,0.042198,311.42,423.75,33.9,25.42,38,15,0,36.07,12.8725,"Base","DC03837"
43,44,"H","FALSE",20,240000,0.153487,2355.69,2868.24,229.46,172.09,96,15,0,21.76,15.6375,"Base","DC03838"
36,37,"F","FALSE",30,91000,0.125947,526.07,671.48,53.72,40.29,36.4,15,0,27.64,21.7863,"Base","DC03839"
24,25,"H","FALSE",25,280000,0.050402,724.01,989.55,79.16,59.37,112,15,0,36.68,19.4924,"Base","DC03840"
55,56,"H","FALSE",10,118000,0.154315,2124.81,2543.03,203.44,152.58,47.2,15,0,19.68,8.5698,"Base","DC03841"
55,59,"H","TRUE",15,144000,0.33616,4329.35,5118.54,409.48,307.11,57.6,15,0,18.23,11.1811,"Base","DC03842"
48,49,"H","FALSE",15,97000,0.147948,1166.68,1419.16,113.53,85.15,38.8,15,0,21.64,12.3006,"Base","DC03843"
54,58,"H","TRUE",16,339000,0.338918,9733.07,11492.63,919.41,689.56,135.6,15,0,18.08,11.8044,"Base","DC03845"
32,33,"F","FALSE",20,288000,0.038089,667.99,928.13,74.25,55.69,115.2,15,0,38.94,16.422,"Base","DC03846"
35,36,"H","FALSE",20,37000,0.078715,180.44,244.46,19.56,14.67,14.8,15,0,35.48,16.1413,"Base","DC03847"
50,51,"H","FALSE",20,139000,0.271944,2557.01,3055.36,244.43,183.32,55.6,15,0,19.49,14.783,"Base","DC03848"
47,48,"H","FALSE",23,52000,0.269491,844.55,1023.67,81.89,61.42,20.8,15,0,21.21,16.5929,"Base","DC03849"
50,51,"H","FALSE",10,208000,0.099252,2349.99,2846.73,227.74,170.8,83.2,15,0,21.14,8.7849,"Base","DC03850"
30,31,"H","FALSE",10,213000,0.019487,456.84,647.72,51.82,38.86,85.2,15,0,41.78,9.0857,"Base","DC03851"
39,40,"H","FALSE",5,226000,0.016373,774.54,1023.18,81.85,61.39,90.4,15,0,32.1,4.7774,"Base","DC03852"
34,35,"H","FALSE",10,151000,0.025906,431.68,589.63,47.17,35.38,60.4,15,0,36.59,9.062,"Base","DC03853"
60,64,"H","TRUE",5,298000,0.137471,9002.69,10624.29,849.94,637.46,119.2,15,0,18.01,4.5504,"Base","DC03854"
33,37,"H","TRUE",10,16000,0.03019,53.4,86.97,6.96,5.22,6.4,15,0,62.88,9.0461,"Base","DC03855"
23,26,"F","TRUE",10,120000,0.008251,108.46,199.37,15.95,11.96,48,15,0,83.82,9.1294,"Base","DC03856"
20,21,"H","FALSE",10,119000,0.01116,145.68,242.18,19.37,14.53,47.6,15,0,66.25,9.1165,"Base","DC03857"
44,45,"H","FALSE",10,275000,0.058587,1802.21,2240.95,179.28,134.46,110,15,0,24.34,8.9398,"Base","DC03858"
56,57,"H","FALSE",10,196000,0.168387,3876.54,4616.21,369.3,276.97,78.4,15,0,19.08,8.5138,"Base","DC03859"
41,42,"H","FALSE",10,396000,0.045341,1997.33,2524.1,201.93,151.45,158.4,15,0,26.37,8.9895,"Base","DC03860"
43,44,"F","FALSE",20,75000,0.101913,477.39,607.42,48.59,36.45,30,15,0,27.24,16.0111,"Base","DC03861"
52,53,"F","FALSE",18,67000,0.191779,910.89,1107.77,88.62,66.47,26.8,15,0,21.62,14.1063,"Base","DC03862"
37,38,"H","FALSE",20,111000,0.092825,642.05,815.64,65.25,48.94,44.4,15,0,27.04,16.048,"Base","DC03863"
42,43,"H","FALSE",15,249000,0.088326,1741.72,2158.51,172.68,129.51,99.6,15,0,23.93,12.6273,"Base","DC03864"
54,55,"H","FALSE",10,322000,0.141352,5279.57,6306.24,504.5,378.37,128.8,15,0,19.45,8.621,"Base","DC03865"
52,53,"H","FALSE",18,244000,0.271351,4889.99,5816.97,465.36,349.02,97.6,15,0,18.96,13.5398,"Base","DC03866"
55,59,"H","TRUE",15,145000,0.33616,4359.41,5153.97,412.32,309.24,58,15,0,18.23,11.1811,"Base","DC03867"
31,34,"F","TRUE",10,97000,0.014301,152.32,239.67,19.17,14.38,38.8,15,0,57.35,9.1073,"Base","DC03868"
34,35,"F","FALSE",25,360000,0.070194,1304.06,1701.24,136.1,102.07,144,15,0,30.46,19.3777,"Base","DC03869"
40,41,"F","FALSE",20,179000,0.077433,857.14,1097.37,87.79,65.84,71.6,15,0,28.03,16.1706,"Base","DC03870"
54,55,"F","FALSE",10,198000,0.095105,2138.44,2596.09,207.69,155.77,79.2,15,0,21.4,8.8059,"Base","DC03871"
41,45,"H","TRUE",29,173000,0.320647,2861.01,3424.67,273.97,205.48,69.2,15,0,19.7,19.3889,"Base","DC03872"
56,60,"H","TRUE",14,126000,0.332341,3968.68,4690.79,375.26,281.45,50.4,15,0,18.2,10.5514,"Base","DC03873"
52,53,"H","FALSE",10,169000,0.118483,2298.8,2769.07,221.53,166.14,67.6,15,0,20.46,8.7105,"Base","DC03874"
46,47,"F","FALSE",10,591000,0.044493,2922.99,3691.16,295.29,221.47,236.4,15,0,26.28,8.9961,"Base","DC03875"
59,60,"F","FALSE",11,67000,0.173255,1253.11,1505.71,120.46,90.34,26.8,15,0,20.16,9.2634,"Base","DC03876"
58,59,"F","FALSE",12,1e+05,0.178206,1784.16,2138.56,171.08,128.31,40,15,0,19.86,9.9882,"Base","DC03877"
40,41,"F","FALSE",5,83000,0.010718,185.79,272.08,21.77,16.32,33.2,15,0,46.45,4.788,"Base","DC03878"
29,30,"H","FALSE",30,233000,0.106377,1132.04,1442.14,115.37,86.53,93.2,15,0,27.39,21.8948,"Base","DC03879"
33,34,"F","FALSE",10,68000,0.014301,106.78,173.23,13.86,10.39,27.2,15,0,62.23,9.1073,"Base","DC03880"
20,23,"F","TRUE",20,289000,0.01778,310.48,512.88,41.03,30.77,115.6,15,0,65.19,16.5495,"Base","DC03882"
29,30,"H","FALSE",15,178000,0.031395,432.23,602.83,48.23,36.17,71.2,15,0,39.47,12.9291,"Base","DC03883"
45,46,"H","FALSE",20,147000,0.181367,1726.41,2093.26,167.46,125.6,58.8,15,0,21.25,15.4431,"Base","DC03884"
21,22,"H","FALSE",10,496000,0.011673,635.2,986.75,78.94,59.2,198.4,15,0,55.34,9.1146,"Base","DC03885"
35,36,"F","FALSE",15,38000,0.030228,88.75,138.31,11.06,8.3,15.2,15,0,55.85,12.9431,"Base","DC03886"
32,33,"H","FALSE",5,141000,0.009818,289.06,419.14,33.53,25.15,56.4,15,0,45,4.7893,"Base","DC03887"
32,33,"F","FALSE",25,74000,0.058843,223.75,312.04,24.96,18.72,29.6,15,0,39.46,19.4607,"Base","DC03888"
20,24,"H","TRUE",10,282000,0.012863,398.17,611.59,48.93,36.7,112.8,15,0,53.6,9.1102,"Base","DC03889"
36,37,"H","FALSE",20,135000,0.085452,716.66,913.56,73.09,54.81,54,15,0,27.47,16.0969,"Base","DC03890"
49,50,"F","FALSE",21,199000,0.19171,2379.35,2876.68,230.13,172.6,79.6,15,0,20.9,16.0339,"Base","DC03891"
50,51,"H","FALSE",15,134000,0.175505,1936.31,2331.29,186.5,139.88,53.6,15,0,20.4,12.1457,"Base","DC03892"
42,43,"H","FALSE",25,282000,0.210274,3250.88,3928.69,314.3,235.72,112.8,15,0,20.85,18.2404,"Base","DC03893"
30,34,"H","TRUE",15,150000,0.042198,491.72,658.98,52.72,39.54,60,15,0,34.01,12.8725,"Base","DC03894"
36,37,"F","FALSE",20,33000,0.053958,109.1,159.65,12.77,9.58,13.2,15,0,46.34,16.3213,"Base","DC03895"
45,46,"H","FALSE",10,124000,0.063902,888.36,1108.09,88.65,66.49,49.6,15,0,24.73,8.9197,"Base","DC03896"
44,45,"H","FALSE",25,47000,0.246346,645.55,789.95,63.2,47.4,18.8,15,0,22.37,17.9354,"Base","DC03897"
48,49,"H","FALSE",20,73000,0.231924,1122.68,1356.84,108.55,81.41,29.2,15,0,20.86,15.0803,"Base","DC03898"
27,28,"H","FALSE",10,84000,0.016084,148.49,229.18,18.33,13.75,33.6,15,0,54.34,9.0983,"Base","DC03899"
52,56,"H","TRUE",15,117000,0.265771,2676.52,3184.1,254.73,191.05,46.8,15,0,18.96,11.6178,"Base","DC03900"
54,57,"F","TRUE",16,158000,0.226471,2850.5,3405.46,272.44,204.33,63.2,15,0,19.47,12.5531,"Base","DC03901"
20,21,"H","FALSE",15,129000,0.01816,180.23,287.01,22.96,17.22,51.6,15,0,59.25,12.998,"Base","DC03902"
28,29,"H","FALSE",25,67000,0.067824,234.69,321.5,25.72,19.29,26.8,15,0,36.99,19.3628,"Base","DC03903"
52,53,"F","FALSE",18,363000,0.191779,4935.09,5924.76,473.98,355.49,145.2,15,0,20.05,14.1063,"Base","DC03904"
21,22,"F","FALSE",25,107000,0.024367,132.29,221.03,17.68,13.26,42.8,15,0,67.08,19.7091,"Base","DC03905"
43,47,"H","TRUE",15,159000,0.124567,1593.41,1944.19,155.54,116.65,63.6,15,0,22.01,12.4301,"Base","DC03906"
55,56,"H","FALSE",15,148000,0.265771,3385.69,4023.12,321.85,241.39,59.2,15,0,18.83,11.6178,"Base","DC03907"
36,39,"F","TRUE",10,215000,0.021568,510.67,711.24,56.9,42.67,86,15,0,39.28,9.0807,"Base","DC03908"
41,42,"H","FALSE",10,45000,0.045341,226.97,302.29,24.18,18.14,18,15,0,33.19,8.9895,"Base","DC03909"
33,34,"F","FALSE",5,348000,0.006149,446.14,698.07,55.85,41.88,139.2,15,0,56.47,4.7963,"Base","DC03910"
35,36,"F","FALSE",15,108000,0.030228,252.23,360.97,28.88,21.66,43.2,15,0,43.11,12.9431,"Base","DC03911"
34,38,"H","TRUE",10,201000,0.032665,726.53,955.74,76.46,57.34,80.4,15,0,31.55,9.0369,"Base","DC03912"
31,32,"H","FALSE",15,97000,0.036276,272.7,379.65,30.37,22.78,38.8,15,0,39.22,12.9036,"Base","DC03913"
25,26,"F","FALSE",10,206000,0.008251,186.18,329.75,26.38,19.78,82.4,15,0,77.11,9.1294,"Base","DC03914"
52,53,"H","FALSE",18,170000,0.271351,3406.96,4058.1,324.65,243.49,68,15,0,19.11,13.5398,"Base","DC03915"
57,58,"H","FALSE",13,134000,0.257846,3356.31,3982.45,318.6,238.95,53.6,15,0,18.66,10.2944,"Base","DC03916"
38,39,"H","FALSE",10,141000,0.035391,552.83,725.84,58.07,43.55,56.4,15,0,31.3,9.0267,"Base","DC03917"
50,51,"F","FALSE",10,88000,0.064957,640.85,803.54,64.28,48.21,35.2,15,0,25.39,8.9198,"Base","DC03918"
24,25,"H","FALSE",15,89000,0.022645,155.33,239.46,19.16,14.37,35.6,15,0,54.16,12.9747,"Base","DC03919"
52,53,"F","FALSE",18,164000,0.191779,2229.63,2686.31,214.91,161.18,65.6,15,0,20.48,14.1063,"Base","DC03920"
29,30,"F","FALSE",20,159000,0.029725,286.88,424.98,34,25.5,63.6,15,0,48.14,16.4747,"Base","DC03921"
35,39,"H","TRUE",20,111000,0.100886,700.15,883.19,70.66,52.99,44.4,15,0,26.14,15.9944,"Base","DC03922"
39,40,"H","FALSE",10,118000,0.038395,502.53,656.67,52.53,39.4,47.2,15,0,30.67,9.0155,"Base","DC03923"
28,32,"H","TRUE",15,53000,0.036276,149,215.35,17.23,12.92,21.2,15,0,44.53,12.9036,"Base","DC03924"
57,58,"F","FALSE",10,137000,0.126385,1993.47,2399.15,191.93,143.95,54.8,15,0,20.35,8.6858,"Base","DC03925"
57,58,"F","FALSE",13,528000,0.182223,8991.01,10717.69,857.41,643.06,211.2,15,0,19.2,10.7011,"Base","DC03926"
32,36,"H","TRUE",25,489000,0.118745,3060.12,3803.17,304.25,228.19,195.6,15,0,24.28,18.9751,"Base","DC03927"
56,57,"F","FALSE",14,618000,0.185418,10049.24,11990.04,959.2,719.4,247.2,15,0,19.31,11.4027,"Base","DC03928"
30,31,"F","FALSE",20,243000,0.032237,475.95,683.9,54.71,41.03,97.2,15,0,43.69,16.4589,"Base","DC03929"
37,38,"F","FALSE",10,528000,0.019802,1150.59,1600.92,128.07,96.06,211.2,15,0,39.14,9.0871,"Base","DC03930"
34,35,"H","FALSE",25,132000,0.109415,758.26,960.54,76.84,57.63,52.8,15,0,26.68,19.0472,"Base","DC03931"
47,48,"F","FALSE",10,173000,0.048879,941.68,1192.88,95.43,71.57,69.2,15,0,26.68,8.9798,"Base","DC03932"
39,40,"F","FALSE",15,98000,0.042945,326.82,443.05,35.44,26.58,39.2,15,0,35.56,12.8774,"Base","DC03933"
34,35,"F","FALSE",10,262000,0.015472,445.31,657.1,52.57,39.43,104.8,15,0,47.56,9.103,"Base","DC03934"
58,59,"H","FALSE",5,66000,0.087158,1238.03,1487.71,119.02,89.26,26.4,15,0,20.17,4.6464,"Base","DC03935"
21,22,"H","FALSE",15,439000,0.019121,646.06,972.86,77.83,58.37,175.6,15,0,50.58,12.993,"Base","DC03936"
44,45,"F","FALSE",20,233000,0.111695,1632.01,2023.5,161.88,121.41,93.2,15,0,23.99,15.9466,"Base","DC03937"
44,45,"H","FALSE",20,178000,0.16688,1910.94,2322.25,185.78,139.34,71.2,15,0,21.52,15.5445,"Base","DC03938"
52,53,"F","FALSE",18,288000,0.191779,3915.45,4704.24,376.34,282.25,115.2,15,0,20.15,14.1063,"Base","DC03939"
27,31,"H","TRUE",20,80000,0.052947,259.71,356.64,28.53,21.4,32,15,0,37.32,16.3095,"Base","DC03940"
51,52,"F","FALSE",15,192000,0.130339,2016.05,2450.98,196.08,147.06,76.8,15,0,21.57,12.4129,"Base","DC03941"
52,56,"H","TRUE",15,72000,0.265771,1647.09,1966.15,157.29,117.97,28.8,15,0,19.37,11.6178,"Base","DC03942"
36,37,"F","FALSE",10,125000,0.018208,250.31,366.64,29.33,22,50,15,0,46.47,9.093,"Base","DC03943"
25,26,"H","FALSE",10,219000,0.014315,344.31,519.66,41.57,31.18,87.6,15,0,50.93,9.1048,"Base","DC03945"
41,42,"H","FALSE",10,232000,0.045341,1170.15,1485.99,118.88,89.16,92.8,15,0,26.99,8.9895,"Base","DC03946"
23,24,"F","FALSE",5,272000,0.003388,191.93,367.13,29.37,22.03,108.8,15,0,91.28,4.8013,"Base","DC03947"
38,39,"H","FALSE",25,57000,0.151917,462.7,581.97,46.56,34.92,22.8,15,0,25.78,18.7149,"Base","DC03948"
20,24,"H","TRUE",15,160000,0.021353,263.18,397.89,31.83,23.87,64,15,0,51.18,12.9814,"Base","DC03949"
24,28,"H","TRUE",10,250000,0.016084,441.94,647.61,51.81,38.86,100,15,0,46.54,9.0983,"Base","DC03950"
24,28,"H","TRUE",10,560000,0.016084,989.95,1429.01,114.32,85.74,224,15,0,44.35,9.0983,"Base","DC03951"
49,50,"H","FALSE",20,54000,0.251283,908.39,1098.83,87.91,65.93,21.6,15,0,20.96,14.9377,"Base","DC03952"
48,49,"F","FALSE",5,303000,0.022119,1405.82,1793.05,143.44,107.58,121.2,15,0,27.54,4.7674,"Base","DC03953"
44,48,"H","TRUE",10,36000,0.076139,308.9,393.38,31.47,23.6,14.4,15,0,27.35,8.8733,"Base","DC03954"
60,61,"F","FALSE",10,64000,0.167242,1255.43,1507.01,120.56,90.42,25.6,15,0,20.04,8.5257,"Base","DC03955"
44,45,"F","FALSE",26,755000,0.186079,7368.47,8936.59,714.93,536.2,302,15,0,21.28,19.0663,"Base","DC03956"
50,51,"F","FALSE",10,319000,0.064957,2323.08,2867.07,229.37,172.02,127.6,15,0,23.42,8.9198,"Base","DC03957"
45,46,"H","FALSE",10,119000,0.063902,852.54,1064.11,85.13,63.85,47.6,15,0,24.82,8.9197,"Base","DC03958"
59,60,"F","FALSE",10,95000,0.152432,1686.95,2023.19,161.86,121.39,38,15,0,19.93,8.5842,"Base","DC03959"
59,63,"H","TRUE",5,252000,0.12558,6919.66,8180.77,654.46,490.85,100.8,15,0,18.22,4.5734,"Base","DC03960"
33,34,"H","FALSE",10,220000,0.024059,583.64,798.41,63.87,47.9,88,15,0,36.8,9.0688,"Base","DC03961"
42,46,"H","TRUE",15,270000,0.114284,2471.22,3016.53,241.32,180.99,108,15,0,22.07,12.4865,"Base","DC03962"
60,61,"H","FALSE",10,440000,0.237053,12668.18,14952.54,1196.2,897.15,176,15,0,18.03,8.2335,"Base","DC03963"
51,52,"H","FALSE",19,323000,0.27191,6200.23,7377.25,590.18,442.63,129.2,15,0,18.98,14.1651,"Base","DC03964"
53,57,"H","TRUE",17,69000,0.340747,1892.79,2250.45,180.04,135.03,27.6,15,0,18.9,12.4216,"Base","DC03965"
35,36,"F","FALSE",20,182000,0.049384,549.7,741.28,59.3,44.48,72.8,15,0,34.85,16.3504,"Base","DC03966"
36,37,"F","FALSE",15,146000,0.032945,372.02,517.94,41.43,31.08,58.4,15,0,39.22,12.9291,"Base","DC03967"
41,42,"F","FALSE",20,327000,0.084844,1720.82,2170.48,173.64,130.23,130.8,15,0,26.13,16.1225,"Base","DC03969"
59,60,"H","FALSE",10,97000,0.21791,2542.74,3019.23,241.54,181.15,38.8,15,0,18.74,8.3128,"Base","DC03970"
21,22,"F","FALSE",15,136000,0.011015,114.87,214.27,17.14,12.86,54.4,15,0,86.53,13.0416,"Base","DC03971"
24,25,"H","FALSE",10,281000,0.013553,418.15,634.36,50.75,38.06,112.4,15,0,51.71,9.1077,"Base","DC03973"
43,44,"F","FALSE",20,128000,0.101913,814.74,1024.35,81.95,61.46,51.2,15,0,25.73,16.0111,"Base","DC03974"
50,54,"H","TRUE",5,61000,0.055119,714.43,876.54,70.12,52.59,24.4,15,0,22.69,4.7063,"Base","DC03975"
51,55,"H","TRUE",10,475000,0.141352,7788.19,9294.4,743.55,557.66,190,15,0,19.34,8.621,"Base","DC03976"
56,57,"F","FALSE",10,157000,0.114995,2068.13,2495.27,199.62,149.72,62.8,15,0,20.65,8.7297,"Base","DC03978"
44,45,"H","FALSE",10,148000,0.058587,969.92,1214.09,97.13,72.85,59.2,15,0,25.17,8.9398,"Base","DC03979"
59,60,"F","FALSE",11,163000,0.173255,3048.62,3638.16,291.05,218.29,65.2,15,0,19.34,9.2634,"Base","DC03980"
43,47,"H","TRUE",25,79000,0.287293,1291.26,1555.65,124.45,93.34,31.6,15,0,20.48,17.5768,"Base","DC03981"
37,38,"F","FALSE",20,172000,0.059004,623.04,821.9,65.75,49.31,68.8,15,0,31.92,16.2891,"Base","DC03982"
40,44,"H","TRUE",15,73000,0.096223,558.16,700.42,56.03,42.03,29.2,15,0,25.49,12.5847,"Base","DC03983"
25,26,"H","FALSE",15,119000,0.02407,220.89,329.64,26.37,19.78,47.6,15,0,49.23,12.9673,"Base","DC03984"
38,42,"H","TRUE",10,295000,0.045341,1487.91,1884.78,150.78,113.09,118,15,0,26.67,8.9895,"Base","DC03985"
43,47,"H","TRUE",10,98000,0.069738,768.1,956.17,76.49,57.37,39.2,15,0,24.48,8.8976,"Base","DC03986"
31,32,"H","FALSE",30,104000,0.124808,597.12,760.14,60.81,45.61,41.6,15,0,27.3,21.7378,"Base","DC03987"
36,39,"F","TRUE",10,406000,0.021568,964.33,1327.59,106.21,79.66,162.4,15,0,37.67,9.0807,"Base","DC03988"
23,24,"H","FALSE",15,58000,0.021353,95.4,155.35,12.43,9.32,23.2,15,0,62.84,12.9814,"Base","DC03989"
26,27,"H","FALSE",10,122000,0.015155,203.14,310.4,24.83,18.62,48.8,15,0,52.8,9.1017,"Base","DC03990"
27,28,"H","FALSE",10,149000,0.016084,263.4,393.02,31.44,23.58,59.6,15,0,49.21,9.0983,"Base","DC03991"
52,53,"H","FALSE",15,297000,0.207736,5158.27,6153.57,492.29,369.21,118.8,15,0,19.3,11.9609,"Base","DC03992"
41,42,"H","FALSE",15,77000,0.08111,493.09,626.61,50.13,37.6,30.8,15,0,27.08,12.6661,"Base","DC03993"
38,39,"F","FALSE",15,254000,0.039272,773.48,1034.98,82.8,62.1,101.6,15,0,33.81,12.8964,"Base","DC03994"
56,57,"F","FALSE",14,96000,0.185418,1561.05,1877.26,150.18,112.64,38.4,15,0,20.26,11.4027,"Base","DC03995"
24,25,"F","FALSE",20,138000,0.020371,170.03,279.34,22.35,16.76,55.2,15,0,64.29,16.5333,"Base","DC03996"
53,54,"F","FALSE",17,92000,0.190999,1306.94,1579.93,126.39,94.8,36.8,15,0,20.89,13.4451,"Base","DC03997"
23,24,"F","FALSE",10,167000,0.007374,134.85,251.91,20.15,15.11,66.8,15,0,86.82,9.1326,"Base","DC03998"
29,30,"H","FALSE",20,307000,0.04909,922.63,1233.06,98.64,73.98,122.8,15,0,33.65,16.3345,"Base","DC03999"
40,41,"H","FALSE",10,64000,0.041702,296.44,391.91,31.35,23.51,25.6,15,0,32.2,9.0031,"Base","DC04000"
42,46,"H","TRUE",15,227000,0.114284,2077.65,2538.9,203.11,152.33,90.8,15,0,22.2,12.4865,"Base","DC04001"
30,31,"H","FALSE",20,513000,0.052947,1665.39,2192.55,175.4,131.55,205.2,15,0,31.65,16.3095,"Base","DC04002"
38,41,"F","TRUE",10,243000,0.025691,688.64,931.21,74.5,55.87,97.2,15,0,35.22,9.0655,"Base","DC04003"
32,33,"F","FALSE",5,52000,0.005727,62.08,113.82,9.11,6.83,20.8,15,0,83.33,4.797,"Base","DC04004"
56,57,"F","FALSE",14,117000,0.185418,1902.53,2284.1,182.73,137.05,46.8,15,0,20.06,11.4027,"Base","DC04005"
59,62,"F","TRUE",11,180000,0.207777,4104.3,4873.6,389.89,292.42,72,15,0,18.74,9.1123,"Base","DC04006"
22,23,"H","FALSE",10,22000,0.012238,29.55,62.03,4.96,3.72,8.8,15,0,109.94,9.1125,"Base","DC04007"
38,39,"F","FALSE",20,118000,0.064566,468.75,617.38,49.39,37.04,47.2,15,0,31.71,16.2535,"Base","DC04008"
40,41,"F","FALSE",5,308000,0.010718,689.44,962.37,76.99,57.74,123.2,15,0,39.59,4.788,"Base","DC04009"
24,25,"F","FALSE",20,161000,0.020371,198.37,322.99,25.84,19.38,64.4,15,0,62.82,16.5333,"Base","DC04010"
45,46,"H","FALSE",15,101000,0.114284,924.42,1139.32,91.15,68.36,40.4,15,0,23.25,12.4865,"Base","DC04011"
24,25,"H","FALSE",10,198000,0.013553,294.64,452.14,36.17,27.13,79.2,15,0,53.45,9.1077,"Base","DC04012"
24,28,"H","TRUE",10,196000,0.016084,346.48,511.49,40.92,30.69,78.4,15,0,47.62,9.0983,"Base","DC04013"
21,22,"H","FALSE",10,84000,0.011673,107.57,181.6,14.53,10.9,33.6,15,0,68.81,9.1146,"Base","DC04014"
28,31,"F","TRUE",25,251000,0.049495,636.15,873.9,69.91,52.43,100.4,15,0,37.37,19.5286,"Base","DC04016"
33,34,"F","FALSE",15,534000,0.025556,1052.43,1489.57,119.17,89.37,213.6,15,0,41.54,12.9671,"Base","DC04017"
29,30,"H","FALSE",10,107000,0.018239,214.69,316.85,25.35,19.01,42.8,15,0,47.58,9.0904,"Base","DC04018"
31,32,"F","FALSE",15,37000,0.021745,61.95,106.69,8.54,6.4,14.8,15,0,72.21,12.9867,"Base","DC04019"
28,29,"F","FALSE",10,320000,0.00996,349.36,572.51,45.8,34.35,128,15,0,63.87,9.1231,"Base","DC04020"
60,61,"H","FALSE",10,158000,0.237053,4549.03,5380.5,430.44,322.83,63.2,15,0,18.28,8.2335,"Base","DC04021"
30,34,"H","TRUE",10,178000,0.024059,472.22,649.32,51.95,38.96,71.2,15,0,37.51,9.0688,"Base","DC04022"
48,49,"H","FALSE",15,102000,0.147948,1226.82,1491.42,119.31,89.49,40.8,15,0,21.57,12.3006,"Base","DC04023"
25,26,"H","FALSE",25,141000,0.054165,392.37,539.26,43.14,32.36,56.4,15,0,37.44,19.4646,"Base","DC04024"
25,26,"H","FALSE",20,495000,0.03687,1111.94,1540.63,123.25,92.44,198,15,0,38.55,16.4132,"Base","DC04025"
30,31,"H","FALSE",15,596000,0.033718,1555.76,2103.68,168.29,126.22,238.4,15,0,35.22,12.917,"Base","DC04026"
45,46,"H","FALSE",20,340000,0.181367,3993.05,4818.66,385.49,289.12,136,15,0,20.68,15.4431,"Base","DC04027"
60,61,"H","FALSE",10,1500000,0.237053,43186.99,50932.54,4074.6,3055.95,600,15,0,17.93,8.2335,"Base","DC04028"
39,40,"F","FALSE",25,911000,0.109952,5249.35,6545.05,523.6,392.7,364.4,15,0,24.68,19.0816,"Base","DC04029"
38,39,"H","FALSE",15,217000,0.063035,1071.78,1364.62,109.17,81.88,86.8,15,0,27.32,12.7625,"Base","DC04030"
21,22,"F","FALSE",15,105000,0.011015,88.69,169.4,13.55,10.16,42,15,0,91.01,13.0416,"Base","DC04031"
49,53,"H","TRUE",15,121000,0.207736,2101.52,2517.35,201.39,151.04,48.4,15,0,19.79,11.9609,"Base","DC04032"
47,48,"F","FALSE",10,63000,0.048879,342.92,445.49,35.64,26.73,25.2,15,0,29.91,8.9798,"Base","DC04033"
30,31,"H","FALSE",15,245000,0.033718,639.53,875.04,70,52.5,98,15,0,36.82,12.917,"Base","DC04034"
29,30,"F","FALSE",10,244000,0.010659,285.15,462.5,37,27.75,97.6,15,0,62.2,9.1206,"Base","DC04035"
57,58,"H","FALSE",13,144000,0.257846,3606.78,4278.35,342.27,256.7,57.6,15,0,18.62,10.2944,"Base","DC04036"
25,26,"F","FALSE",10,221000,0.008251,199.74,352.49,28.2,21.15,88.4,15,0,76.47,9.1294,"Base","DC04037"
25,26,"H","FALSE",20,124000,0.03687,278.55,399.01,31.92,23.94,49.6,15,0,43.25,16.4132,"Base","DC04038"
55,56,"H","FALSE",10,61000,0.154315,1098.42,1323.04,105.84,79.38,24.4,15,0,20.45,8.5698,"Base","DC04039"
29,30,"F","FALSE",15,157000,0.018639,225.05,352.16,28.17,21.13,62.8,15,0,56.48,13.0026,"Base","DC04040"
22,23,"H","FALSE",25,45000,0.043869,101.03,155.84,12.47,9.35,18,15,0,54.26,19.5407,"Base","DC04041"
27,28,"H","FALSE",20,101000,0.042396,261.45,368.43,29.47,22.11,40.4,15,0,40.92,16.3777,"Base","DC04042"
34,35,"F","FALSE",15,127000,0.027774,272.26,393.09,31.45,23.59,50.8,15,0,44.38,12.9557,"Base","DC04043"
22,23,"F","FALSE",20,60000,0.01778,64.46,120.3,9.62,7.22,24,15,0,86.63,16.5495,"Base","DC04044"
20,21,"H","FALSE",15,238000,0.01816,332.52,514.79,41.18,30.89,95.2,15,0,54.82,12.998,"Base","DC04045"
22,23,"H","FALSE",10,213000,0.012238,286.06,449.14,35.93,26.95,85.2,15,0,57.01,9.1125,"Base","DC04046"
55,58,"F","TRUE",15,103000,0.224453,1945.29,2327.31,186.19,139.64,41.2,15,0,19.64,11.8845,"Base","DC04047"
35,36,"H","FALSE",10,497000,0.027944,1533.84,2032.14,162.57,121.93,198.8,15,0,32.49,9.0544,"Base","DC04048"
52,53,"H","FALSE",18,95000,0.271351,1903.89,2275.45,182.04,136.53,38,15,0,19.52,13.5398,"Base","DC04049"
23,27,"H","TRUE",10,107000,0.015155,178.17,274.38,21.95,16.46,42.8,15,0,54,9.1017,"Base","DC04050"
43,47,"H","TRUE",15,129000,0.124567,1292.76,1580.65,126.45,94.84,51.6,15,0,22.27,12.4301,"Base","DC04051"
51,52,"H","FALSE",10,158000,0.108445,1958.34,2368.07,189.45,142.08,63.2,15,0,20.92,8.7494,"Base","DC04052"
24,25,"H","FALSE",15,95000,0.022645,165.81,254.43,20.35,15.27,38,15,0,53.45,12.9747,"Base","DC04053"
46,49,"F","TRUE",10,215000,0.053721,1288.82,1616.07,129.29,96.96,86,15,0,25.39,8.9618,"Base","DC04054"
33,37,"H","TRUE",5,39000,0.013005,106.03,158.87,12.71,9.53,15.6,15,0,49.84,4.7835,"Base","DC04055"
33,34,"H","FALSE",5,109000,0.010501,239.05,346.11,27.69,20.77,43.6,15,0,44.78,4.7881,"Base","DC04056"
41,42,"H","FALSE",25,71000,0.19402,749.69,922.2,73.78,55.33,28.4,15,0,23.01,18.3748,"Base","DC04057"
53,54,"H","FALSE",10,137000,0.12943,2045.72,2459.91,196.79,147.59,54.8,15,0,20.25,8.6678,"Base","DC04058"
48,52,"H","TRUE",22,162000,0.339484,3565.71,4238.97,339.12,254.34,64.8,15,0,18.88,15.4237,"Base","DC04060"
27,28,"F","FALSE",10,201000,0.009331,205.52,349.9,27.99,20.99,80.4,15,0,70.26,9.1254,"Base","DC04061"
50,54,"H","TRUE",20,407000,0.34173,9767.6,11564.42,925.15,693.87,162.8,15,0,18.4,14.2393,"Base","DC04062"
44,45,"H","FALSE",20,126000,0.16688,1352.68,1648.94,131.91,98.94,50.4,15,0,21.9,15.5445,"Base","DC04063"
40,41,"H","FALSE",10,45000,0.041702,208.43,280.74,22.46,16.84,18,15,0,34.69,9.0031,"Base","DC04064"
52,53,"H","FALSE",15,91000,0.207736,1580.48,1897.53,151.8,113.85,36.4,15,0,20.06,11.9609,"Base","DC04065"
56,57,"H","FALSE",10,330000,0.168387,6526.82,7760.26,620.82,465.62,132,15,0,18.9,8.5138,"Base","DC04066"
47,48,"F","FALSE",15,79000,0.089796,561.62,707.23,56.58,42.43,31.6,15,0,25.93,12.6312,"Base","DC04067"
37,41,"H","TRUE",20,284000,0.119293,2134.68,2631.72,210.54,157.9,113.6,15,0,23.28,15.8709,"Base","DC04068"
34,35,"H","FALSE",20,117000,0.072565,524.68,681.95,54.56,40.92,46.8,15,0,29.98,16.1817,"Base","DC04069"
30,34,"H","TRUE",20,3e+05,0.066956,1238.52,1597.11,127.77,95.83,120,15,0,28.95,16.2184,"Base","DC04070"
57,58,"H","FALSE",13,183000,0.257846,4583.62,5432.35,434.59,325.94,73.2,15,0,18.52,10.2944,"Base","DC04071"
30,31,"H","FALSE",15,132000,0.033718,344.56,479.49,38.36,28.77,52.8,15,0,39.16,12.917,"Base","DC04072"
50,53,"F","TRUE",10,144000,0.078598,1276.23,1568.41,125.47,94.1,57.6,15,0,22.89,8.8684,"Base","DC04073"
29,30,"H","FALSE",10,65000,0.018239,130.42,199.32,15.95,11.96,26,15,0,52.83,9.0904,"Base","DC04075"
50,51,"F","FALSE",5,106000,0.026754,595.91,759.67,60.77,45.58,42.4,15,0,27.48,4.759,"Base","DC04076"
48,52,"H","TRUE",15,51000,0.191007,807.92,980.61,78.45,58.84,20.4,15,0,21.37,12.0573,"Base","DC04077"
44,45,"H","FALSE",15,151000,0.104857,1262.84,1556.1,124.49,93.37,60.4,15,0,23.22,12.5379,"Base","DC04078"
54,55,"F","FALSE",15,198000,0.171656,2789.35,3352.96,268.24,201.18,79.2,15,0,20.21,12.1849,"Base","DC04079"
23,24,"H","FALSE",15,76000,0.021353,125.01,198.15,15.85,11.89,30.4,15,0,58.51,12.9814,"Base","DC04080"
55,56,"H","FALSE",15,339000,0.265771,7755.05,9192.62,735.41,551.56,135.6,15,0,18.54,11.6178,"Base","DC04082"
44,45,"H","FALSE",15,105000,0.104857,878.14,1087.37,86.99,65.24,42,15,0,23.83,12.5379,"Base","DC04083"
31,32,"H","FALSE",25,133000,0.08584,593.78,769.74,61.58,46.18,53.2,15,0,29.63,19.2272,"Base","DC04084"
34,35,"F","FALSE",15,336000,0.027774,720.3,1011.28,80.9,60.68,134.4,15,0,40.4,12.9557,"Base","DC04085"
39,43,"H","TRUE",10,63000,0.049345,346.39,449.53,35.96,26.97,25.2,15,0,29.77,8.9745,"Base","DC04086"
51,55,"H","TRUE",19,39000,0.342059,978.1,1172.91,93.83,70.37,15.6,15,0,19.92,13.6389,"Base","DC04087"
40,41,"H","FALSE",20,614000,0.119293,4615.12,5669.45,453.56,340.17,245.6,15,0,22.84,15.8709,"Base","DC04088"
39,40,"F","FALSE",10,88000,0.023525,228.15,323.67,25.89,19.42,35.2,15,0,41.86,9.0735,"Base","DC04090"
48,49,"F","FALSE",10,20000,0.053721,119.89,166.15,13.29,9.97,8,15,0,38.59,8.9618,"Base","DC04091"
51,52,"F","FALSE",15,147000,0.130339,1543.54,1880.62,150.45,112.84,58.8,15,0,21.84,12.4129,"Base","DC04092"
53,54,"H","FALSE",10,636000,0.12943,9496.94,11356.21,908.5,681.37,254.4,15,0,19.58,8.6678,"Base","DC04093"
39,40,"F","FALSE",10,174000,0.023525,451.12,622.93,49.83,37.38,69.6,15,0,38.09,9.0735,"Base","DC04094"
53,57,"H","TRUE",17,211000,0.340747,5788.09,6845.92,547.67,410.76,84.4,15,0,18.28,12.4216,"Base","DC04095"
30,31,"H","FALSE",10,343000,0.019487,735.67,1032.4,82.59,61.94,137.2,15,0,40.34,9.0857,"Base","DC04096"
33,34,"F","FALSE",30,80000,0.096557,350.64,462.37,36.99,27.74,32,15,0,31.87,22.0302,"Base","DC04097"
22,23,"H","FALSE",10,410000,0.012238,550.64,848.42,67.87,50.91,164,15,0,54.08,9.1125,"Base","DC04098"
37,38,"H","FALSE",15,166000,0.058045,753.43,970.73,77.66,58.24,66.4,15,0,28.84,12.789,"Base","DC04099"
39,40,"H","FALSE",30,199000,0.23561,2260.77,2738.81,219.1,164.33,79.6,15,0,21.14,20.7391,"Base","DC04100"
58,61,"F","TRUE",10,340000,0.167242,6669.48,7930.79,634.46,475.85,136,15,0,18.91,8.5257,"Base","DC04101"
49,50,"H","FALSE",10,140000,0.090842,1442.39,1759.76,140.78,105.59,56,15,0,22,8.8172,"Base","DC04102"
56,57,"F","FALSE",10,205000,0.114995,2700.43,3252.82,260.23,195.17,82,15,0,20.46,8.7297,"Base","DC04103"
48,49,"H","FALSE",15,186000,0.147948,2237.14,2705.28,216.42,162.32,74.4,15,0,20.93,12.3006,"Base","DC04104"
31,32,"F","FALSE",10,43000,0.012292,57.99,104.87,8.39,6.29,17.2,15,0,80.84,9.1146,"Base","DC04105"
35,36,"H","FALSE",10,139000,0.027944,428.98,580.91,46.47,34.85,55.6,15,0,35.42,9.0544,"Base","DC04106"
25,29,"H","TRUE",15,541000,0.029288,1224.47,1692.87,135.43,101.57,216.4,15,0,38.25,12.9401,"Base","DC04107"
38,39,"H","FALSE",5,307000,0.015138,972.32,1290.83,103.27,77.45,122.8,15,0,32.76,4.7797,"Base","DC04108"
54,55,"F","FALSE",5,150000,0.039382,1247.34,1537.61,123.01,92.26,60,15,0,23.27,4.7359,"Base","DC04109"
30,31,"F","FALSE",25,740000,0.049495,1875.51,2542.45,203.4,152.55,296,15,0,35.56,19.5286,"Base","DC04110"
41,42,"F","FALSE",20,164000,0.084844,863.04,1097.26,87.78,65.84,65.6,15,0,27.14,16.1225,"Base","DC04111"
49,50,"F","FALSE",20,136000,0.175767,1540.84,1872.37,149.79,112.34,54.4,15,0,21.52,15.5139,"Base","DC04112"
26,27,"H","FALSE",25,88000,0.0583,263.99,365.34,29.23,21.92,35.2,15,0,38.39,19.4339,"Base","DC04115"
56,57,"F","FALSE",10,55000,0.114995,724.51,885.47,70.84,53.13,22,15,0,22.22,8.7297,"Base","DC04116"
34,35,"H","FALSE",20,4e+05,0.072565,1793.77,2289.27,183.14,137.36,160,15,0,27.62,16.1817,"Base","DC04117"
24,25,"H","FALSE",25,160000,0.050402,413.72,572.93,45.83,34.38,64,15,0,38.48,19.4924,"Base","DC04118"
59,60,"F","FALSE",11,251000,0.173255,4694.5,5592.9,447.43,335.57,100.4,15,0,19.14,9.2634,"Base","DC04119"
25,26,"F","FALSE",25,205000,0.032819,342.41,510.94,40.88,30.66,82,15,0,49.22,19.6488,"Base","DC04120"
36,37,"F","FALSE",10,182000,0.018208,364.45,525.87,42.07,31.55,72.8,15,0,44.29,9.093,"Base","DC04121"
28,32,"H","TRUE",20,261000,0.057186,916.69,1204.75,96.38,72.29,104.4,15,0,31.42,16.282,"Base","DC04122"
34,37,"F","TRUE",20,134000,0.053958,443.01,594.89,47.59,35.69,53.6,15,0,34.29,16.3213,"Base","DC04123"
40,44,"H","TRUE",15,160000,0.096223,1223.37,1514.38,121.15,90.86,64,15,0,23.79,12.5847,"Base","DC04125"
56,57,"F","FALSE",10,274000,0.114995,3609.35,4341.81,347.34,260.51,109.6,15,0,20.29,8.7297,"Base","DC04126"
30,31,"H","FALSE",10,156000,0.019487,334.59,479.06,38.32,28.74,62.4,15,0,43.18,9.0857,"Base","DC04127"
37,38,"H","FALSE",15,140000,0.058045,635.42,821.42,65.71,49.29,56,15,0,29.27,12.789,"Base","DC04129"
47,51,"H","TRUE",10,104000,0.099252,1174.99,1432.09,114.57,85.93,41.6,15,0,21.88,8.7849,"Base","DC04130"
27,28,"F","FALSE",20,226000,0.025405,347.93,527.13,42.17,31.63,90.4,15,0,51.5,16.5018,"Base","DC04131"
46,47,"H","FALSE",15,243000,0.124567,2435.21,2962.1,236.97,177.73,97.2,15,0,21.64,12.4301,"Base","DC04132"
21,22,"F","FALSE",30,271000,0.035173,423.22,635.61,50.85,38.14,108.4,15,0,50.18,22.522,"Base","DC04133"
46,47,"F","FALSE",15,241000,0.081791,1555.31,1938.04,155.04,116.28,96.4,15,0,24.61,12.6738,"Base","DC04134"
56,57,"F","FALSE",14,55000,0.185418,894.35,1082.96,86.64,64.98,22,15,0,21.09,11.4027,"Base","DC04135"
29,33,"H","TRUE",15,703000,0.039095,2132.36,2823.91,225.91,169.43,281.2,15,0,32.43,12.8888,"Base","DC04136"
42,43,"F","FALSE",10,361000,0.030744,1226.78,1611.84,128.95,96.71,144.4,15,0,31.39,9.0469,"Base","DC04137"
45,49,"H","TRUE",15,245000,0.147948,2946.77,3557.87,284.63,213.47,98,15,0,20.74,12.3006,"Base","DC04138"
43,44,"H","FALSE",20,42000,0.153487,412.25,516.33,41.31,30.98,16.8,15,0,25.25,15.6375,"Base","DC04139"
29,30,"F","FALSE",15,87000,0.018639,124.71,202.92,16.23,12.18,34.8,15,0,62.71,13.0026,"Base","DC04140"
52,53,"F","FALSE",10,127000,0.078598,1125.57,1385.31,110.82,83.12,50.8,15,0,23.08,8.8684,"Base","DC04141"
35,36,"H","FALSE",10,68000,0.027944,209.86,293.1,23.45,17.59,27.2,15,0,39.66,9.0544,"Base","DC04142"
32,33,"F","FALSE",20,63000,0.038089,146.12,216.65,17.33,13,25.2,15,0,48.27,16.422,"Base","DC04143"
46,47,"F","FALSE",10,91000,0.044493,450.07,583.11,46.65,34.99,36.4,15,0,29.56,8.9961,"Base","DC04144"
28,32,"H","TRUE",10,179000,0.020864,411.28,578.93,46.31,34.74,71.6,15,0,40.76,9.0806,"Base","DC04145"
31,32,"H","FALSE",10,289000,0.020864,664.02,923.97,73.92,55.44,115.6,15,0,39.15,9.0806,"Base","DC04146"
52,53,"F","FALSE",10,187000,0.078598,1657.33,2031.55,162.52,121.89,74.8,15,0,22.58,8.8684,"Base","DC04147"
23,24,"F","FALSE",10,481000,0.007374,388.39,692.78,55.42,41.57,192.4,15,0,78.37,9.1326,"Base","DC04148"
25,26,"F","FALSE",20,163000,0.021881,215.84,344.24,27.54,20.65,65.2,15,0,59.48,16.5239,"Base","DC04149"
45,49,"H","TRUE",15,102000,0.147948,1226.82,1491.42,119.31,89.49,40.8,15,0,21.57,12.3006,"Base","DC04150"
34,35,"F","FALSE",10,306000,0.015472,520.09,764.53,61.16,45.87,122.4,15,0,47,9.103,"Base","DC04152"
56,57,"F","FALSE",10,33000,0.114995,434.7,538.26,43.06,32.3,13.2,15,0,23.82,8.7297,"Base","DC04153"
36,37,"H","FALSE",15,75000,0.053504,313.18,416.49,33.32,24.99,30,15,0,32.99,12.813,"Base","DC04154"
59,60,"F","FALSE",5,94000,0.064215,1286.99,1557.66,124.61,93.46,37.6,15,0,21.03,4.6902,"Base","DC04155"
35,36,"H","FALSE",10,311000,0.027944,959.81,1278.15,102.25,76.69,124.4,15,0,33.17,9.0544,"Base","DC04156"
27,28,"F","FALSE",25,152000,0.038512,298.55,435.29,34.82,26.12,60.8,15,0,45.8,19.6079,"Base","DC04157"
60,61,"H","FALSE",10,90000,0.237053,2591.22,3072.35,245.79,184.34,36,15,0,18.57,8.2335,"Base","DC04158"
46,47,"H","FALSE",20,133000,0.197005,1708.91,2066.41,165.31,123.98,53.2,15,0,20.92,15.3323,"Base","DC04159"
41,45,"H","TRUE",15,395000,0.104857,3303.46,4042.4,323.39,242.54,158,15,0,22.37,12.5379,"Base","DC04160"
57,58,"H","FALSE",13,37000,0.257846,926.74,1112.26,88.98,66.74,14.8,15,0,20.02,10.2944,"Base","DC04161"
42,43,"F","FALSE",15,239000,0.056427,1053,1353.02,108.24,81.18,95.6,15,0,28.49,12.8072,"Base","DC04162"
54,58,"H","TRUE",15,97000,0.311315,2663.38,3159.51,252.76,189.57,38.8,15,0,18.63,11.3381,"Base","DC04163"
34,37,"F","TRUE",10,173000,0.018208,346.42,500.73,40.06,30.04,69.2,15,0,44.54,9.093,"Base","DC04164"
53,54,"F","FALSE",17,226000,0.190999,3210.53,3855.73,308.46,231.34,90.4,15,0,20.1,13.4451,"Base","DC04165"
35,36,"F","FALSE",20,1194000,0.049384,3606.29,4766.15,381.29,285.97,477.6,15,0,32.16,16.3504,"Base","DC04166"
51,52,"F","FALSE",5,104000,0.02945,644.25,814.94,65.19,48.9,41.6,15,0,26.49,4.7541,"Base","DC04167"
21,25,"H","TRUE",20,62000,0.034482,130.13,197.6,15.81,11.86,24.8,15,0,51.84,16.4285,"Base","DC04168"
26,27,"F","FALSE",20,53000,0.023553,75.59,129.99,10.4,7.8,21.2,15,0,71.96,16.5134,"Base","DC04169"
34,35,"H","FALSE",10,238000,0.025906,680.4,919.3,73.54,55.16,95.2,15,0,35.11,9.062,"Base","DC04170"
49,50,"H","FALSE",10,59000,0.090842,607.87,751.7,60.14,45.1,23.6,15,0,23.66,8.8172,"Base","DC04171"
26,27,"F","FALSE",10,142000,0.008763,136.33,242.01,19.36,14.52,56.8,15,0,77.52,9.1275,"Base","DC04172"
56,60,"H","TRUE",14,114000,0.332341,3590.71,4245.7,339.66,254.74,45.6,15,0,18.24,10.5514,"Base","DC04173"
24,25,"F","FALSE",5,286000,0.003553,211.67,396.59,31.73,23.8,114.4,15,0,87.36,4.801,"Base","DC04174"
20,21,"F","FALSE",25,982000,0.022739,1132.29,1790.8,143.26,107.45,392.8,15,0,58.16,19.7207,"Base","DC04175"
46,47,"F","FALSE",24,49000,0.188955,517.83,642.36,51.39,38.54,19.6,15,0,24.05,17.8801,"Base","DC04176"
58,59,"H","FALSE",12,40000,0.252261,1049.06,1255.89,100.47,75.35,16,15,0,19.72,9.6185,"Base","DC04177"
25,26,"H","FALSE",10,135000,0.014315,212.25,327.03,26.16,19.62,54,15,0,54.08,9.1048,"Base","DC04178"
59,62,"F","TRUE",10,214000,0.183344,4636.9,5508.72,440.7,330.52,85.6,15,0,18.8,8.4616,"Base","DC04179"
35,36,"H","FALSE",5,271000,0.012086,684.49,939.41,75.15,56.36,108.4,15,0,37.24,4.7852,"Base","DC04180"
27,28,"F","FALSE",10,97000,0.009331,99.18,177.88,14.23,10.67,38.8,15,0,79.35,9.1254,"Base","DC04181"
59,60,"F","FALSE",5,167000,0.064215,2286.46,2753.79,220.3,165.23,66.8,15,0,20.44,4.6902,"Base","DC04182"
24,25,"F","FALSE",20,250000,0.020371,308.03,491.9,39.35,29.51,100,15,0,59.69,16.5333,"Base","DC04183"
29,30,"H","FALSE",20,65000,0.04909,195.34,274.82,21.99,16.49,26,15,0,40.68,16.3345,"Base","DC04184"
30,33,"F","TRUE",10,81000,0.013245,117.75,192.03,15.36,11.52,32.4,15,0,63.09,9.1111,"Base","DC04185"
24,25,"H","FALSE",25,125000,0.050402,323.22,451.42,36.11,27.09,50,15,0,39.66,19.4924,"Base","DC04186"
38,39,"H","FALSE",25,139000,0.151917,1128.33,1394.1,111.53,83.65,55.6,15,0,23.55,18.7149,"Base","DC04187"
35,36,"H","FALSE",15,585000,0.049371,2250.3,2906.16,232.49,174.37,234,15,0,29.15,12.8348,"Base","DC04188"
56,57,"F","FALSE",14,136000,0.185418,2211.48,2652.19,212.18,159.13,54.4,15,0,19.93,11.4027,"Base","DC04189"
44,45,"H","FALSE",10,64000,0.058587,419.42,534.91,42.79,32.09,25.6,15,0,27.53,8.9398,"Base","DC04190"
39,43,"H","TRUE",20,70000,0.141132,628.35,780.64,62.45,46.84,28,15,0,24.24,15.7224,"Base","DC04191"
49,50,"H","FALSE",15,259000,0.161173,3414.17,4107.88,328.63,246.47,103.6,15,0,20.32,12.2266,"Base","DC04192"
39,40,"F","FALSE",10,312000,0.023525,808.91,1103.15,88.25,66.19,124.8,15,0,36.37,9.0735,"Base","DC04193"
33,34,"F","FALSE",20,209000,0.041486,528.68,729.39,58.35,43.76,83.6,15,0,37.97,16.4005,"Base","DC04194"
44,47,"F","TRUE",25,150000,0.204577,1673.16,2032.74,162.62,121.96,60,15,0,21.49,18.3405,"Base","DC04195"
32,33,"H","FALSE",10,39000,0.022383,96.19,147.43,11.79,8.85,15.6,15,0,53.27,9.075,"Base","DC04196"
40,41,"F","FALSE",15,160000,0.047002,584.95,772.04,61.76,46.32,64,15,0,31.98,12.8563,"Base","DC04197"
58,59,"F","FALSE",12,99000,0.178206,1766.32,2117.34,169.39,127.04,39.6,15,0,19.87,9.9882,"Base","DC04198"
56,57,"F","FALSE",10,124000,0.114995,1633.43,1974.45,157.96,118.47,49.6,15,0,20.88,8.7297,"Base","DC04200"
32,33,"H","FALSE",10,155000,0.022383,382.3,534.07,42.73,32.04,62,15,0,39.7,9.075,"Base","DC04201"
41,42,"H","FALSE",10,172000,0.045341,867.53,1106.19,88.5,66.37,68.8,15,0,27.51,8.9895,"Base","DC04202"
55,56,"F","FALSE",15,213000,0.18789,3309.23,3964.46,317.16,237.87,85.2,15,0,19.8,12.0936,"Base","DC04203"
38,39,"F","FALSE",20,118000,0.064566,468.75,617.38,49.39,37.04,47.2,15,0,31.71,16.2535,"Base","DC04204"
43,44,"H","FALSE",20,205000,0.153487,2012.15,2452.5,196.2,147.15,82,15,0,21.88,15.6375,"Base","DC04205"
38,39,"H","FALSE",20,159000,0.100886,1002.91,1257.57,100.61,75.45,63.6,15,0,25.39,15.9944,"Base","DC04206"
26,29,"F","TRUE",10,74000,0.00996,80.79,145.8,11.66,8.75,29.6,15,0,80.47,9.1231,"Base","DC04207"
44,48,"H","TRUE",25,227000,0.309586,4044.57,4826.01,386.08,289.56,90.8,15,0,19.32,17.3754,"Base","DC04208"
37,38,"H","FALSE",20,120000,0.092825,694.11,880.36,70.43,52.82,48,15,0,26.83,16.048,"Base","DC04209"
45,46,"F","FALSE",10,254000,0.040523,1142.28,1463.81,117.1,87.83,101.6,15,0,28.15,9.0108,"Base","DC04210"
60,61,"H","FALSE",10,224000,0.237053,6449.26,7620.76,609.66,457.25,89.6,15,0,18.16,8.2335,"Base","DC04211"
43,44,"H","FALSE",20,156000,0.153487,1531.2,1870.46,149.64,112.23,62.4,15,0,22.16,15.6375,"Base","DC04212"
29,30,"F","FALSE",10,110000,0.010659,128.55,218.08,17.45,13.08,44,15,0,69.65,9.1206,"Base","DC04213"
38,39,"F","FALSE",25,162000,0.100475,849.84,1080.98,86.48,64.86,64.8,15,0,27.2,19.1529,"Base","DC04214"
54,55,"F","FALSE",16,52000,0.189725,772.31,939.66,75.17,56.38,20.8,15,0,21.67,12.7743,"Base","DC04215"
46,47,"H","FALSE",20,102000,0.197005,1310.6,1588.83,127.11,95.33,40.8,15,0,21.23,15.3323,"Base","DC04216"
45,46,"F","FALSE",15,194000,0.074508,1137.06,1429.84,114.39,85.79,77.6,15,0,25.75,12.7123,"Base","DC04217"
45,46,"F","FALSE",15,226000,0.074508,1324.62,1662.81,133.03,99.77,90.4,15,0,25.53,12.7123,"Base","DC04218"
46,49,"F","TRUE",15,217000,0.098587,1700,2095.11,167.61,125.71,86.8,15,0,23.24,12.5844,"Base","DC04219"
24,25,"H","FALSE",20,169000,0.034482,354.71,508.51,40.68,30.51,67.6,15,0,43.36,16.4285,"Base","DC04220"
40,41,"F","FALSE",10,129000,0.025691,365.57,502.53,40.2,30.15,51.6,15,0,37.46,9.0655,"Base","DC04221"
57,61,"H","TRUE",10,52000,0.237053,1497.15,1782.5,142.6,106.95,20.8,15,0,19.06,8.2335,"Base","DC04222"
55,56,"F","FALSE",10,195000,0.104593,2325.7,2812.44,225,168.75,78,15,0,20.93,8.7696,"Base","DC04223"
58,59,"H","FALSE",12,2e+05,0.252261,5245.32,6209.68,496.77,372.58,80,15,0,18.39,9.6185,"Base","DC04224"
34,35,"F","FALSE",20,192000,0.045239,530.38,723.47,57.88,43.41,76.8,15,0,36.4,16.3768,"Base","DC04225"
55,56,"H","FALSE",10,65000,0.154315,1170.45,1408.66,112.69,84.52,26,15,0,20.35,8.5698,"Base","DC04226"
39,40,"F","FALSE",10,128000,0.023525,331.86,462.86,37.03,27.77,51.2,15,0,39.47,9.0735,"Base","DC04227"
21,22,"F","FALSE",20,66000,0.01667,66.45,125.41,10.03,7.52,26.4,15,0,88.72,16.5564,"Base","DC04228"
60,61,"F","FALSE",10,87000,0.167242,1706.6,2042.33,163.39,122.54,34.8,15,0,19.67,8.5257,"Base","DC04229"
40,41,"H","FALSE",15,194000,0.074522,1138.25,1431.22,114.5,85.87,77.6,15,0,25.74,12.7013,"Base","DC04230"
29,30,"F","FALSE",20,43000,0.029725,77.59,127.66,10.21,7.66,17.2,15,0,64.54,16.4747,"Base","DC04231"
51,52,"F","FALSE",10,197000,0.07145,1582.35,1949.01,155.92,116.94,78.8,15,0,23.17,8.8954,"Base","DC04232"
53,57,"H","TRUE",15,43000,0.287848,1077.86,1290.76,103.26,77.45,17.2,15,0,19.75,11.4834,"Base","DC04233"
22,23,"H","FALSE",15,125000,0.020182,194.25,301.45,24.12,18.09,50,15,0,55.19,12.9875,"Base","DC04234"
44,45,"H","FALSE",15,116000,0.104857,970.13,1199.45,95.96,71.97,46.4,15,0,23.64,12.5379,"Base","DC04235"
49,52,"F","TRUE",15,50000,0.130339,525.01,651.18,52.09,39.07,20,15,0,24.03,12.4129,"Base","DC04236"
40,41,"F","FALSE",10,292000,0.025691,827.5,1115.47,89.24,66.93,116.8,15,0,34.8,9.0655,"Base","DC04237"
25,26,"F","FALSE",10,92000,0.008251,83.15,156.92,12.55,9.42,36.8,15,0,88.72,9.1294,"Base","DC04238"
36,40,"H","TRUE",20,232000,0.10969,1596.95,1982.26,158.58,118.94,92.8,15,0,24.13,15.9355,"Base","DC04239"
59,60,"H","FALSE",11,138000,0.245391,3791.34,4490.17,359.21,269.41,55.2,15,0,18.43,8.9319,"Base","DC04240"
46,50,"H","TRUE",20,289000,0.251283,4861.58,5804.86,464.39,348.29,115.6,15,0,19.4,14.9377,"Base","DC04241"
45,46,"H","FALSE",5,408000,0.026969,2312.56,2896.24,231.7,173.77,163.2,15,0,25.24,4.7581,"Base","DC04242"
21,22,"F","FALSE",15,131000,0.011015,110.65,207.03,16.56,12.42,52.4,15,0,87.11,13.0416,"Base","DC04243"
54,55,"H","FALSE",10,274000,0.141352,4492.55,5368.78,429.5,322.13,109.6,15,0,19.5,8.621,"Base","DC04244"
42,43,"F","FALSE",20,614000,0.092983,3552.8,4434.19,354.74,266.05,245.6,15,0,24.81,16.0695,"Base","DC04245"
33,34,"F","FALSE",15,305000,0.025556,601.11,858.26,68.66,51.5,122,15,0,42.78,12.9671,"Base","DC04246"
36,37,"F","FALSE",5,207000,0.007712,333.04,500.98,40.08,30.06,82.8,15,0,50.43,4.7935,"Base","DC04247"
58,59,"H","FALSE",12,101000,0.252261,2648.89,3144.52,251.56,188.67,40.4,15,0,18.71,9.6185,"Base","DC04249"
47,51,"H","TRUE",10,73000,0.099252,824.76,1010.41,80.83,60.62,29.2,15,0,22.51,8.7849,"Base","DC04250"
51,52,"H","FALSE",19,87000,0.27191,1670.03,1999.8,159.98,119.99,34.8,15,0,19.75,14.1651,"Base","DC04251"
32,33,"F","FALSE",20,108000,0.038089,250.5,358.95,28.72,21.54,43.2,15,0,43.3,16.422,"Base","DC04252"
42,43,"F","FALSE",20,91000,0.092983,526.56,672.04,53.76,40.32,36.4,15,0,27.63,16.0695,"Base","DC04253"
33,37,"H","TRUE",15,179000,0.053504,747.45,969.83,77.59,58.19,71.6,15,0,29.75,12.813,"Base","DC04254"
25,26,"F","FALSE",10,116000,0.008251,104.84,193.3,15.46,11.6,46.4,15,0,84.38,9.1294,"Base","DC04255"
45,46,"F","FALSE",15,68000,0.074508,398.56,512.51,41,30.75,27.2,15,0,28.59,12.7123,"Base","DC04256"
60,64,"H","TRUE",10,95000,0.30302,3619.93,4270.84,341.67,256.25,38,15,0,17.98,7.9523,"Base","DC04257"
51,52,"H","FALSE",10,134000,0.108445,1660.87,2011.01,160.88,120.66,53.6,15,0,21.08,8.7494,"Base","DC04258"
50,51,"F","FALSE",20,112000,0.192085,1396.93,1693.87,135.51,101.63,44.8,15,0,21.26,15.4005,"Base","DC04259"
42,43,"H","FALSE",5,59000,0.020898,258.53,345.5,27.64,20.73,23.6,15,0,33.64,4.7692,"Base","DC04260"
34,35,"F","FALSE",20,25000,0.045239,69.06,109.37,8.75,6.56,10,15,0,58.37,16.3768,"Base","DC04261"
40,41,"F","FALSE",20,152000,0.077433,727.85,934.48,74.76,56.07,60.8,15,0,28.39,16.1706,"Base","DC04262"
32,33,"H","FALSE",15,372000,0.039095,1128.36,1502.52,120.2,90.15,148.8,15,0,33.16,12.8888,"Base","DC04263"
30,31,"F","FALSE",10,789000,0.011433,989.37,1534.84,122.79,92.09,315.6,15,0,55.13,9.1178,"Base","DC04264"
52,53,"H","FALSE",10,38000,0.118483,516.89,636.15,50.89,38.17,15.2,15,0,23.07,8.7105,"Base","DC04265"
52,55,"F","TRUE",15,79000,0.171656,1112.92,1348.28,107.86,80.9,31.6,15,0,21.15,12.1849,"Base","DC04266"
38,39,"H","FALSE",15,286000,0.063035,1412.57,1792.99,143.44,107.58,114.4,15,0,26.93,12.7625,"Base","DC04267"
46,50,"H","TRUE",15,161000,0.161173,2122.32,2560.14,204.81,153.61,64.4,15,0,20.63,12.2266,"Base","DC04268"
25,26,"F","FALSE",15,125000,0.014051,134.84,232.37,18.59,13.94,50,15,0,72.33,13.0261,"Base","DC04269"
50,51,"H","FALSE",20,236000,0.271944,4341.4,5175.35,414.03,310.52,94.4,15,0,19.21,14.783,"Base","DC04270"
32,33,"F","FALSE",10,274000,0.013245,398.31,608.04,48.64,36.48,109.6,15,0,52.65,9.1111,"Base","DC04271"
56,59,"F","TRUE",10,2e+05,0.138839,3214.84,3848.65,307.89,230.92,80,15,0,19.72,8.6374,"Base","DC04272"
28,32,"H","TRUE",10,493000,0.020864,1132.74,1563.88,125.11,93.83,197.2,15,0,38.06,9.0806,"Base","DC04274"
53,54,"H","FALSE",15,159000,0.225744,3027.46,3611.7,288.94,216.7,63.6,15,0,19.3,11.8559,"Base","DC04275"
57,58,"F","FALSE",10,1500000,0.126385,21826.33,26094.57,2087.57,1565.67,600,15,0,19.56,8.6858,"Base","DC04276"
50,51,"F","FALSE",20,155000,0.192085,1933.25,2337.5,187,140.25,62,15,0,20.91,15.4005,"Base","DC04277"
33,34,"F","FALSE",25,264000,0.064246,873.31,1155.71,92.46,69.34,105.6,15,0,32.34,19.4213,"Base","DC04278"
38,39,"F","FALSE",15,210000,0.039272,639.49,858.71,68.7,51.52,84,15,0,34.28,12.8964,"Base","DC04279"
21,25,"H","TRUE",30,111000,0.072176,361.2,489.07,39.13,29.34,44.4,15,0,35.4,22.1803,"Base","DC04280"
40,44,"H","TRUE",25,4e+05,0.227707,5033.81,6056.76,484.54,363.41,160,15,0,20.32,18.0942,"Base","DC04281"
29,32,"F","TRUE",20,205000,0.035016,436.6,620.47,49.64,37.23,82,15,0,42.11,16.4414,"Base","DC04282"
32,33,"F","FALSE",10,78000,0.013245,113.39,185.57,14.85,11.13,31.2,15,0,63.66,9.1111,"Base","DC04283"
40,41,"F","FALSE",20,84000,0.077433,402.23,524.22,41.94,31.45,33.6,15,0,30.33,16.1706,"Base","DC04284"
21,22,"F","FALSE",10,58000,0.006662,42.3,93.6,7.49,5.62,23.2,15,0,121.3,9.1352,"Base","DC04285"
25,26,"F","FALSE",10,63000,0.008251,56.94,112.95,9.04,6.78,25.2,15,0,98.37,9.1294,"Base","DC04286"
39,40,"F","FALSE",15,168000,0.042945,560.26,747.05,59.76,44.82,67.2,15,0,33.34,12.8774,"Base","DC04287"
38,42,"H","TRUE",10,69000,0.045341,348.02,454.21,36.34,27.25,27.6,15,0,30.51,8.9895,"Base","DC04288"
42,46,"H","TRUE",25,265000,0.266208,3971.42,4758.63,380.69,285.52,106,15,0,19.82,17.7632,"Base","DC04289"
42,43,"F","FALSE",25,123000,0.143942,940.67,1168.45,93.48,70.11,49.2,15,0,24.22,18.8217,"Base","DC04290"
22,23,"H","FALSE",10,222000,0.012238,298.15,467.39,37.39,28.04,88.8,15,0,56.76,9.1125,"Base","DC04291"
50,54,"H","TRUE",20,90000,0.34173,2159.91,2570.83,205.67,154.25,36,15,0,19.02,14.2393,"Base","DC04292"
50,51,"H","FALSE",20,38000,0.271944,699.04,847.95,67.84,50.88,15.2,15,0,21.3,14.783,"Base","DC04293"
27,30,"F","TRUE",25,195000,0.045465,453.31,635.25,50.82,38.11,78,15,0,40.13,19.5578,"Base","DC04294"
41,45,"H","TRUE",20,157000,0.16688,1685.49,2050.34,164.03,123.02,62.8,15,0,21.65,15.5445,"Base","DC04295"
55,59,"H","TRUE",10,325000,0.200123,7756.05,9187.27,734.98,551.24,130,15,0,18.45,8.3857,"Base","DC04296"
32,33,"F","FALSE",20,108000,0.038089,250.5,358.95,28.72,21.54,43.2,15,0,43.3,16.422,"Base","DC04297"
21,25,"H","TRUE",5,76000,0.006235,98.8,167.68,13.41,10.06,30.4,15,0,69.71,4.7958,"Base","DC04298"
39,40,"H","FALSE",10,64000,0.038395,272.56,364.14,29.13,21.85,25.6,15,0,33.6,9.0155,"Base","DC04299"
20,24,"H","TRUE",25,270000,0.04698,649.91,898.73,71.9,53.92,108,15,0,38.29,19.5177,"Base","DC04300"
27,28,"H","FALSE",20,79000,0.042396,204.5,291.98,23.36,17.52,31.6,15,0,42.78,16.3777,"Base","DC04301"
58,59,"H","FALSE",12,120000,0.252261,3147.19,3732.78,298.62,223.97,48,15,0,18.61,9.6185,"Base","DC04302"
52,53,"H","FALSE",10,132000,0.118483,1795.51,2166.64,173.33,130,52.8,15,0,20.67,8.7105,"Base","DC04303"
45,46,"H","FALSE",10,63000,0.063902,451.34,571.56,45.72,34.29,25.2,15,0,26.64,8.9197,"Base","DC04304"
23,27,"H","TRUE",15,23000,0.025642,45.51,81.06,6.48,4.86,9.2,15,0,78.11,12.9591,"Base","DC04305"
21,25,"H","TRUE",15,115000,0.022645,200.71,304.32,24.35,18.26,46,15,0,51.62,12.9747,"Base","DC04306"
49,50,"F","FALSE",15,176000,0.108228,1519.88,1866.61,149.33,112,70.4,15,0,22.81,12.5326,"Base","DC04307"
38,39,"H","FALSE",25,106000,0.151917,860.45,1067.27,85.38,64.04,42.4,15,0,24.04,18.7149,"Base","DC04308"
36,37,"H","FALSE",5,197000,0.013005,535.58,731.84,58.55,43.91,78.8,15,0,36.64,4.7835,"Base","DC04309"
25,26,"F","FALSE",25,153000,0.032819,255.55,385.76,30.86,23.15,61.2,15,0,50.95,19.6488,"Base","DC04310"
20,24,"H","TRUE",15,210000,0.021353,345.43,516.78,41.34,31.01,84,15,0,49.6,12.9814,"Base","DC04311"
56,57,"H","FALSE",5,50000,0.072545,776.08,943.11,75.45,56.59,20,15,0,21.52,4.6738,"Base","DC04312"
33,37,"H","TRUE",10,124000,0.03019,413.83,556.31,44.5,33.38,49.6,15,0,34.43,9.0461,"Base","DC04313"
31,35,"H","TRUE",10,210000,0.025906,600.35,813.2,65.06,48.79,84,15,0,35.45,9.062,"Base","DC04314"
30,34,"H","TRUE",15,166000,0.042198,544.17,727.41,58.19,43.64,66.4,15,0,33.67,12.8725,"Base","DC04315"
30,31,"H","FALSE",20,375000,0.052947,1217.39,1607.43,128.59,96.45,150,15,0,32.04,16.3095,"Base","DC04316"
52,53,"F","FALSE",18,239000,0.191779,3249.28,3906.83,312.55,234.41,95.6,15,0,20.24,14.1063,"Base","DC04317"
59,60,"H","FALSE",11,231000,0.245391,6346.38,7504.39,600.35,450.26,92.4,15,0,18.25,8.9319,"Base","DC04318"
33,34,"H","FALSE",5,262000,0.010501,574.6,807.44,64.6,48.45,104.8,15,0,40.52,4.7881,"Base","DC04319"
22,23,"H","FALSE",10,171000,0.012238,229.66,364.02,29.12,21.84,68.4,15,0,58.51,9.1125,"Base","DC04320"
28,29,"H","FALSE",20,105000,0.045583,292.61,406.52,32.52,24.39,42,15,0,38.93,16.3571,"Base","DC04321"
37,38,"F","FALSE",20,283000,0.059004,1025.11,1341.06,107.29,80.46,113.2,15,0,30.82,16.2891,"Base","DC04322"
20,21,"H","FALSE",25,182000,0.038474,357.62,517.93,41.43,31.08,72.8,15,0,44.83,19.5803,"Base","DC04323"
31,32,"H","FALSE",25,497000,0.08584,2218.85,2828.67,226.29,169.72,198.8,15,0,27.48,19.2272,"Base","DC04324"
25,26,"H","FALSE",5,184000,0.006543,251.06,394.95,31.6,23.7,73.6,15,0,57.31,4.7953,"Base","DC04325"
36,37,"H","FALSE",10,65000,0.03019,216.93,299.91,23.99,17.99,26,15,0,38.26,9.0461,"Base","DC04326"
58,59,"F","FALSE",10,226000,0.138839,3632.77,4346.71,347.74,260.8,90.4,15,0,19.65,8.6374,"Base","DC04327"
41,42,"H","FALSE",15,33000,0.08111,211.32,278.51,22.28,16.71,13.2,15,0,31.8,12.6661,"Base","DC04328"
43,47,"H","TRUE",25,101000,0.287293,1650.85,1984.01,158.72,119.04,40.4,15,0,20.18,17.5768,"Base","DC04329"
22,25,"F","TRUE",10,211000,0.00779,180.01,324.9,25.99,19.49,84.4,15,0,80.49,9.1311,"Base","DC04330"
51,52,"H","FALSE",5,139000,0.045952,1352.33,1654.57,132.37,99.27,55.6,15,0,22.35,4.7232,"Base","DC04331"
21,22,"F","FALSE",15,7e+05,0.011015,591.24,1030.51,82.44,61.83,280,15,0,74.3,13.0416,"Base","DC04332"
22,26,"H","TRUE",15,164000,0.02407,304.42,447.7,35.82,26.86,65.6,15,0,47.07,12.9673,"Base","DC04333"
38,39,"F","FALSE",15,195000,0.039272,593.81,798.62,63.89,47.92,78,15,0,34.49,12.8964,"Base","DC04334"
39,40,"H","FALSE",25,109000,0.164888,965.69,1191.04,95.28,71.46,43.6,15,0,23.34,18.6113,"Base","DC04335"
43,44,"H","FALSE",10,85000,0.053748,510,650,52,39,34,15,0,27.45,8.958,"Base","DC04336"
24,25,"F","FALSE",10,267000,0.00779,227.78,406.49,32.52,24.39,106.8,15,0,78.46,9.1311,"Base","DC04337"
45,46,"F","FALSE",15,203000,0.074508,1189.81,1495.37,119.63,89.72,81.2,15,0,25.68,12.7123,"Base","DC04338"
49,50,"H","FALSE",15,155000,0.161173,2043.23,2465.38,197.23,147.92,62,15,0,20.66,12.2266,"Base","DC04339"
28,29,"F","FALSE",10,111000,0.00996,121.18,209.98,16.8,12.6,44.4,15,0,73.27,9.1231,"Base","DC04340"
33,34,"H","FALSE",30,220000,0.14656,1496.25,1859.59,148.77,111.58,88,15,0,24.28,21.5494,"Base","DC04341"
37,38,"F","FALSE",15,277000,0.035949,771.13,1042.94,83.44,62.58,110.8,15,0,35.25,12.9136,"Base","DC04342"
29,30,"H","FALSE",20,151000,0.04909,453.8,615.35,49.23,36.92,60.4,15,0,35.6,16.3345,"Base","DC04343"
29,30,"H","FALSE",20,142000,0.04909,426.75,579.71,46.38,34.78,56.8,15,0,35.84,16.3345,"Base","DC04344"
23,27,"H","TRUE",20,187000,0.0395,450.49,628.25,50.26,37.69,74.8,15,0,39.46,16.3963,"Base","DC04345"
31,35,"H","TRUE",20,126000,0.072565,565.04,733.07,58.65,43.98,50.4,15,0,29.74,16.1817,"Base","DC04346"
39,42,"F","TRUE",10,73000,0.028089,226.41,314.66,25.17,18.88,29.2,15,0,38.98,9.0567,"Base","DC04347"
21,22,"H","FALSE",10,369000,0.011673,472.56,738.56,59.08,44.31,147.6,15,0,56.29,9.1146,"Base","DC04348"
46,47,"F","FALSE",10,209000,0.044493,1033.68,1316.61,105.33,79,83.6,15,0,27.37,8.9961,"Base","DC04349"
44,45,"H","FALSE",20,224000,0.16688,2404.77,2917.88,233.43,175.07,89.6,15,0,21.34,15.5445,"Base","DC04350"
38,39,"H","FALSE",10,93000,0.035391,364.63,484.69,38.77,29.08,37.2,15,0,32.93,9.0267,"Base","DC04351"
55,56,"F","FALSE",10,147000,0.104593,1753.22,2124.44,169.96,127.47,58.8,15,0,21.17,8.7696,"Base","DC04352"
60,61,"H","FALSE",10,129000,0.237053,3714.08,4396.14,351.69,263.77,51.6,15,0,18.36,8.2335,"Base","DC04353"
44,45,"H","FALSE",15,86000,0.104857,719.23,893.76,71.5,53.63,34.4,15,0,24.27,12.5379,"Base","DC04354"
23,24,"F","FALSE",30,90000,0.041125,164.68,250.79,20.06,15.05,36,15,0,52.29,22.4753,"Base","DC04355"
58,59,"F","FALSE",12,45000,0.178206,802.87,971.94,77.76,58.32,18,15,0,21.06,9.9882,"Base","DC04356"
44,45,"H","FALSE",15,146000,0.104857,1221.03,1505.15,120.41,90.31,58.4,15,0,23.27,12.5379,"Base","DC04357"
58,59,"H","FALSE",12,101000,0.252261,2648.89,3144.52,251.56,188.67,40.4,15,0,18.71,9.6185,"Base","DC04358"
26,29,"F","TRUE",10,51000,0.00996,55.68,105.91,8.47,6.35,20.4,15,0,90.21,9.1231,"Base","DC04359"
26,27,"H","FALSE",20,188000,0.0395,452.9,631.52,50.52,37.89,75.2,15,0,39.44,16.3963,"Base","DC04360"
59,60,"H","FALSE",11,45000,0.245391,1236.31,1475.94,118.08,88.56,18,15,0,19.38,8.9319,"Base","DC04361"
29,30,"F","FALSE",25,111000,0.045465,258.04,369.11,29.53,22.15,44.4,15,0,43.05,19.5578,"Base","DC04362"
26,27,"F","FALSE",25,54000,0.035523,97.72,156.19,12.5,9.37,21.6,15,0,59.83,19.6294,"Base","DC04363"
37,38,"H","FALSE",10,185000,0.032665,668.7,881.05,70.48,52.86,74,15,0,31.76,9.0369,"Base","DC04364"
25,26,"F","FALSE",20,271000,0.021881,358.85,560.76,44.86,33.65,108.4,15,0,56.26,16.5239,"Base","DC04365"
30,31,"H","FALSE",15,194000,0.033718,506.41,696.52,55.72,41.79,77.6,15,0,37.54,12.917,"Base","DC04366"
24,25,"H","FALSE",15,6e+05,0.022645,1047.19,1514.18,121.13,90.85,240,15,0,44.59,12.9747,"Base","DC04367"
28,29,"H","FALSE",10,40000,0.017108,75.25,123.54,9.88,7.41,16,15,0,64.18,9.0945,"Base","DC04368"
59,60,"H","FALSE",10,131000,0.21791,3434,4071.4,325.71,244.28,52.4,15,0,18.56,8.3128,"Base","DC04369"
55,56,"F","FALSE",15,332000,0.18789,5158.06,6169.6,493.57,370.18,132.8,15,0,19.61,12.0936,"Base","DC04370"
40,41,"F","FALSE",10,106000,0.025691,300.39,416.04,33.28,24.96,42.4,15,0,38.5,9.0655,"Base","DC04372"
49,50,"H","FALSE",15,158000,0.161173,2082.78,2512.76,201.02,150.77,63.2,15,0,20.64,12.2266,"Base","DC04373"
31,32,"H","FALSE",5,346000,0.0092,664.51,951.06,76.08,57.06,138.4,15,0,43.12,4.7904,"Base","DC04374"
22,23,"F","FALSE",20,105000,0.01778,112.8,197.45,15.8,11.85,42,15,0,75.04,16.5495,"Base","DC04375"
35,36,"H","FALSE",10,85000,0.027944,262.33,362.01,28.96,21.72,34,15,0,38,9.0544,"Base","DC04376"
30,31,"F","FALSE",15,175000,0.020112,270.85,413.77,33.1,24.83,70,15,0,52.77,12.9951,"Base","DC04377"
20,21,"F","FALSE",15,458000,0.010433,366.32,656.42,52.51,39.39,183.2,15,0,79.19,13.0445,"Base","DC04378"
40,41,"H","FALSE",15,25000,0.074522,146.68,199.63,15.97,11.98,10,15,0,36.1,12.7013,"Base","DC04379"
60,61,"H","FALSE",10,269000,0.237053,7744.87,9148.22,731.86,548.89,107.6,15,0,18.12,8.2335,"Base","DC04380"
41,42,"H","FALSE",20,242000,0.129754,1987.37,2440.89,195.27,146.45,96.8,15,0,22.82,15.8,"Base","DC04381"
37,41,"H","TRUE",25,63000,0.178906,609.31,755.24,60.42,45.31,25.2,15,0,23.95,18.4982,"Base","DC04382"
23,27,"H","TRUE",20,591000,0.0395,1423.76,1947.86,155.83,116.87,236.4,15,0,36.81,16.3963,"Base","DC04383"
42,43,"F","FALSE",5,139000,0.012756,370.61,513.04,41.04,30.78,55.6,15,0,38.43,4.7844,"Base","DC04384"
22,23,"F","FALSE",15,104000,0.011661,93.01,173.97,13.92,10.44,41.6,15,0,87.04,13.0383,"Base","DC04385"
40,41,"H","FALSE",20,211000,0.119293,1585.98,1959.74,156.78,117.58,84.4,15,0,23.57,15.8709,"Base","DC04386"
42,46,"H","TRUE",28,635000,0.324051,10921.81,13012.57,1041.01,780.75,254,15,0,19.14,18.8405,"Base","DC04387"
22,25,"F","TRUE",10,279000,0.00779,238.02,423.98,33.92,25.44,111.6,15,0,78.13,9.1311,"Base","DC04388"
52,53,"F","FALSE",10,70000,0.078598,620.39,771.38,61.71,46.28,28,15,0,24.34,8.8684,"Base","DC04389"
42,43,"F","FALSE",28,45000,0.182607,406.45,510.99,40.88,30.66,18,15,0,25.72,20.2172,"Base","DC04390"
42,43,"H","FALSE",20,158000,0.141132,1418.29,1740.1,139.21,104.41,63.2,15,0,22.69,15.7224,"Base","DC04391"
38,39,"H","FALSE",10,2e+05,0.035391,784.15,1022.27,81.78,61.34,80,15,0,30.37,9.0267,"Base","DC04392"
22,26,"H","TRUE",20,72000,0.03687,161.74,239,19.12,14.34,28.8,15,0,47.77,16.4132,"Base","DC04393"
47,48,"H","FALSE",5,102000,0.032122,689.97,867.17,69.37,52.03,40.8,15,0,25.68,4.7487,"Base","DC04394"
37,41,"H","TRUE",10,91000,0.041702,421.5,549.89,43.99,32.99,36.4,15,0,30.46,9.0031,"Base","DC04395"
36,37,"H","FALSE",5,93000,0.013005,252.84,354.7,28.38,21.28,37.2,15,0,40.29,4.7835,"Base","DC04396"
28,31,"F","TRUE",10,107000,0.011433,134.17,223.22,17.86,13.39,42.8,15,0,66.37,9.1178,"Base","DC04397"
46,47,"F","FALSE",15,578000,0.081791,3730.17,4623.68,369.89,277.42,231.2,15,0,23.95,12.6738,"Base","DC04398"
35,36,"F","FALSE",20,86000,0.049384,259.75,359.48,28.76,21.57,34.4,15,0,38.39,16.3504,"Base","DC04399"
41,42,"H","FALSE",15,387000,0.08111,2478.24,3079.11,246.33,184.75,154.8,15,0,24.25,12.6661,"Base","DC04400"
21,22,"F","FALSE",20,172000,0.01667,173.18,298.82,23.91,17.93,68.8,15,0,72.54,16.5564,"Base","DC04401"
31,32,"H","FALSE",25,103000,0.08584,459.84,600.05,48,36,41.2,15,0,30.49,19.2272,"Base","DC04402"
38,42,"H","TRUE",5,182000,0.019239,733.75,955.29,76.42,57.32,72.8,15,0,30.19,4.7722,"Base","DC04403"
34,38,"H","TRUE",20,434000,0.092825,2510.35,3138.31,251.07,188.3,173.6,15,0,25.01,16.048,"Base","DC04404"
20,21,"H","FALSE",20,332000,0.026946,542.96,803.21,64.26,48.19,132.8,15,0,47.93,16.4767,"Base","DC04405"
35,36,"H","FALSE",30,129000,0.172044,1040.77,1287.64,103.01,77.26,51.6,15,0,23.72,21.3242,"Base","DC04406"
23,24,"H","FALSE",20,118000,0.032315,231.91,341.99,27.36,20.52,47.2,15,0,47.47,16.4424,"Base","DC04407"
21,22,"H","FALSE",10,149000,0.011673,190.82,308.62,24.69,18.52,59.6,15,0,61.74,9.1146,"Base","DC04408"
36,40,"H","TRUE",15,1e+05,0.068512,538.05,689.6,55.17,41.38,40,15,0,28.17,12.7334,"Base","DC04409"
29,30,"H","FALSE",10,113000,0.018239,226.73,333.64,26.69,20.02,45.2,15,0,47.15,9.0904,"Base","DC04410"
49,50,"H","FALSE",15,205000,0.161173,2702.34,3255.04,260.4,195.3,82,15,0,20.45,12.2266,"Base","DC04411"
34,35,"F","FALSE",15,172000,0.027774,368.72,526.19,42.1,31.57,68.8,15,0,42.71,12.9557,"Base","DC04412"
20,21,"F","FALSE",5,260000,0.002984,161.55,326.22,26.1,19.57,104,15,0,101.93,4.802,"Base","DC04413"
46,49,"F","TRUE",15,251000,0.098587,1966.36,2420.65,193.65,145.24,100.4,15,0,23.1,12.5844,"Base","DC04414"
53,54,"F","FALSE",17,126000,0.190999,1789.94,2157.37,172.59,129.44,50.4,15,0,20.53,13.4451,"Base","DC04415"
42,45,"F","TRUE",15,59000,0.06789,314.23,410.27,32.82,24.62,23.6,15,0,30.56,12.7471,"Base","DC04416"
57,60,"F","TRUE",13,219000,0.218067,4539.99,5398.37,431.87,323.9,87.6,15,0,18.91,10.5191,"Base","DC04417"
22,23,"H","FALSE",10,97000,0.012238,130.27,214.04,17.12,12.84,38.8,15,0,64.3,9.1125,"Base","DC04418"
46,47,"H","FALSE",15,111000,0.124567,1112.38,1362.53,109,81.75,44.4,15,0,22.49,12.4301,"Base","DC04419"
57,58,"H","FALSE",13,110000,0.257846,2755.18,3272.3,261.78,196.34,44,15,0,18.77,10.2944,"Base","DC04420"
27,31,"H","TRUE",10,222000,0.019487,476.15,674.36,53.95,40.46,88.8,15,0,41.63,9.0857,"Base","DC04421"
21,22,"H","FALSE",10,291000,0.011673,372.67,586.13,46.89,35.17,116.4,15,0,57.28,9.1146,"Base","DC04422"
31,32,"H","FALSE",15,853000,0.036276,2398.08,3202.65,256.21,192.16,341.2,15,0,33.55,12.9036,"Base","DC04423"
23,24,"F","FALSE",5,68000,0.003388,47.98,104.86,8.39,6.29,27.2,15,0,118.54,4.8013,"Base","DC04424"
20,24,"H","TRUE",20,152000,0.032315,298.73,435.5,34.84,26.13,60.8,15,0,45.78,16.4424,"Base","DC04425"
41,42,"F","FALSE",15,111000,0.051482,445.3,586.86,46.95,35.21,44.4,15,0,31.79,12.833,"Base","DC04426"
47,48,"H","FALSE",5,263000,0.032122,1779.04,2208.42,176.67,132.51,105.2,15,0,24.14,4.7487,"Base","DC04427"
59,60,"H","FALSE",10,163000,0.21791,4272.84,5061.68,404.93,303.7,65.2,15,0,18.46,8.3128,"Base","DC04428"
50,51,"H","FALSE",15,89000,0.175505,1286.05,1554.25,124.34,93.25,35.6,15,0,20.85,12.1457,"Base","DC04429"
37,41,"H","TRUE",30,123000,0.254298,1521.34,1843.65,147.49,110.62,49.2,15,0,21.19,20.56,"Base","DC04430"
41,45,"H","TRUE",20,211000,0.16688,2265.21,2749.55,219.96,164.97,84.4,15,0,21.38,15.5445,"Base","DC04431"
20,21,"H","FALSE",25,145000,0.038474,284.92,416.18,33.29,24.97,58,15,0,46.07,19.5803,"Base","DC04432"
33,34,"H","FALSE",20,114000,0.066956,470.64,617.72,49.42,37.06,45.6,15,0,31.25,16.2184,"Base","DC04433"
57,60,"F","TRUE",13,574000,0.218067,11899.35,14120.87,1129.67,847.25,229.6,15,0,18.67,10.5191,"Base","DC04434"
24,28,"H","TRUE",20,275000,0.042396,711.87,973.11,77.85,58.39,110,15,0,36.7,16.3777,"Base","DC04436"
57,58,"F","FALSE",13,205000,0.182223,3490.83,4171.89,333.75,250.31,82,15,0,19.51,10.7011,"Base","DC04437"
48,49,"H","FALSE",22,125000,0.270682,2115.13,2535.03,202.8,152.1,50,15,0,19.85,15.9968,"Base","DC04439"
32,33,"H","FALSE",20,271000,0.061843,1031.24,1342.61,107.41,80.56,108.4,15,0,30.19,16.2517,"Base","DC04440"
41,42,"H","FALSE",20,131000,0.129754,1075.81,1329.31,106.34,79.76,52.4,15,0,23.56,15.8,"Base","DC04441"
34,35,"H","FALSE",15,49000,0.045613,173.87,242.41,19.39,14.54,19.6,15,0,39.42,12.8546,"Base","DC04442"
53,57,"H","TRUE",17,179000,0.340747,4910.28,5810.32,464.83,348.62,71.6,15,0,18.33,12.4216,"Base","DC04443"
35,38,"F","TRUE",30,120000,0.137566,761.15,958.31,76.66,57.5,48,15,0,25.9,21.6882,"Base","DC04444"
24,25,"H","FALSE",10,81000,0.013553,120.53,195.27,15.62,11.72,32.4,15,0,62.01,9.1077,"Base","DC04445"
37,38,"H","FALSE",15,65000,0.058045,295.02,390.72,31.26,23.44,26,15,0,32.44,12.789,"Base","DC04446"
26,27,"F","FALSE",20,322000,0.023553,459.26,701.24,56.1,42.07,128.8,15,0,52.69,16.5134,"Base","DC04447"
40,41,"F","FALSE",20,185000,0.077433,885.87,1133.57,90.69,68.01,74,15,0,27.96,16.1706,"Base","DC04448"
34,35,"H","FALSE",10,35000,0.025906,100.06,150.07,12.01,9,14,15,0,49.98,9.062,"Base","DC04449"
59,60,"F","FALSE",11,155000,0.173255,2898.99,3460.46,276.84,207.63,62,15,0,19.37,9.2634,"Base","DC04450"
22,23,"F","FALSE",15,254000,0.011661,227.17,399.73,31.98,23.98,101.6,15,0,75.96,13.0383,"Base","DC04451"
33,34,"H","FALSE",15,53000,0.042198,173.74,244.12,19.53,14.65,21.2,15,0,40.51,12.8725,"Base","DC04452"
60,64,"H","TRUE",10,85000,0.30302,3238.88,3823.12,305.85,229.39,34,15,0,18.04,7.9523,"Base","DC04453"
41,45,"H","TRUE",15,79000,0.104857,660.69,822.43,65.79,49.35,31.6,15,0,24.48,12.5379,"Base","DC04454"
20,24,"H","TRUE",15,95000,0.021353,156.27,243.33,19.47,14.6,38,15,0,55.72,12.9814,"Base","DC04455"
43,44,"H","FALSE",5,106000,0.022728,505.5,654.53,52.36,39.27,42.4,15,0,29.48,4.7658,"Base","DC04456"
20,21,"H","FALSE",20,311000,0.026946,508.62,753.51,60.28,45.21,124.4,15,0,48.15,16.4767,"Base","DC04457"
56,57,"F","FALSE",14,427000,0.185418,6943.4,8289.77,663.18,497.39,170.8,15,0,19.39,11.4027,"Base","DC04458"
29,30,"F","FALSE",20,228000,0.029725,411.38,601.84,48.15,36.11,91.2,15,0,46.3,16.4747,"Base","DC04459"
39,43,"H","TRUE",25,863000,0.210274,9948.6,11986.98,958.96,719.22,345.2,15,0,20.49,18.2404,"Base","DC04460"
36,37,"H","FALSE",15,134000,0.053504,559.55,730.4,58.43,43.82,53.6,15,0,30.53,12.813,"Base","DC04461"
52,53,"H","FALSE",15,242000,0.207736,4203.03,5017.25,401.38,301.03,96.8,15,0,19.37,11.9609,"Base","DC04462"
42,43,"F","FALSE",10,181000,0.030744,615.09,816.85,65.35,49.01,72.4,15,0,32.8,9.0469,"Base","DC04463"
60,64,"H","TRUE",10,246000,0.30302,9373.7,11031.51,882.52,661.89,98.4,15,0,17.69,7.9523,"Base","DC04464"
22,23,"H","FALSE",15,196000,0.020182,304.58,462.77,37.02,27.77,78.4,15,0,51.94,12.9875,"Base","DC04466"
58,59,"H","FALSE",12,359000,0.252261,9415.35,11132.5,890.6,667.95,143.6,15,0,18.24,9.6185,"Base","DC04467"
57,58,"F","FALSE",13,175000,0.182223,2979.97,3563.92,285.11,213.84,70,15,0,19.6,10.7011,"Base","DC04468"
32,33,"H","FALSE",20,168000,0.061843,639.29,838.95,67.12,50.34,67.2,15,0,31.23,16.2517,"Base","DC04469"
49,50,"H","FALSE",15,89000,0.161173,1173.21,1423.03,113.84,85.38,35.6,15,0,21.29,12.2266,"Base","DC04470"
59,60,"F","FALSE",10,69000,0.152432,1225.26,1474.25,117.94,88.46,27.6,15,0,20.32,8.5842,"Base","DC04471"
51,52,"H","FALSE",19,43000,0.27191,825.42,997.23,79.78,59.83,17.2,15,0,20.82,14.1651,"Base","DC04472"
41,44,"F","TRUE",15,110000,0.06188,532.67,687.99,55.04,41.28,44,15,0,29.16,12.7787,"Base","DC04473"
24,25,"H","FALSE",10,123000,0.013553,183.03,287.48,23,17.25,49.2,15,0,57.06,9.1077,"Base","DC04474"
38,41,"F","TRUE",10,478000,0.025691,1354.61,1814.89,145.19,108.89,191.2,15,0,33.98,9.0655,"Base","DC04475"
23,24,"F","FALSE",20,143000,0.019009,164.33,275.03,22,16.5,57.2,15,0,67.37,16.5419,"Base","DC04476"
23,24,"F","FALSE",10,378000,0.007374,305.22,548.16,43.85,32.89,151.2,15,0,79.6,9.1326,"Base","DC04477"
60,64,"H","TRUE",10,306000,0.30302,11659.97,13717.87,1097.43,823.07,122.4,15,0,17.65,7.9523,"Base","DC04478"
34,35,"F","FALSE",25,181000,0.070194,655.65,864.02,69.12,51.84,72.4,15,0,31.78,19.3777,"Base","DC04479"
58,62,"H","TRUE",12,177000,0.320888,6127.11,7224.32,577.95,433.46,70.8,15,0,17.91,9.2698,"Base","DC04480"
38,39,"H","FALSE",10,277000,0.035391,1086.05,1409.13,112.73,84.55,110.8,15,0,29.75,9.0267,"Base","DC04481"
59,60,"F","FALSE",11,88000,0.173255,1645.88,1972.18,157.77,118.33,35.2,15,0,19.83,9.2634,"Base","DC04482"
26,27,"H","FALSE",15,139000,0.025642,275.04,401.91,32.15,24.11,55.6,15,0,46.13,12.9591,"Base","DC04483"
33,34,"H","FALSE",15,261000,0.042198,855.6,1133.72,90.7,68.02,104.4,15,0,32.51,12.8725,"Base","DC04484"
21,22,"H","FALSE",30,97000,0.057971,252.2,355.81,28.46,21.35,38.8,15,0,41.08,22.2967,"Base","DC04485"
43,44,"H","FALSE",15,188000,0.096223,1437.46,1776.35,142.11,106.58,75.2,15,0,23.58,12.5847,"Base","DC04486"
44,45,"F","FALSE",10,322000,0.03693,1317.76,1699.49,135.96,101.97,128.8,15,0,28.97,9.0241,"Base","DC04487"
56,57,"H","FALSE",14,234000,0.262304,5599.96,6637.86,531.03,398.27,93.6,15,0,18.53,10.9606,"Base","DC04488"
41,42,"F","FALSE",10,189000,0.028089,586.18,786.96,62.96,47.22,75.6,15,0,34.25,9.0567,"Base","DC04489"
23,24,"F","FALSE",5,214000,0.003388,151,292.56,23.41,17.55,85.6,15,0,93.74,4.8013,"Base","DC04490"
28,29,"H","FALSE",15,316000,0.029288,715.22,996.06,79.69,59.76,126.4,15,0,39.27,12.9401,"Base","DC04491"
46,47,"H","FALSE",20,131000,0.197005,1683.22,2035.6,162.85,122.14,52.4,15,0,20.94,15.3323,"Base","DC04492"
54,55,"H","FALSE",16,211000,0.268368,4616.3,5483.38,438.67,329,84.4,15,0,18.78,12.2664,"Base","DC04493"
38,42,"H","TRUE",15,19000,0.08111,121.67,167.76,13.42,10.07,7.6,15,0,37.88,12.6661,"Base","DC04494"
36,37,"H","FALSE",15,307000,0.053504,1281.95,1650.87,132.07,99.05,122.8,15,0,28.78,12.813,"Base","DC04495"
26,30,"H","TRUE",5,217000,0.008134,368.3,546.63,43.73,32.8,86.8,15,0,48.42,4.7924,"Base","DC04496"
47,50,"F","TRUE",10,449000,0.059065,2965.85,3674.94,294,220.5,179.6,15,0,23.91,8.9418,"Base","DC04497"
31,32,"F","FALSE",15,126000,0.021745,210.97,321.37,25.71,19.28,50.4,15,0,52.32,12.9867,"Base","DC04499"
27,28,"F","FALSE",30,33000,0.057227,84.5,131.05,10.48,7.86,13.2,15,0,55.08,22.3479,"Base","DC04500"
38,39,"F","FALSE",10,32000,0.021568,76.01,120.7,9.66,7.24,12.8,15,0,58.81,9.0807,"Base","DC04501"
25,26,"H","FALSE",10,291000,0.014315,457.51,684.78,54.78,41.09,116.4,15,0,49.68,9.1048,"Base","DC04502"
31,32,"H","FALSE",20,210000,0.057186,737.57,972.75,77.82,58.37,84,15,0,31.89,16.282,"Base","DC04503"
59,60,"F","FALSE",11,329000,0.173255,6153.34,7325.52,586.04,439.53,131.6,15,0,19.05,9.2634,"Base","DC04504"
23,27,"H","TRUE",15,613000,0.025642,1212.95,1712.97,137.04,102.78,245.2,15,0,41.22,12.9591,"Base","DC04505"
60,61,"F","FALSE",10,84000,0.167242,1647.75,1972.5,157.8,118.35,33.6,15,0,19.71,8.5257,"Base","DC04507"
24,25,"H","FALSE",10,69000,0.013553,102.68,168.93,13.51,10.14,27.6,15,0,64.52,9.1077,"Base","DC04508"
53,56,"F","TRUE",10,158000,0.104593,1884.41,2282.11,182.57,136.93,63.2,15,0,21.1,8.7696,"Base","DC04509"
28,29,"F","FALSE",10,75000,0.00996,81.88,147.54,11.8,8.85,30,15,0,80.18,9.1231,"Base","DC04510"
22,23,"H","FALSE",30,132000,0.062275,369.26,508.21,40.66,30.49,52.8,15,0,37.63,22.2615,"Base","DC04511"
45,46,"F","FALSE",20,236000,0.122397,1819.51,2242.91,179.43,134.57,94.4,15,0,23.27,15.8756,"Base","DC04512"
60,63,"F","TRUE",10,253000,0.200812,6054.51,7175.24,574.02,430.51,101.2,15,0,18.51,8.3914,"Base","DC04513"
42,43,"H","FALSE",20,310000,0.141132,2782.71,3397.34,271.79,203.84,124,15,0,22.09,15.7224,"Base","DC04514"
60,61,"F","FALSE",10,227000,0.167242,4452.86,5300.77,424.06,318.05,90.8,15,0,19.04,8.5257,"Base","DC04515"
24,28,"H","TRUE",10,144000,0.016084,254.56,380.42,30.43,22.83,57.6,15,0,49.44,9.0983,"Base","DC04516"
32,36,"H","TRUE",10,404000,0.027944,1246.83,1655.15,132.41,99.31,161.6,15,0,32.75,9.0544,"Base","DC04517"
60,61,"H","FALSE",10,180000,0.237053,5182.44,6127.25,490.18,367.64,72,15,0,18.23,8.2335,"Base","DC04518"
40,43,"F","TRUE",10,106000,0.030744,360.22,485.6,38.85,29.14,42.4,15,0,34.81,9.0469,"Base","DC04519"
54,55,"F","FALSE",10,273000,0.095105,2948.46,3572.86,285.83,214.37,109.2,15,0,21.18,8.8059,"Base","DC04520"
52,55,"F","TRUE",18,158000,0.228611,2605.36,3120.42,249.63,187.23,63.2,15,0,19.77,13.8639,"Base","DC04521"
46,47,"H","FALSE",10,37000,0.069738,290,371.86,29.75,22.31,14.8,15,0,28.23,8.8976,"Base","DC04522"
30,31,"F","FALSE",15,289000,0.020112,447.28,671.96,53.76,40.32,115.6,15,0,50.23,12.9951,"Base","DC04523"
49,50,"H","FALSE",15,172000,0.161173,2267.33,2733.87,218.71,164.03,68.8,15,0,20.58,12.2266,"Base","DC04524"
50,51,"H","FALSE",10,587000,0.099252,6631.94,8002.02,640.16,480.12,234.8,15,0,20.66,8.7849,"Base","DC04525"
35,36,"F","FALSE",15,64000,0.030228,149.47,221.01,17.68,13.26,25.6,15,0,47.86,12.9431,"Base","DC04526"
30,34,"H","TRUE",20,256000,0.066956,1056.87,1365.43,109.23,81.93,102.4,15,0,29.2,16.2184,"Base","DC04527"
58,59,"F","FALSE",12,173000,0.178206,3086.59,3686.97,294.96,221.22,69.2,15,0,19.45,9.9882,"Base","DC04528"
45,46,"F","FALSE",20,49000,0.122397,377.78,479.51,38.36,28.77,19.6,15,0,26.93,15.8756,"Base","DC04529"
54,55,"H","FALSE",10,196000,0.141352,3213.65,3845.41,307.63,230.72,78.4,15,0,19.66,8.621,"Base","DC04530"
24,25,"H","FALSE",15,93000,0.022645,162.31,249.44,19.95,14.97,37.2,15,0,53.67,12.9747,"Base","DC04532"
38,39,"H","FALSE",10,201000,0.035391,788.07,1027.29,82.18,61.64,80.4,15,0,30.36,9.0267,"Base","DC04533"
23,24,"F","FALSE",10,45000,0.007374,36.34,80.62,6.45,4.84,18,15,0,121.88,9.1326,"Base","DC04534"
20,21,"F","FALSE",10,93000,0.006357,64.71,135.95,10.88,8.16,37.2,15,0,110.07,9.1363,"Base","DC04535"
31,32,"H","FALSE",5,109000,0.0092,209.34,311.56,24.92,18.69,43.6,15,0,48.83,4.7904,"Base","DC04536"
44,45,"F","FALSE",5,127000,0.015262,405.52,548.04,43.84,32.88,50.8,15,0,35.15,4.7798,"Base","DC04537"
49,50,"H","FALSE",20,313000,0.251283,5265.31,6285.48,502.84,377.13,125.2,15,0,19.38,14.9377,"Base","DC04538"
25,26,"F","FALSE",15,146000,0.014051,157.49,268.47,21.48,16.11,58.4,15,0,70.47,13.0261,"Base","DC04539"
51,52,"F","FALSE",19,113000,0.192123,1471.06,1780.53,142.44,106.83,45.2,15,0,21.04,14.758,"Base","DC04540"
40,44,"H","TRUE",15,134000,0.096223,1024.57,1271.13,101.69,76.27,53.6,15,0,24.06,12.5847,"Base","DC04541"
22,26,"H","TRUE",20,130000,0.03687,292.02,417.47,33.4,25.05,52,15,0,42.96,16.4132,"Base","DC04542"
56,59,"F","TRUE",14,112000,0.221686,2215.56,2645.76,211.66,158.75,44.8,15,0,19.42,11.2066,"Base","DC04543"
23,26,"F","TRUE",10,71000,0.008251,64.17,125.08,10.01,7.5,28.4,15,0,94.92,9.1294,"Base","DC04544"
47,51,"H","TRUE",15,86000,0.175505,1242.7,1502.45,120.2,90.15,34.4,15,0,20.9,12.1457,"Base","DC04545"
50,51,"F","FALSE",10,74000,0.064957,538.9,678.48,54.28,40.71,29.6,15,0,25.9,8.9198,"Base","DC04546"
25,26,"H","FALSE",15,84000,0.02407,155.92,237.82,19.03,14.27,33.6,15,0,52.52,12.9673,"Base","DC04547"
57,58,"H","FALSE",13,231000,0.257846,5785.88,6852.65,548.21,411.16,92.4,15,0,18.44,10.2944,"Base","DC04548"
38,39,"H","FALSE",15,155000,0.063035,765.56,979.72,78.38,58.78,62,15,0,27.97,12.7625,"Base","DC04549"
32,33,"F","FALSE",20,98000,0.038089,227.3,327.33,26.19,19.64,39.2,15,0,44.01,16.422,"Base","DC04550"
60,61,"H","FALSE",10,140000,0.237053,4030.79,4769.52,381.56,286.17,56,15,0,18.33,8.2335,"Base","DC04551"
59,60,"H","FALSE",11,256000,0.245391,7033.22,8314.67,665.17,498.88,102.4,15,0,18.22,8.9319,"Base","DC04552"
46,47,"F","FALSE",15,559000,0.081791,3607.55,4472.27,357.78,268.34,223.6,15,0,23.97,12.6738,"Base","DC04553"
26,27,"F","FALSE",10,166000,0.008763,159.37,279.96,22.4,16.8,66.4,15,0,75.67,9.1275,"Base","DC04554"
20,21,"H","FALSE",20,113000,0.026946,184.8,284.89,22.79,17.09,45.2,15,0,54.16,16.4767,"Base","DC04555"
50,51,"H","FALSE",10,225000,0.099252,2542.05,3077.97,246.24,184.68,90,15,0,21.08,8.7849,"Base","DC04556"
21,22,"F","FALSE",5,229000,0.003105,148.07,296.12,23.69,17.77,91.6,15,0,99.99,4.8018,"Base","DC04557"
56,57,"H","FALSE",10,148000,0.168387,2927.18,3489.98,279.2,209.4,59.2,15,0,19.23,8.5138,"Base","DC04559"
44,45,"H","FALSE",20,48000,0.16688,515.31,638.96,51.12,38.34,19.2,15,0,24,15.5445,"Base","DC04560"
22,23,"H","FALSE",25,110000,0.043869,246.95,355.76,28.46,21.35,44,15,0,44.06,19.5407,"Base","DC04561"
21,22,"H","FALSE",25,308000,0.041042,646.22,912.12,72.97,54.73,123.2,15,0,41.15,19.5615,"Base","DC04562"
56,57,"F","FALSE",14,116000,0.185418,1886.26,2264.73,181.18,135.88,46.4,15,0,20.06,11.4027,"Base","DC04563"
29,30,"H","FALSE",15,167000,0.031395,405.52,566.65,45.33,34,66.8,15,0,39.73,12.9291,"Base","DC04564"
28,29,"F","FALSE",10,291000,0.00996,317.7,522.21,41.78,31.33,116.4,15,0,64.37,9.1231,"Base","DC04565"
38,39,"F","FALSE",20,244000,0.064566,969.27,1257.99,100.64,75.48,97.6,15,0,29.79,16.2535,"Base","DC04566"
22,23,"F","FALSE",15,288000,0.011661,257.57,450.9,36.07,27.05,115.2,15,0,75.06,13.0383,"Base","DC04567"
21,22,"F","FALSE",25,183000,0.024367,226.25,365.64,29.25,21.94,73.2,15,0,61.61,19.7091,"Base","DC04568"
42,43,"F","FALSE",25,125000,0.143942,955.96,1187.17,94.97,71.23,50,15,0,24.19,18.8217,"Base","DC04569"
37,38,"F","FALSE",20,134000,0.059004,485.39,644.17,51.53,38.65,53.6,15,0,32.71,16.2891,"Base","DC04570"
56,57,"H","FALSE",14,69000,0.262304,1651.27,1969.62,157.57,118.18,27.6,15,0,19.28,10.9606,"Base","DC04571"
45,46,"H","FALSE",15,75000,0.114284,686.45,850.52,68.04,51.03,30,15,0,23.9,12.4865,"Base","DC04572"
41,44,"F","TRUE",20,199000,0.101913,1266.66,1582.86,126.63,94.97,79.6,15,0,24.96,16.0111,"Base","DC04573"
49,50,"H","FALSE",15,339000,0.161173,4468.74,5371.33,429.71,322.28,135.6,15,0,20.2,12.2266,"Base","DC04574"
20,21,"H","FALSE",15,173000,0.01816,241.7,378.96,30.32,22.74,69.2,15,0,56.79,12.998,"Base","DC04575"
52,53,"H","FALSE",15,102000,0.207736,1771.53,2124.8,169.98,127.49,40.8,15,0,19.94,11.9609,"Base","DC04576"
51,52,"F","FALSE",10,266000,0.07145,2136.57,2625.55,210.04,157.53,106.4,15,0,22.89,8.8954,"Base","DC04577"
50,53,"F","TRUE",20,303000,0.228708,4576.86,5480.3,438.42,328.82,121.2,15,0,19.74,15.1411,"Base","DC04578"
50,51,"F","FALSE",10,210000,0.064957,1529.3,1893.37,151.47,113.6,84,15,0,23.81,8.9198,"Base","DC04579"
25,26,"F","FALSE",15,94000,0.014051,101.4,179.07,14.33,10.74,37.6,15,0,76.6,13.0261,"Base","DC04580"
26,27,"H","FALSE",20,240000,0.0395,578.18,801.37,64.11,48.08,96,15,0,38.6,16.3963,"Base","DC04581"
44,45,"F","FALSE",25,689000,0.171874,6365.71,7739.9,619.19,464.39,275.6,15,0,21.59,18.6029,"Base","DC04582"
26,27,"F","FALSE",20,107000,0.023553,152.61,244.67,19.57,14.68,42.8,15,0,60.32,16.5134,"Base","DC04583"
29,30,"F","FALSE",10,213000,0.010659,248.92,405.95,32.48,24.36,85.2,15,0,63.09,9.1206,"Base","DC04584"
39,40,"H","FALSE",5,128000,0.016373,438.68,587.07,46.97,35.22,51.2,15,0,33.83,4.7774,"Base","DC04585"
55,56,"H","FALSE",15,120000,0.265771,2745.15,3265.29,261.22,195.92,48,15,0,18.95,11.6178,"Base","DC04586"
55,56,"H","FALSE",15,63000,0.265771,1441.2,1722.56,137.81,103.35,25.2,15,0,19.52,11.6178,"Base","DC04587"
45,46,"H","FALSE",25,311000,0.266208,4660.8,5581.63,446.53,334.9,124.4,15,0,19.76,17.7632,"Base","DC04589"
58,59,"F","FALSE",12,86000,0.178206,1534.38,1841.6,147.33,110.5,34.4,15,0,20.02,9.9882,"Base","DC04590"
31,32,"H","FALSE",15,91000,0.036276,255.83,357.25,28.58,21.43,36.4,15,0,39.64,12.9036,"Base","DC04591"
28,29,"F","FALSE",30,80000,0.062333,223.54,314.59,25.17,18.88,32,15,0,40.73,22.3072,"Base","DC04592"
53,54,"F","FALSE",5,173000,0.035733,1303.46,1613.56,129.09,96.81,69.2,15,0,23.79,4.7426,"Base","DC04593"
42,45,"F","TRUE",20,45000,0.111695,315.19,404.88,32.39,24.29,18,15,0,28.45,15.9466,"Base","DC04594"
32,36,"H","TRUE",15,78000,0.049371,300.04,402.6,32.21,24.16,31.2,15,0,34.18,12.8348,"Base","DC04595"
56,57,"H","FALSE",5,53000,0.072545,822.64,998.65,79.89,59.92,21.2,15,0,21.4,4.6738,"Base","DC04596"
44,45,"H","FALSE",25,44000,0.246346,604.35,740.64,59.25,44.44,17.6,15,0,22.55,17.9354,"Base","DC04598"
42,46,"H","TRUE",25,77000,0.266208,1153.96,1395.07,111.61,83.7,30.8,15,0,20.89,17.7632,"Base","DC04599"
41,42,"H","FALSE",10,159000,0.045341,801.96,1023.9,81.91,61.43,63.6,15,0,27.68,8.9895,"Base","DC04600"
22,23,"H","FALSE",15,86000,0.020182,133.64,212.84,17.03,12.77,34.4,15,0,59.26,12.9875,"Base","DC04601"
60,61,"H","FALSE",10,54000,0.237053,1554.73,1850.39,148.03,111.02,21.6,15,0,19.02,8.2335,"Base","DC04602"
56,57,"H","FALSE",5,310000,0.072545,4811.69,5756.61,460.53,345.4,124,15,0,19.64,4.6738,"Base","DC04603"
52,53,"H","FALSE",10,135000,0.118483,1836.32,2215.49,177.24,132.93,54,15,0,20.65,8.7105,"Base","DC04604"
60,61,"F","FALSE",10,159000,0.167242,3118.96,3718.1,297.45,223.09,63.6,15,0,19.21,8.5257,"Base","DC04605"
50,51,"H","FALSE",10,47000,0.099252,531.01,656.75,52.54,39.41,18.8,15,0,23.68,8.7849,"Base","DC04606"
39,40,"F","FALSE",15,363000,0.042945,1210.56,1593.91,127.51,95.63,145.2,15,0,31.67,12.8774,"Base","DC04607"
56,57,"H","FALSE",14,189000,0.262304,4523.04,5364.7,429.18,321.88,75.6,15,0,18.61,10.9606,"Base","DC04608"
27,28,"H","FALSE",10,155000,0.016084,274,408.14,32.65,24.49,62,15,0,48.96,9.0983,"Base","DC04609"
48,52,"H","TRUE",10,74000,0.108445,917.2,1118.37,89.47,67.1,29.6,15,0,21.93,8.7494,"Base","DC04610"
31,32,"H","FALSE",20,152000,0.057186,533.86,708.9,56.71,42.53,60.8,15,0,32.79,16.282,"Base","DC04611"
33,34,"H","FALSE",25,214000,0.100856,1129.25,1430.06,114.4,85.8,85.6,15,0,26.64,19.1129,"Base","DC04612"
22,26,"H","TRUE",10,306000,0.014315,481.09,719.18,57.53,43.15,122.4,15,0,49.49,9.1048,"Base","DC04613"
59,60,"F","FALSE",10,185000,0.152432,3285.11,3923.38,313.87,235.4,74,15,0,19.43,8.5842,"Base","DC04614"
22,23,"H","FALSE",15,99000,0.020182,153.84,242.38,19.39,14.54,39.6,15,0,57.55,12.9875,"Base","DC04615"
51,52,"F","FALSE",19,318000,0.192123,4139.8,4979.07,398.33,298.74,127.2,15,0,20.27,14.758,"Base","DC04616"
30,31,"H","FALSE",15,66000,0.033718,172.28,248.47,19.88,14.91,26.4,15,0,44.22,12.917,"Base","DC04617"
51,52,"H","FALSE",15,385000,0.191007,6099.03,7288.41,583.07,437.3,154,15,0,19.5,12.0573,"Base","DC04618"
59,60,"F","FALSE",11,154000,0.173255,2880.29,3438.24,275.06,206.29,61.6,15,0,19.37,9.2634,"Base","DC04619"
50,51,"H","FALSE",5,113000,0.041982,1002.85,1236.1,98.89,74.17,45.2,15,0,23.26,4.7305,"Base","DC04620"
55,56,"H","FALSE",10,92000,0.154315,1656.63,1986.55,158.92,119.19,36.8,15,0,19.91,8.5698,"Base","DC04621"
23,24,"H","FALSE",15,105000,0.021353,172.71,267.11,21.37,16.03,42,15,0,54.65,12.9814,"Base","DC04622"
21,22,"H","FALSE",10,120000,0.011673,153.68,251.95,20.16,15.12,48,15,0,63.95,9.1146,"Base","DC04623"
45,46,"F","FALSE",25,390000,0.187602,3959.65,4803.09,384.25,288.19,156,15,0,21.3,18.4776,"Base","DC04624"
20,21,"F","FALSE",15,248000,0.010433,198.36,363.44,29.08,21.81,99.2,15,0,83.22,13.0445,"Base","DC04625"
29,33,"H","TRUE",25,145000,0.093015,703.46,902.86,72.23,54.17,58,15,0,28.35,19.1727,"Base","DC04626"
30,34,"H","TRUE",25,566000,0.100856,2986.71,3753.61,300.29,225.22,226.4,15,0,25.68,19.1129,"Base","DC04627"
55,58,"F","TRUE",15,142000,0.224453,2681.85,3201.92,256.15,192.12,56.8,15,0,19.39,11.8845,"Base","DC04628"
53,54,"F","FALSE",17,77000,0.190999,1093.85,1325.18,106.01,79.51,30.8,15,0,21.15,13.4451,"Base","DC04629"
26,27,"F","FALSE",15,36000,0.015027,41.55,82.5,6.6,4.95,14.4,15,0,98.56,13.0211,"Base","DC04631"
29,30,"F","FALSE",15,366000,0.018639,524.65,797.73,63.82,47.86,146.4,15,0,52.05,13.0026,"Base","DC04632"
45,46,"F","FALSE",20,223000,0.122397,1719.28,2120.32,169.63,127.22,89.2,15,0,23.33,15.8756,"Base","DC04633"
33,34,"H","FALSE",15,55000,0.042198,180.3,252.67,20.21,15.16,22,15,0,40.14,12.8725,"Base","DC04634"
43,44,"H","FALSE",25,427000,0.227707,5373.6,6464.42,517.15,387.86,170.8,15,0,20.3,18.0942,"Base","DC04635"
50,51,"H","FALSE",15,50000,0.175505,722.5,880.82,70.47,52.85,20,15,0,21.91,12.1457,"Base","DC04636"
25,26,"F","FALSE",10,144000,0.008251,130.15,235.75,18.86,14.15,57.6,15,0,81.14,9.1294,"Base","DC04637"
26,27,"H","FALSE",10,79000,0.015155,131.54,207.14,16.57,12.43,31.6,15,0,57.47,9.1017,"Base","DC04638"
23,24,"F","FALSE",15,144000,0.012377,136.73,243.41,19.47,14.6,57.6,15,0,78.02,13.0346,"Base","DC04639"
27,28,"H","FALSE",15,287000,0.027376,606.71,856.41,68.51,51.38,114.8,15,0,41.16,12.9501,"Base","DC04640"
56,57,"F","FALSE",14,215000,0.185418,3496.09,4182.67,334.61,250.96,86,15,0,19.64,11.4027,"Base","DC04641"
45,46,"H","FALSE",25,107000,0.266208,1603.56,1931.81,154.54,115.91,42.8,15,0,20.47,17.7632,"Base","DC04642"
44,45,"F","FALSE",20,227000,0.111695,1589.98,1971.84,157.75,118.31,90.8,15,0,24.02,15.9466,"Base","DC04643"
39,40,"F","FALSE",15,141000,0.042945,470.22,629.79,50.38,37.79,56.4,15,0,33.94,12.8774,"Base","DC04645"
53,57,"H","TRUE",5,163000,0.072545,2530.02,3035.13,242.81,182.11,65.2,15,0,19.97,4.6738,"Base","DC04646"
42,43,"H","FALSE",20,40000,0.141132,359.06,453.56,36.28,27.21,16,15,0,26.32,15.7224,"Base","DC04647"
57,58,"H","FALSE",10,54000,0.183635,1173.17,1406.71,112.54,84.4,21.6,15,0,19.91,8.4525,"Base","DC04648"
40,41,"H","FALSE",15,80000,0.074522,469.38,600.44,48.04,36.03,32,15,0,27.92,12.7013,"Base","DC04649"
29,30,"F","FALSE",10,261000,0.010659,305.01,493.5,39.48,29.61,104.4,15,0,61.8,9.1206,"Base","DC04650"
30,33,"F","TRUE",15,249000,0.023553,451.92,658.75,52.7,39.52,99.6,15,0,45.77,12.9774,"Base","DC04651"
36,37,"H","FALSE",30,99000,0.186303,870.17,1075.31,86.02,64.52,39.6,15,0,23.58,21.196,"Base","DC04652"
60,61,"F","FALSE",10,32000,0.167242,627.72,762.23,60.98,45.73,12.8,15,0,21.43,8.5257,"Base","DC04653"
39,40,"H","FALSE",10,85000,0.038395,361.99,477.9,38.23,28.67,34,15,0,32.02,9.0155,"Base","DC04654"
37,38,"F","FALSE",20,102000,0.059004,369.48,494.51,39.56,29.67,40.8,15,0,33.84,16.2891,"Base","DC04655"
28,29,"F","FALSE",25,647000,0.041816,1381.47,1924.73,153.98,115.48,258.8,15,0,39.32,19.5841,"Base","DC04656"
40,41,"H","FALSE",5,130000,0.017736,482.87,639.38,51.15,38.36,52,15,0,32.41,4.7749,"Base","DC04657"
50,53,"F","TRUE",20,124000,0.228708,1873.04,2253.07,180.25,135.18,49.6,15,0,20.29,15.1411,"Base","DC04658"
38,39,"F","FALSE",20,109000,0.064566,433,571.62,45.73,34.3,43.6,15,0,32.02,16.2535,"Base","DC04660"
23,24,"F","FALSE",15,211000,0.012377,200.35,348.55,27.88,20.91,84.4,15,0,73.97,13.0346,"Base","DC04661"
50,51,"H","FALSE",15,144000,0.175505,2080.81,2503.96,200.32,150.24,57.6,15,0,20.34,12.1457,"Base","DC04662"
46,47,"H","FALSE",24,95000,0.267987,1481.74,1784.58,142.77,107.07,38,15,0,20.44,17.1817,"Base","DC04663"
35,39,"H","TRUE",15,165000,0.063035,814.95,1041.8,83.34,62.51,66,15,0,27.84,12.7625,"Base","DC04664"
40,41,"H","FALSE",10,318000,0.041702,1472.94,1878.07,150.25,112.68,127.2,15,0,27.5,9.0031,"Base","DC04666"
51,52,"H","FALSE",19,145000,0.27191,2783.39,3321.38,265.71,199.28,58,15,0,19.33,14.1651,"Base","DC04667"
60,64,"H","TRUE",5,99000,0.137471,2990.83,3541.19,283.3,212.47,39.6,15,0,18.4,4.5504,"Base","DC04668"
28,29,"F","FALSE",15,87000,0.017309,115.75,192.5,15.4,11.55,34.8,15,0,66.3,13.0094,"Base","DC04669"
51,54,"F","TRUE",10,197000,0.086463,1927.11,2349.9,187.99,140.99,78.8,15,0,21.94,8.8387,"Base","DC04670"
60,64,"H","TRUE",10,125000,0.30302,4763.06,5614.02,449.12,336.84,50,15,0,17.87,7.9523,"Base","DC04671"
34,35,"F","FALSE",20,207000,0.045239,571.82,778.63,62.29,46.72,82.8,15,0,36.17,16.3768,"Base","DC04672"
51,52,"F","FALSE",5,114000,0.02945,706.19,891.62,71.33,53.5,45.6,15,0,26.26,4.7541,"Base","DC04673"
33,34,"H","FALSE",5,114000,0.010501,250.02,361.18,28.89,21.67,45.6,15,0,44.46,4.7881,"Base","DC04674"
59,60,"F","FALSE",10,65000,0.152432,1154.23,1389.8,111.18,83.39,26,15,0,20.41,8.5842,"Base","DC04675"
30,33,"F","TRUE",20,203000,0.038089,470.84,659.35,52.75,39.56,81.2,15,0,40.04,16.422,"Base","DC04676"
35,36,"F","FALSE",10,261000,0.01677,481.07,698.22,55.86,41.89,104.4,15,0,45.14,9.0982,"Base","DC04677"
51,54,"F","TRUE",10,79000,0.086463,772.8,952.79,76.22,57.17,31.6,15,0,23.29,8.8387,"Base","DC04678"
46,47,"H","FALSE",15,683000,0.124567,6844.63,8293.99,663.52,497.64,273.2,15,0,21.18,12.4301,"Base","DC04679"
29,33,"H","TRUE",10,162000,0.022383,399.56,557.4,44.59,33.44,64.8,15,0,39.5,9.075,"Base","DC04680"
49,50,"H","FALSE",21,45000,0.271516,793.73,961.31,76.9,57.68,18,15,0,21.11,15.3935,"Base","DC04681"
42,43,"F","FALSE",25,218000,0.143942,1667.2,2057.44,164.6,123.45,87.2,15,0,23.41,18.8217,"Base","DC04682"
41,42,"F","FALSE",10,192000,0.028089,595.49,799.17,63.93,47.95,76.8,15,0,34.2,9.0567,"Base","DC04683"
29,30,"H","FALSE",25,125000,0.07329,474.14,626.91,50.15,37.61,50,15,0,32.22,19.3219,"Base","DC04684"
49,53,"H","TRUE",10,211000,0.118483,2870.1,3452.9,276.23,207.17,84.4,15,0,20.31,8.7105,"Base","DC04685"
36,37,"H","FALSE",15,217000,0.053504,906.13,1172.01,93.76,70.32,86.8,15,0,29.34,12.813,"Base","DC04686"
41,42,"H","FALSE",25,241000,0.19402,2544.71,3088.51,247.08,185.31,96.4,15,0,21.37,18.3748,"Base","DC04687"
35,36,"F","FALSE",20,73000,0.049384,220.49,307.77,24.62,18.47,29.2,15,0,39.59,16.3504,"Base","DC04688"
28,31,"F","TRUE",15,277000,0.020112,428.71,644.78,51.58,38.69,110.8,15,0,50.4,12.9951,"Base","DC04689"
45,46,"H","FALSE",10,102000,0.063902,730.75,914.59,73.17,54.88,40.8,15,0,25.16,8.9197,"Base","DC04690"
48,49,"F","FALSE",22,91000,0.191039,1043.6,1273.26,101.86,76.4,36.4,15,0,22.01,16.6583,"Base","DC04691"
20,24,"H","TRUE",15,404000,0.021353,664.54,978.07,78.25,58.68,161.6,15,0,47.18,12.9814,"Base","DC04692"
38,39,"F","FALSE",25,43000,0.100475,225.58,299.74,23.98,17.98,17.2,15,0,32.88,19.1529,"Base","DC04693"
28,31,"F","TRUE",10,270000,0.011433,338.57,536.7,42.94,32.2,108,15,0,58.52,9.1178,"Base","DC04694"
59,60,"F","FALSE",11,43000,0.173255,804.24,972.6,77.81,58.36,17.2,15,0,20.93,9.2634,"Base","DC04695"
44,45,"F","FALSE",26,236000,0.186079,2303.26,2805.41,224.43,168.32,94.4,15,0,21.8,19.0663,"Base","DC04696"
41,45,"H","TRUE",5,229000,0.024745,1189.92,1507.59,120.61,90.46,91.6,15,0,26.7,4.7622,"Base","DC04697"
53,54,"H","FALSE",17,113000,0.270197,2365.56,2820.65,225.65,169.24,45.2,15,0,19.24,12.907,"Base","DC04698"
55,56,"H","FALSE",10,60000,0.154315,1080.41,1301.64,104.13,78.1,24,15,0,20.48,8.5698,"Base","DC04699"
51,55,"H","TRUE",10,124000,0.141352,2033.13,2439.22,195.14,146.35,49.6,15,0,19.97,8.621,"Base","DC04700"
35,38,"F","TRUE",10,187000,0.019802,407.5,578.26,46.26,34.7,74.8,15,0,41.9,9.0871,"Base","DC04701"
48,49,"H","FALSE",20,760000,0.231924,11688.19,13961.84,1116.95,837.71,304,15,0,19.45,15.0803,"Base","DC04702"
41,42,"F","FALSE",10,85000,0.028089,263.63,363.52,29.08,21.81,34,15,0,37.89,9.0567,"Base","DC04703"
39,40,"F","FALSE",30,222000,0.163886,1695.19,2091.85,167.35,125.51,88.8,15,0,23.4,21.4623,"Base","DC04704"
29,30,"H","FALSE",10,68000,0.018239,136.44,207.72,16.62,12.46,27.2,15,0,52.24,9.0904,"Base","DC04705"
33,36,"F","TRUE",15,36000,0.030228,84.08,131.95,10.56,7.92,14.4,15,0,56.94,12.9431,"Base","DC04706"
21,22,"H","FALSE",10,75000,0.011673,96.05,164.01,13.12,9.84,30,15,0,70.76,9.1146,"Base","DC04707"
23,24,"F","FALSE",25,376000,0.028166,538.07,817.99,65.44,49.08,150.4,15,0,52.02,19.682,"Base","DC04708"
26,27,"F","FALSE",15,130000,0.015027,150.03,252.36,20.19,15.14,52,15,0,68.21,13.0211,"Base","DC04709"
24,25,"F","FALSE",10,253000,0.00779,215.84,386.09,30.89,23.17,101.2,15,0,78.88,9.1311,"Base","DC04710"
37,38,"F","FALSE",10,52000,0.019802,113.32,173.39,13.87,10.4,20.8,15,0,53.02,9.0871,"Base","DC04711"
57,58,"F","FALSE",10,174000,0.126385,2531.85,3042.39,243.39,182.54,69.6,15,0,20.16,8.6858,"Base","DC04712"
45,46,"F","FALSE",10,107000,0.040523,481.19,626.74,50.14,37.6,42.8,15,0,30.25,9.0108,"Base","DC04713"
42,46,"H","TRUE",15,149000,0.114284,1363.75,1672.5,133.8,100.35,59.6,15,0,22.64,12.4865,"Base","DC04714"
25,28,"F","TRUE",10,298000,0.009331,304.7,510.35,40.83,30.62,119.2,15,0,67.49,9.1254,"Base","DC04715"
45,46,"F","FALSE",25,43000,0.187602,436.58,545.09,43.61,32.71,17.2,15,0,24.86,18.4776,"Base","DC04716"
38,39,"H","FALSE",10,210000,0.035391,823.36,1072.51,85.8,64.35,84,15,0,30.26,9.0267,"Base","DC04717"
48,49,"H","FALSE",22,276000,0.270682,4670.2,5576.28,446.1,334.58,110.4,15,0,19.4,15.9968,"Base","DC04718"
49,50,"F","FALSE",15,182000,0.108228,1571.7,1929.65,154.37,115.78,72.8,15,0,22.77,12.5326,"Base","DC04719"
24,27,"F","TRUE",15,252000,0.015027,290.82,472.82,37.83,28.37,100.8,15,0,62.58,13.0211,"Base","DC04720"
35,36,"H","FALSE",10,644000,0.027944,1987.52,2628.04,210.24,157.68,257.6,15,0,32.23,9.0544,"Base","DC04721"
24,25,"H","FALSE",20,201000,0.034482,421.88,601.49,48.12,36.09,80.4,15,0,42.57,16.4285,"Base","DC04722"
21,22,"H","FALSE",25,107000,0.041042,224.5,328.25,26.26,19.7,42.8,15,0,46.22,19.5615,"Base","DC04723"
50,54,"H","TRUE",20,213000,0.34173,5111.79,6060.45,484.84,363.63,85.2,15,0,18.56,14.2393,"Base","DC04724"
54,55,"H","FALSE",15,124000,0.245077,2588.17,3084.61,246.77,185.08,49.6,15,0,19.18,11.7417,"Base","DC04725"
42,43,"F","FALSE",15,154000,0.056427,678.5,878.02,70.24,52.68,61.6,15,0,29.41,12.8072,"Base","DC04726"
59,60,"F","FALSE",5,24000,0.064215,328.59,410.69,32.86,24.64,9.6,15,0,24.98,4.6902,"Base","DC04727"
22,23,"F","FALSE",15,92000,0.011661,82.28,155.91,12.47,9.35,36.8,15,0,89.48,13.0383,"Base","DC04728"
35,36,"F","FALSE",30,484000,0.115279,2550.58,3208.35,256.67,192.5,193.6,15,0,25.79,21.8755,"Base","DC04730"
45,46,"H","FALSE",5,96000,0.026969,544.13,694.81,55.58,41.69,38.4,15,0,27.69,4.7581,"Base","DC04731"
44,47,"F","TRUE",10,254000,0.044493,1256.24,1596.33,127.71,95.78,101.6,15,0,27.07,8.9961,"Base","DC04732"
26,27,"H","FALSE",15,173000,0.025642,342.32,495.95,39.68,29.76,69.2,15,0,44.88,12.9591,"Base","DC04733"
46,47,"H","FALSE",10,120000,0.069738,940.53,1166.9,93.35,70.01,48,15,0,24.07,8.8976,"Base","DC04734"
27,28,"H","FALSE",15,138000,0.027376,291.73,420.85,33.67,25.25,55.2,15,0,44.26,12.9501,"Base","DC04735"
25,26,"H","FALSE",15,226000,0.02407,419.51,610.36,48.83,36.62,90.4,15,0,45.49,12.9673,"Base","DC04736"
51,52,"H","FALSE",10,447000,0.108445,5540.36,6667.63,533.41,400.06,178.8,15,0,20.35,8.7494,"Base","DC04737"
20,24,"H","TRUE",15,148000,0.021353,243.45,369.35,29.55,22.16,59.2,15,0,51.72,12.9814,"Base","DC04738"
34,37,"F","TRUE",5,353000,0.007712,567.94,842.02,67.36,50.52,141.2,15,0,48.26,4.7935,"Base","DC04739"
27,28,"H","FALSE",15,178000,0.027376,376.29,537.78,43.02,32.27,71.2,15,0,42.92,12.9501,"Base","DC04740"
51,52,"F","FALSE",10,216000,0.07145,1734.96,2135.3,170.82,128.12,86.4,15,0,23.08,8.8954,"Base","DC04741"
49,50,"F","FALSE",10,67000,0.059065,442.57,563.22,45.06,33.79,26.8,15,0,27.26,8.9418,"Base","DC04742"
37,38,"F","FALSE",20,111000,0.059004,402.08,536.6,42.93,32.2,44.4,15,0,33.46,16.2891,"Base","DC04743"
33,37,"H","TRUE",10,153000,0.03019,510.61,682.34,54.59,40.94,61.2,15,0,33.63,9.0461,"Base","DC04744"
29,30,"H","FALSE",15,489000,0.031395,1187.42,1625.6,130.05,97.54,195.6,15,0,36.9,12.9291,"Base","DC04745"
39,43,"H","TRUE",15,84000,0.088326,587.57,739.73,59.18,44.38,33.6,15,0,25.9,12.6273,"Base","DC04746"
57,58,"F","FALSE",10,160000,0.126385,2328.14,2799,223.92,167.94,64,15,0,20.22,8.6858,"Base","DC04747"
41,42,"H","FALSE",10,205000,0.045341,1033.97,1315.08,105.21,78.9,82,15,0,27.19,8.9895,"Base","DC04748"
27,28,"H","FALSE",10,206000,0.016084,364.16,536.7,42.94,32.2,82.4,15,0,47.38,9.0983,"Base","DC04749"
54,55,"F","FALSE",16,136000,0.189725,2019.89,2429.4,194.35,145.76,54.4,15,0,20.27,12.7743,"Base","DC04750"
24,25,"F","FALSE",20,166000,0.020371,204.53,332.48,26.6,19.95,66.4,15,0,62.56,16.5333,"Base","DC04751"
29,32,"F","TRUE",15,39000,0.021745,65.3,111.51,8.92,6.69,15.6,15,0,70.77,12.9867,"Base","DC04752"
44,45,"F","FALSE",10,119000,0.03693,487,639.07,51.13,38.34,47.6,15,0,31.23,9.0241,"Base","DC04753"
28,29,"H","FALSE",10,68000,0.017108,127.92,197.81,15.83,11.87,27.2,15,0,54.64,9.0945,"Base","DC04754"
40,41,"H","FALSE",5,120000,0.017736,445.72,591.54,47.32,35.49,48,15,0,32.71,4.7749,"Base","DC04755"
23,24,"F","FALSE",10,274000,0.007374,221.25,402.15,32.17,24.13,109.6,15,0,81.76,9.1326,"Base","DC04757"
32,33,"F","FALSE",30,268000,0.088385,1071.97,1388.56,111.09,83.31,107.2,15,0,29.53,22.097,"Base","DC04758"
42,43,"F","FALSE",15,146000,0.056427,643.25,833.32,66.67,50,58.4,15,0,29.55,12.8072,"Base","DC04759"
46,47,"F","FALSE",15,95000,0.081791,613.09,774.52,61.96,46.47,38,15,0,26.33,12.6738,"Base","DC04760"
31,32,"H","FALSE",10,146000,0.020864,335.46,475.41,38.03,28.52,58.4,15,0,41.72,9.0806,"Base","DC04761"
21,25,"H","TRUE",15,49000,0.022645,85.52,139.68,11.17,8.38,19.6,15,0,63.32,12.9747,"Base","DC04762"
37,38,"H","FALSE",10,128000,0.032665,462.67,614.96,49.2,36.9,51.2,15,0,32.92,9.0369,"Base","DC04763"
50,51,"F","FALSE",15,1e+05,0.118788,952.16,1171.12,93.69,70.27,40,15,0,23,12.4757,"Base","DC04764"
59,60,"H","FALSE",10,121000,0.21791,3171.87,3761.94,300.95,225.72,48.4,15,0,18.6,8.3128,"Base","DC04765"
57,58,"F","FALSE",10,140000,0.126385,2037.12,2451.31,196.1,147.08,56,15,0,20.33,8.6858,"Base","DC04766"
60,64,"H","TRUE",10,77000,0.30302,2934.05,3464.94,277.19,207.9,30.8,15,0,18.09,7.9523,"Base","DC04767"
59,60,"F","FALSE",5,84000,0.064215,1150.07,1393.81,111.5,83.63,33.6,15,0,21.19,4.6902,"Base","DC04768"
45,46,"H","FALSE",15,56000,0.114284,512.55,639.48,51.16,38.37,22.4,15,0,24.76,12.4865,"Base","DC04769"
35,38,"F","TRUE",20,282000,0.059004,1021.49,1336.39,106.91,80.18,112.8,15,0,30.83,16.2891,"Base","DC04770"
31,35,"H","TRUE",20,382000,0.072565,1713.05,2187.03,174.96,131.22,152.8,15,0,27.67,16.1817,"Base","DC04771"
22,23,"H","FALSE",20,74000,0.030348,136.48,210.56,16.84,12.63,29.6,15,0,54.28,16.455,"Base","DC04772"
53,57,"H","TRUE",10,115000,0.168387,2274.5,2715.7,217.26,162.94,46,15,0,19.4,8.5138,"Base","DC04773"
29,32,"F","TRUE",15,338000,0.021745,565.95,832.73,66.62,49.96,135.2,15,0,47.14,12.9867,"Base","DC04774"
21,22,"H","FALSE",20,271000,0.028564,470.11,690.12,55.21,41.41,108.4,15,0,46.8,16.4664,"Base","DC04776"
37,40,"F","TRUE",10,112000,0.023525,290.38,407.18,32.57,24.43,44.8,15,0,40.23,9.0735,"Base","DC04777"
60,61,"H","FALSE",10,618000,0.237053,17793.04,20994.46,1679.56,1259.67,247.2,15,0,17.99,8.2335,"Base","DC04778"
60,61,"H","FALSE",10,60000,0.237053,1727.48,2054.05,164.32,123.24,24,15,0,18.9,8.2335,"Base","DC04779"
55,56,"H","FALSE",15,180000,0.265771,4117.73,4889.22,391.14,293.35,72,15,0,18.74,11.6178,"Base","DC04780"
20,21,"H","FALSE",15,137000,0.01816,191.41,303.73,24.3,18.22,54.8,15,0,58.68,12.998,"Base","DC04781"
32,33,"H","FALSE",10,402000,0.022383,991.51,1357.34,108.59,81.44,160.8,15,0,36.9,9.075,"Base","DC04782"
31,32,"H","FALSE",30,52000,0.124808,298.56,388.79,31.1,23.33,20.8,15,0,30.22,21.7378,"Base","DC04783"
42,43,"F","FALSE",15,138000,0.056427,608.01,788.61,63.09,47.32,55.2,15,0,29.7,12.8072,"Base","DC04784"
33,34,"H","FALSE",15,55000,0.042198,180.3,252.67,20.21,15.16,22,15,0,40.14,12.8725,"Base","DC04785"
41,42,"H","FALSE",20,83000,0.129754,681.62,848.63,67.89,50.92,33.2,15,0,24.5,15.8,"Base","DC04786"
52,53,"H","FALSE",5,51000,0.050319,544.26,674.02,53.92,40.44,20.4,15,0,23.84,4.7152,"Base","DC04787"
34,35,"H","FALSE",20,793000,0.072565,3556.15,4521.33,361.71,271.28,317.2,15,0,27.14,16.1817,"Base","DC04788"
48,49,"F","FALSE",5,159000,0.022119,737.71,949.2,75.94,56.95,63.6,15,0,28.67,4.7674,"Base","DC04789"
20,21,"H","FALSE",15,55000,0.01816,76.84,132.37,10.59,7.94,22,15,0,72.27,12.998,"Base","DC04790"
26,27,"H","FALSE",15,228000,0.025642,451.15,648.08,51.85,38.88,91.2,15,0,43.65,12.9591,"Base","DC04791"
26,27,"H","FALSE",25,260000,0.0583,779.97,1045.32,83.63,62.72,104,15,0,34.02,19.4339,"Base","DC04792"
27,28,"H","FALSE",20,118000,0.042396,305.46,427.51,34.2,25.65,47.2,15,0,39.96,16.3777,"Base","DC04793"
46,49,"F","TRUE",24,332000,0.224544,4236.41,5097.92,407.83,305.88,132.8,15,0,20.34,17.5971,"Base","DC04794"
41,44,"F","TRUE",10,99000,0.033681,369.02,492.58,39.41,29.55,39.6,15,0,33.48,9.0361,"Base","DC04795"
30,34,"H","TRUE",10,315000,0.024059,835.66,1135.65,90.85,68.14,126,15,0,35.9,9.0688,"Base","DC04796"
36,37,"F","FALSE",25,44000,0.083927,191.57,260.66,20.85,15.64,17.6,15,0,36.07,19.2763,"Base","DC04797"
55,56,"H","FALSE",10,117000,0.154315,2106.8,2521.63,201.73,151.3,46.8,15,0,19.69,8.5698,"Base","DC04798"
42,43,"H","FALSE",5,498000,0.020898,2182.2,2786.51,222.92,167.19,199.2,15,0,27.69,4.7692,"Base","DC04799"
32,33,"H","FALSE",15,57000,0.039095,172.89,244.99,19.6,14.7,22.8,15,0,41.7,12.8888,"Base","DC04800"
59,60,"H","FALSE",11,75000,0.245391,2060.51,2448.27,195.86,146.9,30,15,0,18.82,8.9319,"Base","DC04801"
34,38,"H","TRUE",20,101000,0.092825,584.21,743.73,59.5,44.62,40.4,15,0,27.31,16.048,"Base","DC04802"
31,32,"H","FALSE",15,52000,0.036276,146.19,211.62,16.93,12.7,20.8,15,0,44.75,12.9036,"Base","DC04803"
29,30,"F","FALSE",10,476000,0.010659,556.27,885.66,70.85,53.14,190.4,15,0,59.21,9.1206,"Base","DC04804"
44,45,"H","FALSE",10,160000,0.058587,1048.56,1311.12,104.89,78.67,64,15,0,25.04,8.9398,"Base","DC04805"
32,33,"F","FALSE",20,295000,0.038089,684.22,950.26,76.02,57.02,118,15,0,38.88,16.422,"Base","DC04806"
45,46,"F","FALSE",20,118000,0.122397,909.75,1130.18,90.41,67.81,47.2,15,0,24.23,15.8756,"Base","DC04807"
30,34,"H","TRUE",15,363000,0.042198,1189.97,1569.96,125.6,94.2,145.2,15,0,31.93,12.8725,"Base","DC04808"
57,58,"H","FALSE",5,235000,0.079518,4009.33,4788.76,383.1,287.33,94,15,0,19.44,4.6608,"Base","DC04809"
60,61,"H","FALSE",10,132000,0.237053,3800.45,4497.97,359.84,269.88,52.8,15,0,18.35,8.2335,"Base","DC04810"
47,48,"H","FALSE",10,180000,0.076139,1544.52,1897.12,151.77,113.83,72,15,0,22.83,8.8733,"Base","DC04811"
21,22,"H","FALSE",15,175000,0.019121,257.54,398.3,31.86,23.9,70,15,0,54.66,12.993,"Base","DC04812"
31,35,"H","TRUE",20,448000,0.072565,2009.02,2561.88,204.95,153.71,179.2,15,0,27.52,16.1817,"Base","DC04813"
45,46,"F","FALSE",10,180000,0.040523,809.49,1042.43,83.39,62.55,72,15,0,28.78,9.0108,"Base","DC04814"
29,30,"F","FALSE",5,114000,0.004695,111.54,200.16,16.01,12.01,45.6,15,0,79.45,4.7989,"Base","DC04815"
41,42,"F","FALSE",20,21000,0.084844,110.51,155.71,12.46,9.34,8.4,15,0,40.9,16.1225,"Base","DC04816"
47,51,"H","TRUE",23,50000,0.337695,1054.8,1267.21,101.38,76.03,20,15,0,20.14,16.0076,"Base","DC04817"
39,43,"H","TRUE",10,117000,0.049345,643.3,819.89,65.59,49.19,46.8,15,0,27.45,8.9745,"Base","DC04819"
49,50,"F","FALSE",20,169000,0.175767,1914.72,2322.46,185.8,139.35,67.6,15,0,21.3,15.5139,"Base","DC04820"
34,37,"F","TRUE",20,143000,0.053958,472.76,633.67,50.69,38.02,57.2,15,0,34.04,16.3213,"Base","DC04821"
20,21,"F","FALSE",5,407000,0.002984,252.89,500.81,40.06,30.05,162.8,15,0,98.03,4.802,"Base","DC04822"
27,28,"H","FALSE",10,56000,0.016084,99,158.6,12.69,9.52,22.4,15,0,60.21,9.0983,"Base","DC04823"
60,61,"H","FALSE",10,90000,0.237053,2591.22,3072.35,245.79,184.34,36,15,0,18.57,8.2335,"Base","DC04824"
59,60,"F","FALSE",11,80000,0.173255,1496.25,1794.48,143.56,107.67,32,15,0,19.93,9.2634,"Base","DC04825"
32,33,"F","FALSE",20,152000,0.038089,352.55,498.08,39.85,29.88,60.8,15,0,41.28,16.422,"Base","DC04826"
33,34,"F","FALSE",5,117000,0.006149,150,246.27,19.7,14.78,46.8,15,0,64.19,4.7963,"Base","DC04827"
30,33,"F","TRUE",15,144000,0.023553,261.35,388.32,31.07,23.3,57.6,15,0,48.58,12.9774,"Base","DC04828"
32,33,"F","FALSE",25,322000,0.058843,973.63,1299.34,103.95,77.96,128.8,15,0,33.45,19.4607,"Base","DC04829"
47,48,"H","FALSE",20,373000,0.213842,5243.56,6288.09,503.05,377.29,149.2,15,0,19.92,15.2117,"Base","DC04830"
34,37,"F","TRUE",10,220000,0.018208,440.54,632.02,50.56,37.92,88,15,0,43.47,9.093,"Base","DC04831"
27,28,"F","FALSE",15,209000,0.016109,258.68,415.44,33.24,24.93,83.6,15,0,60.6,13.0155,"Base","DC04832"
47,48,"H","FALSE",20,3e+05,0.213842,4217.34,5060.86,404.87,303.65,120,15,0,20,15.2117,"Base","DC04833"
37,38,"H","FALSE",5,30000,0.014019,87.95,133.67,10.69,8.02,12,15,0,51.97,4.7817,"Base","DC04834"
36,40,"H","TRUE",15,170000,0.068512,914.69,1160.11,92.81,69.61,68,15,0,26.83,12.7334,"Base","DC04835"
37,40,"F","TRUE",20,101000,0.070692,440.35,576.45,46.12,34.59,40.4,15,0,30.91,16.2141,"Base","DC04836"
39,40,"F","FALSE",20,241000,0.070692,1050.73,1351.32,108.11,81.08,96.4,15,0,28.61,16.2141,"Base","DC04837"
54,55,"F","FALSE",15,75000,0.171656,1056.57,1280.9,102.47,76.85,30,15,0,21.23,12.1849,"Base","DC04838"
21,22,"F","FALSE",25,60000,0.024367,74.18,131.6,10.53,7.9,24,15,0,77.41,19.7091,"Base","DC04839"
28,29,"F","FALSE",30,711000,0.062333,1986.75,2658.31,212.67,159.5,284.4,15,0,33.8,22.3072,"Base","DC04840"
40,41,"H","FALSE",15,127000,0.074522,745.14,942.95,75.44,56.58,50.8,15,0,26.55,12.7013,"Base","DC04841"
43,44,"H","FALSE",15,191000,0.096223,1460.4,1804.42,144.35,108.26,76.4,15,0,23.56,12.5847,"Base","DC04842"
35,39,"H","TRUE",30,154000,0.218058,1606.42,1957,156.56,117.42,61.6,15,0,21.82,20.9042,"Base","DC04843"
55,59,"H","TRUE",10,62000,0.200123,1479.62,1766.76,141.34,106.01,24.8,15,0,19.41,8.3857,"Base","DC04844"
51,54,"F","TRUE",10,184000,0.086463,1799.94,2195.98,175.68,131.76,73.6,15,0,22,8.8387,"Base","DC04845"
35,36,"H","FALSE",15,271000,0.049371,1042.45,1355.64,108.45,81.34,108.4,15,0,30.04,12.8348,"Base","DC04846"
53,54,"H","FALSE",17,176000,0.270197,3684.41,4383.5,350.68,263.01,70.4,15,0,18.97,12.907,"Base","DC04847"
21,22,"F","FALSE",20,78000,0.01667,78.54,145.04,11.6,8.7,31.2,15,0,84.68,16.5564,"Base","DC04848"
39,40,"F","FALSE",25,290000,0.109952,1671.03,2095.39,167.63,125.72,116,15,0,25.39,19.0816,"Base","DC04849"
20,21,"H","FALSE",25,485000,0.038474,953,1351.17,108.09,81.07,194,15,0,41.78,19.5803,"Base","DC04850"
53,54,"H","FALSE",10,321000,0.12943,4793.27,5740.31,459.22,344.42,128.4,15,0,19.76,8.6678,"Base","DC04851"
41,45,"H","TRUE",15,123000,0.104857,1028.67,1270.78,101.66,76.25,49.2,15,0,23.54,12.5379,"Base","DC04852"
49,52,"F","TRUE",15,170000,0.130339,1785.04,2172.14,173.77,130.33,68,15,0,21.69,12.4129,"Base","DC04853"
52,53,"H","FALSE",18,89000,0.271351,1783.65,2132.84,170.63,127.97,35.6,15,0,19.58,13.5398,"Base","DC04854"
59,60,"F","FALSE",10,474000,0.152432,8416.98,10025.09,802.01,601.51,189.6,15,0,19.11,8.5842,"Base","DC04855"
23,24,"F","FALSE",20,251000,0.019009,288.43,469.57,37.57,28.17,100.4,15,0,62.8,16.5419,"Base","DC04856"
51,55,"H","TRUE",5,171000,0.060395,2198.98,2653.93,212.31,159.24,68.4,15,0,20.69,4.6965,"Base","DC04857"
34,35,"H","FALSE",20,82000,0.072565,367.72,483.17,38.65,28.99,32.8,15,0,31.39,16.1817,"Base","DC04858"
45,46,"H","FALSE",25,148000,0.266208,2218,2665.35,213.23,159.92,59.2,15,0,20.17,17.7632,"Base","DC04859"
51,55,"H","TRUE",15,149000,0.245077,3109.98,3703,296.24,222.18,59.6,15,0,19.07,11.7417,"Base","DC04860"
58,59,"H","FALSE",10,187000,0.200123,4462.71,5293.62,423.49,317.62,74.8,15,0,18.62,8.3857,"Base","DC04861"
45,46,"H","FALSE",20,118000,0.181367,1385.82,1683.75,134.7,101.02,47.2,15,0,21.5,15.4431,"Base","DC04862"
46,47,"H","FALSE",24,347000,0.267987,5412.25,6472.15,517.77,388.33,138.8,15,0,19.58,17.1817,"Base","DC04863"
55,56,"H","FALSE",15,51000,0.265771,1166.69,1397.78,111.82,83.87,20.4,15,0,19.81,11.6178,"Base","DC04864"
51,55,"H","TRUE",19,253000,0.342059,6345.14,7513.18,601.05,450.79,101.2,15,0,18.41,13.6389,"Base","DC04865"
57,58,"H","FALSE",10,473000,0.183635,10276.14,12186.44,974.92,731.19,189.2,15,0,18.59,8.4525,"Base","DC04866"
48,49,"H","FALSE",20,109000,0.231924,1676.33,2017.36,161.39,121.04,43.6,15,0,20.34,15.0803,"Base","DC04867"
23,24,"H","FALSE",15,116000,0.021353,190.81,293.27,23.46,17.6,46.4,15,0,53.7,12.9814,"Base","DC04868"
30,31,"H","FALSE",10,160000,0.019487,343.17,490.89,39.27,29.45,64,15,0,43.05,9.0857,"Base","DC04869"
36,37,"F","FALSE",20,302000,0.053958,998.42,1318.86,105.51,79.13,120.8,15,0,32.09,16.3213,"Base","DC04870"
36,37,"F","FALSE",20,176000,0.053958,581.86,775.88,62.07,46.55,70.4,15,0,33.35,16.3213,"Base","DC04871"
35,36,"F","FALSE",10,125000,0.01677,230.4,343.49,27.48,20.61,50,15,0,49.08,9.0982,"Base","DC04872"
38,39,"H","FALSE",10,1e+05,0.035391,392.08,519.86,41.59,31.19,40,15,0,32.59,9.0267,"Base","DC04873"
58,59,"F","FALSE",12,138000,0.178206,2462.14,2944.58,235.57,176.67,55.2,15,0,19.59,9.9882,"Base","DC04874"
24,25,"H","FALSE",5,153000,0.006235,198.9,319.89,25.59,19.19,61.2,15,0,60.83,4.7958,"Base","DC04875"
31,32,"H","FALSE",20,177000,0.057186,621.66,822.63,65.81,49.36,70.8,15,0,32.33,16.282,"Base","DC04876"
31,32,"F","FALSE",10,241000,0.012292,325.02,507.46,40.6,30.45,96.4,15,0,56.13,9.1146,"Base","DC04877"
22,23,"F","FALSE",20,319000,0.01778,342.71,564.31,45.15,33.86,127.6,15,0,64.66,16.5495,"Base","DC04878"
22,23,"H","FALSE",10,78000,0.012238,104.76,175.53,14.04,10.53,31.2,15,0,67.56,9.1125,"Base","DC04879"
51,52,"F","FALSE",10,79000,0.07145,634.55,792.03,63.36,47.52,31.6,15,0,24.82,8.8954,"Base","DC04880"
42,43,"F","FALSE",20,54000,0.092983,312.46,405.89,32.47,24.35,21.6,15,0,29.9,16.0695,"Base","DC04881"
39,40,"H","FALSE",15,165000,0.068512,887.79,1126.5,90.12,67.59,66,15,0,26.89,12.7334,"Base","DC04882"
58,59,"H","FALSE",12,118000,0.252261,3094.74,3670.86,293.67,220.25,47.2,15,0,18.62,9.6185,"Base","DC04883"
50,51,"F","FALSE",10,260000,0.064957,1893.42,2340.02,187.2,140.4,104,15,0,23.59,8.9198,"Base","DC04884"
27,28,"H","FALSE",15,133000,0.027376,281.16,406.23,32.5,24.37,53.2,15,0,44.48,12.9501,"Base","DC04885"
39,40,"H","FALSE",10,296000,0.038395,1260.59,1620.92,129.67,97.26,118.4,15,0,28.58,9.0155,"Base","DC04886"
48,52,"H","TRUE",10,110000,0.108445,1363.4,1653.95,132.32,99.24,44,15,0,21.31,8.7494,"Base","DC04887"
56,57,"F","FALSE",10,69000,0.114995,908.92,1106.42,88.51,66.39,27.6,15,0,21.73,8.7297,"Base","DC04888"
51,52,"H","FALSE",19,172000,0.27191,3301.67,3936.6,314.93,236.2,68.8,15,0,19.23,14.1651,"Base","DC04889"
29,30,"F","FALSE",10,76000,0.010659,88.82,156.07,12.49,9.36,30.4,15,0,75.72,9.1206,"Base","DC04890"
45,48,"F","TRUE",10,58000,0.048879,315.71,411.52,32.92,24.69,23.2,15,0,30.35,8.9798,"Base","DC04891"
55,56,"F","FALSE",15,230000,0.18789,3573.35,4279.48,342.36,256.77,92,15,0,19.76,12.0936,"Base","DC04892"
21,22,"F","FALSE",15,67000,0.011015,56.59,114.41,9.15,6.86,26.8,15,0,102.17,13.0416,"Base","DC04893"
39,40,"F","FALSE",20,119000,0.070692,518.83,676.08,54.09,40.56,47.6,15,0,30.31,16.2141,"Base","DC04894"
51,52,"F","FALSE",19,85000,0.192123,1106.55,1343.66,107.49,80.62,34,15,0,21.43,14.758,"Base","DC04895"
51,55,"H","TRUE",15,257000,0.245077,5364.19,6374.4,509.95,382.46,102.8,15,0,18.83,11.7417,"Base","DC04896"
54,55,"H","FALSE",16,124000,0.268368,2712.9,3229.65,258.37,193.78,49.6,15,0,19.05,12.2664,"Base","DC04897"
49,50,"F","FALSE",21,152000,0.19171,1817.39,2201.38,176.11,132.08,60.8,15,0,21.13,16.0339,"Base","DC04898"
50,51,"F","FALSE",15,334000,0.118788,3180.22,3870.72,309.66,232.24,133.6,15,0,21.71,12.4757,"Base","DC04899"
21,25,"H","TRUE",30,95000,0.072176,309.14,421.09,33.69,25.27,38,15,0,36.21,22.1803,"Base","DC04900"
36,37,"H","FALSE",10,92000,0.03019,307.03,417.25,33.38,25.03,36.8,15,0,35.9,9.0461,"Base","DC04901"
36,37,"F","FALSE",15,224000,0.032945,570.78,785.32,62.83,47.12,89.6,15,0,37.59,12.9291,"Base","DC04902"
41,45,"H","TRUE",15,618000,0.104857,5168.46,6314.72,505.18,378.88,247.2,15,0,22.18,12.5379,"Base","DC04903"
60,61,"F","FALSE",10,331000,0.167242,6492.93,7721.32,617.71,463.28,132.4,15,0,18.92,8.5257,"Base","DC04904"
28,29,"F","FALSE",10,312000,0.00996,340.63,558.63,44.69,33.52,124.8,15,0,64,9.1231,"Base","DC04905"
57,61,"H","TRUE",10,107000,0.237053,3080.67,3649.39,291.95,218.96,42.8,15,0,18.46,8.2335,"Base","DC04906"
37,38,"H","FALSE",20,141000,0.092825,815.57,1031.37,82.51,61.88,56.4,15,0,26.46,16.048,"Base","DC04907"
55,56,"H","FALSE",10,70000,0.154315,1260.48,1515.67,121.25,90.94,28,15,0,20.25,8.5698,"Base","DC04909"
36,37,"F","FALSE",5,83000,0.007712,133.54,211.32,16.91,12.68,33.2,15,0,58.25,4.7935,"Base","DC04910"
56,59,"F","TRUE",14,251000,0.221686,4965.22,5907.69,472.62,354.46,100.4,15,0,18.98,11.2066,"Base","DC04911"
30,34,"H","TRUE",10,133000,0.024059,352.83,489.58,39.17,29.37,53.2,15,0,38.75,9.0688,"Base","DC04912"
27,28,"H","FALSE",15,76000,0.027376,160.66,239.61,19.17,14.38,30.4,15,0,49.14,12.9501,"Base","DC04913"
34,35,"F","FALSE",10,359000,0.015472,610.17,893.92,71.51,53.64,143.6,15,0,46.5,9.103,"Base","DC04914"
41,44,"F","TRUE",10,106000,0.033681,395.11,526.17,42.09,31.57,42.4,15,0,33.17,9.0361,"Base","DC04915"
31,32,"H","FALSE",25,175000,0.08584,781.29,1007.31,80.58,60.44,70,15,0,28.93,19.2272,"Base","DC04916"
36,37,"F","FALSE",15,422000,0.032945,1075.3,1464.07,117.13,87.84,168.8,15,0,36.15,12.9291,"Base","DC04917"
39,40,"H","FALSE",25,83000,0.164888,735.34,911.1,72.89,54.67,33.2,15,0,23.9,18.6113,"Base","DC04918"
53,54,"F","FALSE",10,30000,0.086463,293.47,372.64,29.81,22.36,12,15,0,26.98,8.8387,"Base","DC04919"
24,25,"H","FALSE",5,184000,0.006235,239.2,381.17,30.49,22.87,73.6,15,0,59.35,4.7958,"Base","DC04920"
40,41,"H","FALSE",20,167000,0.119293,1255.25,1554.71,124.38,93.28,66.8,15,0,23.86,15.8709,"Base","DC04921"
45,46,"H","FALSE",25,286000,0.266208,4286.14,5134.35,410.75,308.06,114.4,15,0,19.79,17.7632,"Base","DC04922"
32,33,"H","FALSE",30,124000,0.135243,774.68,975.91,78.07,58.55,49.6,15,0,25.98,21.6479,"Base","DC04923"
45,46,"F","FALSE",15,155000,0.074508,908.48,1145.91,91.67,68.75,62,15,0,26.13,12.7123,"Base","DC04925"
39,40,"H","FALSE",15,204000,0.068512,1097.63,1388.64,111.09,83.32,81.6,15,0,26.51,12.7334,"Base","DC04926"
49,50,"F","FALSE",20,183000,0.175767,2073.33,2513.41,201.07,150.8,73.2,15,0,21.23,15.5139,"Base","DC04927"
34,35,"H","FALSE",15,76000,0.045613,269.68,366.37,29.31,21.98,30.4,15,0,35.85,12.8546,"Base","DC04928"
37,38,"H","FALSE",10,368000,0.032665,1330.17,1735.32,138.83,104.12,147.2,15,0,30.46,9.0369,"Base","DC04929"
27,28,"H","FALSE",10,128000,0.016084,226.27,340.09,27.21,20.41,51.2,15,0,50.3,9.0983,"Base","DC04930"
42,43,"F","FALSE",15,102000,0.056427,449.4,587.44,47,35.25,40.8,15,0,30.72,12.8072,"Base","DC04931"
24,25,"F","FALSE",5,171000,0.003553,126.56,244.14,19.53,14.65,68.4,15,0,92.9,4.801,"Base","DC04932"
60,61,"F","FALSE",10,42000,0.167242,823.88,994.97,79.6,59.7,16.8,15,0,20.77,8.5257,"Base","DC04933"
43,44,"H","FALSE",5,196000,0.022728,934.7,1195.46,95.64,71.73,78.4,15,0,27.9,4.7658,"Base","DC04934"
53,54,"F","FALSE",17,278000,0.190999,3949.23,4738.88,379.11,284.33,111.2,15,0,19.99,13.4451,"Base","DC04935"
43,44,"F","FALSE",20,43000,0.101913,273.7,355.7,28.46,21.34,17.2,15,0,29.96,16.0111,"Base","DC04936"
50,51,"H","FALSE",15,118000,0.175505,1705.11,2055.01,164.4,123.3,47.2,15,0,20.52,12.1457,"Base","DC04937"
27,28,"H","FALSE",10,98000,0.016084,173.24,264.47,21.16,15.87,39.2,15,0,52.66,9.0983,"Base","DC04938"
33,34,"H","FALSE",15,208000,0.042198,681.85,907.04,72.56,54.42,83.2,15,0,33.03,12.8725,"Base","DC04939"
30,31,"H","FALSE",20,514000,0.052947,1668.64,2196.79,175.74,131.81,205.6,15,0,31.65,16.3095,"Base","DC04940"
55,56,"H","FALSE",15,82000,0.265771,1875.85,2236.81,178.94,134.21,32.8,15,0,19.24,11.6178,"Base","DC04941"
22,23,"F","FALSE",15,62000,0.011661,55.45,110.76,8.86,6.65,24.8,15,0,99.74,13.0383,"Base","DC04942"
44,48,"H","TRUE",15,69000,0.135767,757.41,930.25,74.42,55.81,27.6,15,0,22.82,12.3683,"Base","DC04943"
47,50,"F","TRUE",20,162000,0.175767,1835.41,2226.99,178.16,133.62,64.8,15,0,21.33,15.5139,"Base","DC04944"
37,38,"H","FALSE",20,97000,0.092825,561.07,714.96,57.2,42.9,38.8,15,0,27.43,16.048,"Base","DC04945"
60,61,"H","FALSE",10,84000,0.237053,2418.47,2868.69,229.5,172.12,33.6,15,0,18.62,8.2335,"Base","DC04946"
55,56,"F","FALSE",15,103000,0.18789,1600.24,1926.09,154.09,115.57,41.2,15,0,20.36,12.0936,"Base","DC04947"
30,31,"H","FALSE",20,111000,0.052947,360.35,488.08,39.05,29.28,44.4,15,0,35.45,16.3095,"Base","DC04948"
55,59,"H","TRUE",15,197000,0.33616,5922.79,6996.03,559.68,419.76,78.8,15,0,18.12,11.1811,"Base","DC04949"
58,59,"F","FALSE",12,176000,0.178206,3140.12,3750.6,300.05,225.04,70.4,15,0,19.44,9.9882,"Base","DC04950"
21,25,"H","TRUE",5,306000,0.006235,397.81,622.33,49.79,37.34,122.4,15,0,56.44,4.7958,"Base","DC04951"
55,59,"H","TRUE",15,138000,0.33616,4148.96,4906,392.48,294.36,55.2,15,0,18.25,11.1811,"Base","DC04952"
59,63,"H","TRUE",5,61000,0.12558,1675,1993.48,159.48,119.61,24.4,15,0,19.01,4.5734,"Base","DC04953"
25,26,"F","FALSE",20,183000,0.021881,242.33,384.33,30.75,23.06,73.2,15,0,58.6,16.5239,"Base","DC04954"
46,47,"H","FALSE",24,80000,0.267987,1247.78,1505.56,120.44,90.33,32,15,0,20.66,17.1817,"Base","DC04955"
48,49,"F","FALSE",22,260000,0.191039,2981.72,3605.49,288.44,216.33,104,15,0,20.92,16.6583,"Base","DC04956"
30,34,"H","TRUE",15,201000,0.042198,658.91,877.1,70.17,52.63,80.4,15,0,33.11,12.8725,"Base","DC04957"
45,46,"H","FALSE",15,468000,0.114284,4283.45,5215.87,417.27,312.95,187.2,15,0,21.77,12.4865,"Base","DC04958"
60,63,"F","TRUE",10,41000,0.200812,981.16,1177.4,94.19,70.64,16.4,15,0,20,8.3914,"Base","DC04959"
43,46,"F","TRUE",15,224000,0.074508,1312.9,1648.25,131.86,98.9,89.6,15,0,25.54,12.7123,"Base","DC04960"
46,47,"H","FALSE",20,91000,0.197005,1169.26,1419.37,113.55,85.16,36.4,15,0,21.39,15.3323,"Base","DC04961"
58,62,"H","TRUE",10,98000,0.257598,3098.53,3665.97,293.28,219.96,39.2,15,0,18.31,8.1473,"Base","DC04962"
34,35,"H","FALSE",30,156000,0.158811,1155.43,1433.53,114.68,86.01,62.4,15,0,24.07,21.4418,"Base","DC04963"
21,22,"H","FALSE",25,291000,0.041042,610.55,862.74,69.02,51.76,116.4,15,0,41.3,19.5615,"Base","DC04964"
58,61,"F","TRUE",12,63000,0.213476,1369.37,1639.04,131.12,98.34,25.2,15,0,19.69,9.8213,"Base","DC04965"
31,32,"F","FALSE",10,57000,0.012292,76.87,133.34,10.67,8,22.8,15,0,73.46,9.1146,"Base","DC04966"
54,57,"F","TRUE",15,79000,0.20547,1353.38,1627.89,130.23,97.67,31.6,15,0,20.28,11.9937,"Base","DC04967"
46,47,"F","FALSE",15,228000,0.081791,1471.42,1834.44,146.75,110.07,91.2,15,0,24.67,12.6738,"Base","DC04968"
26,27,"F","FALSE",15,261000,0.015027,301.21,489.08,39.13,29.34,104.4,15,0,62.37,13.0211,"Base","DC04969"
51,52,"H","FALSE",10,94000,0.108445,1165.09,1415.92,113.27,84.95,37.6,15,0,21.53,8.7494,"Base","DC04970"
34,35,"H","FALSE",10,504000,0.025906,1440.84,1927.25,154.18,115.64,201.6,15,0,33.76,9.062,"Base","DC04971"
31,32,"F","FALSE",5,77000,0.005347,85.81,153.04,12.24,9.18,30.8,15,0,78.34,4.7977,"Base","DC04972"
58,59,"H","FALSE",12,54000,0.252261,1416.24,1689.35,135.15,101.36,21.6,15,0,19.28,9.6185,"Base","DC04973"
44,45,"H","FALSE",5,385000,0.024745,2000.53,2522.71,201.82,151.36,154,15,0,26.1,4.7622,"Base","DC04974"
39,40,"F","FALSE",10,195000,0.023525,505.57,696.01,55.68,41.76,78,15,0,37.67,9.0735,"Base","DC04975"
21,22,"H","FALSE",20,39000,0.028564,67.65,114.25,9.14,6.85,15.6,15,0,68.87,16.4664,"Base","DC04976"
20,21,"H","FALSE",10,368000,0.01116,450.5,712.44,57,42.75,147.2,15,0,58.14,9.1165,"Base","DC04977"
26,27,"H","FALSE",15,82000,0.025642,162.25,244.25,19.54,14.65,32.8,15,0,50.53,12.9591,"Base","DC04978"
28,29,"F","FALSE",15,82000,0.017309,109.1,182.44,14.6,10.95,32.8,15,0,67.22,13.0094,"Base","DC04979"
54,55,"F","FALSE",16,136000,0.189725,2019.89,2429.4,194.35,145.76,54.4,15,0,20.27,12.7743,"Base","DC04980"
43,44,"F","FALSE",25,276000,0.15734,2320.08,2843.58,227.49,170.61,110.4,15,0,22.56,18.7173,"Base","DC04981"
51,52,"H","FALSE",19,358000,0.27191,6872.08,8174.75,653.98,490.48,143.2,15,0,18.96,14.1651,"Base","DC04982"
44,45,"H","FALSE",20,515000,0.16688,5528.83,6685.85,534.87,401.15,206,15,0,20.93,15.5445,"Base","DC04983"
55,58,"F","TRUE",15,187000,0.224453,3531.74,4211.09,336.89,252.67,74.8,15,0,19.24,11.8845,"Base","DC04984"
35,36,"F","FALSE",30,153000,0.115279,806.28,1026.14,82.09,61.57,61.2,15,0,27.27,21.8755,"Base","DC04985"
44,48,"H","TRUE",10,84000,0.076139,720.78,894.62,71.57,53.68,33.6,15,0,24.12,8.8733,"Base","DC04986"
35,36,"H","FALSE",10,112000,0.027944,345.66,471.46,37.72,28.29,44.8,15,0,36.4,9.0544,"Base","DC04987"
34,35,"F","FALSE",15,344000,0.027774,737.45,1034.94,82.8,62.1,137.6,15,0,40.34,12.9557,"Base","DC04988"
43,44,"F","FALSE",25,108000,0.15734,907.86,1123.32,89.87,67.4,43.2,15,0,23.73,18.7173,"Base","DC04989"
35,36,"H","FALSE",10,143000,0.027944,441.33,597.13,47.77,35.83,57.2,15,0,35.3,9.0544,"Base","DC04990"
44,45,"F","FALSE",26,128000,0.186079,1249.22,1529.56,122.36,91.77,51.2,15,0,22.44,19.0663,"Base","DC04991"
56,57,"H","FALSE",5,79000,0.072545,1226.2,1480,118.4,88.8,31.6,15,0,20.7,4.6738,"Base","DC04992"
48,49,"H","FALSE",10,254000,0.083156,2387.55,2911.8,232.94,174.71,101.6,15,0,21.96,8.8466,"Base","DC04993"
38,41,"F","TRUE",10,317000,0.025691,898.35,1209.48,96.76,72.57,126.8,15,0,34.63,9.0655,"Base","DC04994"
58,62,"H","TRUE",10,141000,0.257598,4458.09,5266.85,421.35,316.01,56.4,15,0,18.14,8.1473,"Base","DC04995"
37,38,"H","FALSE",25,110000,0.13994,818.38,1020.21,81.62,61.21,44,15,0,24.66,18.8096,"Base","DC04996"
50,51,"H","FALSE",15,174000,0.175505,2514.31,3021.99,241.76,181.32,69.6,15,0,20.19,12.1457,"Base","DC04997"
27,28,"H","FALSE",25,191000,0.06284,618.68,825.68,66.05,49.54,76.4,15,0,33.46,19.4001,"Base","DC04998"
39,40,"H","FALSE",20,154000,0.10969,1060.04,1321.68,105.73,79.3,61.6,15,0,24.68,15.9355,"Base","DC04999"
