"id_contrat","age_souscription","genre","duree","capital_assure","fumeur","annee_souscription","age_actuel","anciennete","duree_restante"
"DC00001",56,"F",14,110000,FALSE,2023,59,3,11
"DC00002",20,"H",20,298000,FALSE,2018,28,8,12
"DC00003",44,"F",10,66000,FALSE,2022,48,4,6
"DC00004",29,"H",15,140000,FALSE,2022,33,4,11
"DC00005",55,"H",10,154000,TRUE,2022,59,4,6
"DC00006",37,"H",20,42000,FALSE,2020,43,6,14
"DC00007",43,"H",15,126000,TRUE,2024,45,2,13
"DC00008",26,"H",20,79000,FALSE,2023,29,3,17
"DC00009",55,"F",15,94000,FALSE,2025,56,1,14
"DC00010",44,"F",10,247000,FALSE,2022,48,4,6
"DC00011",56,"H",10,263000,FALSE,2024,58,2,8
"DC00012",39,"H",10,61000,FALSE,2018,47,8,2
"DC00013",45,"H",25,140000,FALSE,2020,51,6,19
"DC00014",22,"F",10,50000,TRUE,2025,23,1,9
"DC00015",60,"F",10,270000,FALSE,2019,67,7,3
"DC00016",44,"F",10,102000,FALSE,2022,48,4,6
"DC00017",46,"F",10,299000,TRUE,2023,49,3,7
"DC00018",55,"F",10,62000,FALSE,2025,56,1,9
"DC00019",56,"H",10,367000,FALSE,2019,63,7,3
"DC00020",50,"F",5,98000,FALSE,2022,54,4,1
"DC00021",24,"H",10,86000,FALSE,2019,31,7,3
"DC00022",39,"F",15,110000,TRUE,2019,46,7,8
"DC00023",53,"F",17,70000,FALSE,2019,60,7,10
"DC00024",47,"F",15,32000,TRUE,2021,52,5,10
"DC00026",22,"H",15,534000,TRUE,2025,23,1,14
"DC00027",52,"H",15,160000,FALSE,2020,58,6,9
"DC00028",43,"F",10,181000,FALSE,2025,44,1,9
"DC00029",49,"H",5,494000,FALSE,2022,53,4,1
"DC00030",34,"H",20,126000,TRUE,2024,36,2,18
"DC00031",41,"H",15,81000,FALSE,2020,47,6,9
"DC00032",27,"F",20,190000,FALSE,2022,31,4,16
"DC00033",55,"H",15,144000,FALSE,2022,59,4,11
"DC00034",23,"H",15,121000,TRUE,2021,28,5,10
"DC00035",41,"H",25,177000,TRUE,2021,46,5,20
"DC00036",37,"H",20,123000,FALSE,2023,40,3,17
"DC00037",47,"H",10,87000,FALSE,2025,48,1,9
"DC00038",24,"H",25,45000,TRUE,2023,27,3,22
"DC00039",23,"F",15,76000,FALSE,2020,29,6,9
"DC00040",53,"H",10,91000,FALSE,2022,57,4,6
"DC00041",54,"H",16,182000,FALSE,2025,55,1,15
"DC00042",43,"H",5,127000,TRUE,2022,47,4,1
"DC00043",42,"H",15,89000,FALSE,2023,45,3,12
"DC00044",45,"H",5,59000,TRUE,2022,49,4,1
"DC00045",25,"H",20,154000,FALSE,2022,29,4,16
"DC00046",25,"H",15,332000,TRUE,2018,33,8,7
"DC00047",21,"F",20,87000,FALSE,2022,25,4,16
"DC00048",22,"H",15,344000,FALSE,2024,24,2,13
"DC00049",40,"H",25,96000,FALSE,2019,47,7,18
"DC00050",21,"H",20,869000,TRUE,2022,25,4,16
"DC00051",57,"H",5,113000,FALSE,2022,61,4,1
"DC00052",29,"F",10,293000,FALSE,2023,32,3,7
"DC00053",59,"H",11,209000,TRUE,2022,63,4,7
"DC00054",24,"F",20,135000,TRUE,2022,28,4,16
"DC00055",52,"F",18,70000,TRUE,2022,56,4,14
"DC00056",58,"H",12,181000,FALSE,2021,63,5,7
"DC00057",55,"H",15,306000,TRUE,2023,58,3,12
"DC00058",28,"F",20,137000,FALSE,2022,32,4,16
"DC00059",48,"H",10,128000,TRUE,2024,50,2,8
"DC00060",31,"H",15,559000,FALSE,2022,35,4,11
"DC00061",39,"F",25,84000,FALSE,2024,41,2,23
"DC00062",28,"H",15,122000,FALSE,2024,30,2,13
"DC00063",54,"H",10,99000,FALSE,2018,62,8,2
"DC00064",48,"H",15,542000,FALSE,2020,54,6,9
"DC00065",35,"F",10,299000,TRUE,2025,36,1,9
"DC00066",56,"H",14,191000,TRUE,2019,63,7,7
"DC00067",47,"H",20,118000,FALSE,2023,50,3,17
"DC00068",24,"H",10,350000,FALSE,2021,29,5,5
"DC00069",47,"F",10,256000,FALSE,2024,49,2,8
"DC00070",21,"F",5,196000,TRUE,2025,22,1,4
"DC00071",37,"F",20,138000,FALSE,2022,41,4,16
"DC00072",43,"F",10,175000,TRUE,2021,48,5,5
"DC00073",37,"H",10,43000,FALSE,2019,44,7,3
"DC00074",24,"F",20,25000,FALSE,2023,27,3,17
"DC00075",59,"F",10,230000,FALSE,2020,65,6,4
"DC00076",59,"H",11,409000,TRUE,2022,63,4,7
"DC00077",40,"F",10,98000,FALSE,2018,48,8,2
"DC00078",55,"F",15,440000,FALSE,2019,62,7,8
"DC00080",58,"F",12,414000,FALSE,2024,60,2,10
"DC00081",37,"F",10,411000,FALSE,2019,44,7,3
"DC00082",46,"H",10,122000,FALSE,2020,52,6,4
"DC00083",32,"F",25,216000,FALSE,2025,33,1,24
"DC00084",38,"H",10,168000,FALSE,2018,46,8,2
"DC00085",51,"F",10,81000,FALSE,2022,55,4,6
"DC00086",35,"H",10,185000,TRUE,2021,40,5,5
"DC00087",48,"F",15,112000,FALSE,2021,53,5,10
"DC00088",36,"H",5,277000,FALSE,2025,37,1,4
"DC00089",28,"H",10,203000,FALSE,2019,35,7,3
"DC00090",40,"F",10,161000,FALSE,2023,43,3,7
"DC00091",27,"F",25,399000,TRUE,2022,31,4,21
"DC00092",48,"H",10,211000,FALSE,2019,55,7,3
"DC00093",57,"F",10,465000,FALSE,2019,64,7,3
"DC00094",20,"H",5,29000,TRUE,2023,23,3,2
"DC00095",32,"F",5,257000,FALSE,2023,35,3,2
"DC00096",33,"H",15,52000,FALSE,2018,41,8,7
"DC00098",28,"H",20,79000,FALSE,2021,33,5,15
"DC00099",35,"H",15,139000,FALSE,2024,37,2,13
"DC00100",45,"F",20,179000,FALSE,2025,46,1,19
"DC00101",52,"H",10,397000,TRUE,2021,57,5,5
"DC00102",48,"F",15,151000,FALSE,2021,53,5,10
"DC00103",44,"F",5,370000,FALSE,2025,45,1,4
"DC00104",51,"H",19,247000,FALSE,2018,59,8,11
"DC00105",36,"F",10,79000,TRUE,2020,42,6,4
"DC00106",33,"H",15,106000,FALSE,2022,37,4,11
"DC00107",25,"H",10,17000,FALSE,2022,29,4,6
"DC00108",56,"F",14,92000,FALSE,2022,60,4,10
"DC00109",35,"F",10,185000,FALSE,2021,40,5,5
"DC00110",50,"H",20,143000,FALSE,2019,57,7,13
"DC00111",53,"H",10,82000,FALSE,2021,58,5,5
"DC00112",49,"F",10,94000,TRUE,2021,54,5,5
"DC00113",51,"H",19,169000,FALSE,2022,55,4,15
"DC00114",25,"F",30,158000,TRUE,2021,30,5,25
"DC00115",41,"F",20,32000,FALSE,2024,43,2,18
"DC00116",57,"F",10,79000,FALSE,2018,65,8,2
"DC00117",50,"F",20,143000,FALSE,2021,55,5,15
"DC00118",25,"F",20,276000,FALSE,2019,32,7,13
"DC00119",39,"H",10,36000,FALSE,2019,46,7,3
"DC00120",34,"H",30,143000,FALSE,2022,38,4,26
"DC00121",53,"H",17,61000,TRUE,2018,61,8,9
"DC00122",42,"H",15,261000,FALSE,2023,45,3,12
"DC00123",31,"F",10,110000,TRUE,2022,35,4,6
"DC00124",45,"F",15,114000,TRUE,2023,48,3,12
"DC00125",60,"H",10,83000,FALSE,2022,64,4,6
"DC00126",20,"H",25,51000,TRUE,2021,25,5,20
"DC00127",21,"H",25,61000,FALSE,2025,22,1,24
"DC00128",43,"H",10,109000,FALSE,2019,50,7,3
"DC00129",53,"F",10,218000,FALSE,2024,55,2,8
"DC00130",44,"F",10,192000,FALSE,2023,47,3,7
"DC00131",47,"F",15,515000,FALSE,2021,52,5,10
"DC00132",33,"H",15,181000,TRUE,2021,38,5,10
"DC00133",53,"F",10,106000,FALSE,2021,58,5,5
"DC00134",21,"F",20,220000,FALSE,2019,28,7,13
"DC00135",50,"H",15,119000,FALSE,2023,53,3,12
"DC00136",51,"H",10,384000,TRUE,2020,57,6,4
"DC00137",46,"F",15,158000,FALSE,2020,52,6,9
"DC00138",29,"H",15,780000,TRUE,2022,33,4,11
"DC00139",47,"F",15,31000,FALSE,2018,55,8,7
"DC00140",56,"F",5,62000,FALSE,2022,60,4,1
"DC00142",24,"F",20,232000,FALSE,2023,27,3,17
"DC00143",54,"F",16,149000,FALSE,2024,56,2,14
"DC00144",33,"H",15,34000,TRUE,2022,37,4,11
"DC00145",33,"F",5,82000,FALSE,2024,35,2,3
"DC00146",47,"F",20,315000,FALSE,2019,54,7,13
"DC00147",52,"F",5,303000,FALSE,2022,56,4,1
"DC00148",56,"F",10,103000,FALSE,2024,58,2,8
"DC00149",54,"F",16,112000,TRUE,2024,56,2,14
"DC00150",45,"F",15,50000,FALSE,2021,50,5,10
"DC00151",50,"H",20,139000,FALSE,2021,55,5,15
"DC00152",51,"H",10,199000,TRUE,2024,53,2,8
"DC00153",36,"F",20,228000,FALSE,2023,39,3,17
"DC00154",46,"H",24,609000,FALSE,2021,51,5,19
"DC00155",49,"F",15,404000,FALSE,2020,55,6,9
"DC00156",55,"H",15,272000,TRUE,2024,57,2,13
"DC00157",39,"H",15,63000,TRUE,2024,41,2,13
"DC00158",30,"F",20,155000,FALSE,2021,35,5,15
"DC00159",36,"H",20,258000,FALSE,2025,37,1,19
"DC00160",28,"F",10,82000,TRUE,2021,33,5,5
"DC00161",36,"F",15,73000,FALSE,2022,40,4,11
"DC00162",32,"H",10,51000,FALSE,2022,36,4,6
"DC00163",50,"F",15,148000,TRUE,2021,55,5,10
"DC00164",20,"H",15,74000,FALSE,2025,21,1,14
"DC00165",36,"F",20,81000,FALSE,2023,39,3,17
"DC00166",52,"H",15,105000,FALSE,2021,57,5,10
"DC00167",47,"H",23,145000,FALSE,2021,52,5,18
"DC00168",21,"H",5,187000,FALSE,2023,24,3,2
"DC00169",50,"F",10,83000,FALSE,2023,53,3,7
"DC00170",27,"H",25,133000,FALSE,2024,29,2,23
"DC00171",35,"H",15,302000,FALSE,2022,39,4,11
"DC00172",22,"H",10,227000,FALSE,2018,30,8,2
"DC00173",56,"H",14,881000,TRUE,2023,59,3,11
"DC00174",32,"F",15,84000,FALSE,2022,36,4,11
"DC00175",31,"H",20,162000,TRUE,2024,33,2,18
"DC00176",20,"F",30,143000,FALSE,2022,24,4,26
"DC00177",49,"F",10,586000,FALSE,2022,53,4,6
"DC00179",56,"H",10,90000,FALSE,2023,59,3,7
"DC00180",25,"F",5,283000,FALSE,2024,27,2,3
"DC00181",35,"H",10,347000,FALSE,2023,38,3,7
"DC00182",29,"F",10,296000,TRUE,2021,34,5,5
"DC00183",26,"F",15,76000,TRUE,2023,29,3,12
"DC00185",60,"F",10,825000,FALSE,2018,68,8,2
"DC00186",44,"F",10,41000,FALSE,2020,50,6,4
"DC00187",22,"F",15,538000,FALSE,2020,28,6,9
"DC00188",37,"F",15,265000,FALSE,2024,39,2,13
"DC00189",47,"H",15,97000,FALSE,2024,49,2,13
"DC00190",34,"F",10,123000,FALSE,2022,38,4,6
"DC00191",48,"H",22,75000,TRUE,2023,51,3,19
"DC00192",39,"F",25,116000,FALSE,2025,40,1,24
"DC00193",44,"H",10,198000,TRUE,2020,50,6,4
"DC00194",35,"F",15,237000,FALSE,2023,38,3,12
"DC00195",43,"F",15,38000,TRUE,2024,45,2,13
"DC00196",52,"H",15,117000,TRUE,2023,55,3,12
"DC00197",57,"F",13,119000,FALSE,2020,63,6,7
"DC00198",60,"H",10,91000,FALSE,2022,64,4,6
"DC00199",41,"H",10,264000,FALSE,2021,46,5,5
"DC00200",45,"H",15,326000,FALSE,2021,50,5,10
"DC00201",39,"F",20,229000,FALSE,2021,44,5,15
"DC00202",56,"F",14,80000,FALSE,2020,62,6,8
"DC00203",34,"F",15,156000,FALSE,2023,37,3,12
"DC00204",40,"H",10,224000,FALSE,2020,46,6,4
"DC00206",44,"F",15,62000,FALSE,2024,46,2,13
"DC00207",57,"H",13,124000,FALSE,2018,65,8,5
"DC00208",20,"H",25,92000,FALSE,2024,22,2,23
"DC00209",33,"F",15,155000,TRUE,2018,41,8,7
"DC00210",30,"H",15,147000,TRUE,2025,31,1,14
"DC00211",47,"H",10,79000,FALSE,2021,52,5,5
"DC00212",37,"F",10,762000,FALSE,2024,39,2,8
"DC00213",53,"F",15,403000,FALSE,2022,57,4,11
"DC00214",55,"H",15,367000,TRUE,2021,60,5,10
"DC00215",39,"H",20,53000,FALSE,2020,45,6,14
"DC00216",34,"H",20,302000,FALSE,2021,39,5,15
"DC00217",26,"H",10,109000,FALSE,2021,31,5,5
"DC00218",46,"H",10,159000,FALSE,2021,51,5,5
"DC00219",49,"H",10,25000,FALSE,2021,54,5,5
"DC00220",24,"H",30,121000,TRUE,2021,29,5,25
"DC00221",41,"H",20,215000,TRUE,2023,44,3,17
"DC00222",39,"H",20,35000,FALSE,2024,41,2,18
"DC00223",60,"H",10,147000,FALSE,2022,64,4,6
"DC00224",30,"F",30,107000,FALSE,2025,31,1,29
"DC00225",47,"H",5,548000,FALSE,2022,51,4,1
"DC00226",57,"H",10,137000,FALSE,2020,63,6,4
"DC00227",28,"F",10,115000,FALSE,2021,33,5,5
"DC00228",42,"H",15,186000,TRUE,2023,45,3,12
"DC00229",45,"F",10,76000,FALSE,2022,49,4,6
"DC00230",60,"F",10,197000,FALSE,2022,64,4,6
"DC00231",30,"H",15,185000,FALSE,2022,34,4,11
"DC00232",38,"H",30,37000,FALSE,2019,45,7,23
"DC00233",47,"F",15,124000,FALSE,2021,52,5,10
"DC00234",40,"F",10,101000,TRUE,2024,42,2,8
"DC00235",55,"H",15,109000,FALSE,2022,59,4,11
"DC00236",41,"H",5,95000,FALSE,2023,44,3,2
"DC00237",44,"H",20,379000,FALSE,2024,46,2,18
"DC00238",49,"F",10,98000,FALSE,2023,52,3,7
"DC00239",40,"F",20,231000,FALSE,2019,47,7,13
"DC00240",40,"H",20,331000,FALSE,2021,45,5,15
"DC00241",25,"F",10,94000,FALSE,2022,29,4,6
"DC00242",60,"H",10,132000,FALSE,2024,62,2,8
"DC00244",43,"F",27,187000,TRUE,2023,46,3,24
"DC00245",26,"F",25,75000,FALSE,2022,30,4,21
"DC00246",33,"H",10,276000,FALSE,2023,36,3,7
"DC00247",31,"F",10,186000,TRUE,2020,37,6,4
"DC00248",29,"F",15,222000,FALSE,2018,37,8,7
"DC00249",44,"H",10,276000,FALSE,2021,49,5,5
"DC00251",21,"F",10,171000,FALSE,2018,29,8,2
"DC00252",54,"F",10,224000,FALSE,2023,57,3,7
"DC00253",53,"H",10,123000,FALSE,2023,56,3,7
"DC00254",46,"H",10,102000,TRUE,2022,50,4,6
"DC00255",50,"H",20,270000,FALSE,2021,55,5,15
"DC00256",46,"H",15,153000,TRUE,2018,54,8,7
"DC00257",35,"F",20,253000,FALSE,2024,37,2,18
"DC00258",55,"H",10,195000,FALSE,2022,59,4,6
"DC00259",43,"F",25,109000,TRUE,2021,48,5,20
"DC00261",40,"H",20,192000,TRUE,2021,45,5,15
"DC00262",39,"H",5,140000,TRUE,2022,43,4,1
"DC00264",52,"H",18,48000,FALSE,2021,57,5,13
"DC00265",33,"H",10,275000,FALSE,2021,38,5,5
"DC00266",47,"H",10,82000,TRUE,2023,50,3,7
"DC00267",52,"H",10,111000,TRUE,2024,54,2,8
"DC00268",48,"F",10,118000,TRUE,2024,50,2,8
"DC00269",55,"H",15,201000,FALSE,2019,62,7,8
"DC00270",51,"H",15,141000,TRUE,2022,55,4,11
"DC00271",57,"H",13,116000,FALSE,2023,60,3,10
"DC00272",41,"H",15,88000,FALSE,2024,43,2,13
"DC00273",26,"H",10,251000,TRUE,2021,31,5,5
"DC00275",50,"F",5,855000,TRUE,2022,54,4,1
"DC00276",51,"F",10,37000,FALSE,2024,53,2,8
"DC00277",37,"H",10,463000,FALSE,2025,38,1,9
"DC00278",58,"F",12,83000,FALSE,2023,61,3,9
"DC00279",32,"H",15,125000,TRUE,2024,34,2,13
"DC00280",49,"F",20,249000,FALSE,2020,55,6,14
"DC00281",21,"F",10,234000,TRUE,2021,26,5,5
"DC00282",47,"H",23,183000,FALSE,2023,50,3,20
"DC00283",22,"H",20,114000,FALSE,2025,23,1,19
"DC00284",52,"H",10,97000,FALSE,2022,56,4,6
"DC00285",48,"H",15,1056000,TRUE,2024,50,2,13
"DC00286",39,"H",15,18000,FALSE,2021,44,5,10
"DC00287",28,"F",10,195000,FALSE,2022,32,4,6
"DC00288",29,"H",25,201000,FALSE,2022,33,4,21
"DC00289",26,"H",20,143000,TRUE,2024,28,2,18
"DC00290",47,"H",10,168000,FALSE,2022,51,4,6
"DC00291",37,"F",10,199000,FALSE,2022,41,4,6
"DC00292",44,"H",10,188000,FALSE,2023,47,3,7
"DC00293",29,"F",15,206000,FALSE,2025,30,1,14
"DC00294",28,"H",20,560000,FALSE,2025,29,1,19
"DC00295",38,"H",15,62000,FALSE,2018,46,8,7
"DC00296",34,"H",10,141000,TRUE,2020,40,6,4
"DC00297",22,"H",30,119000,FALSE,2023,25,3,27
"DC00298",41,"H",15,166000,FALSE,2021,46,5,10
"DC00299",39,"F",20,145000,TRUE,2024,41,2,18
"DC00300",53,"H",10,69000,TRUE,2024,55,2,8
"DC00301",42,"H",10,116000,FALSE,2022,46,4,6
"DC00302",36,"H",15,179000,FALSE,2021,41,5,10
"DC00303",37,"F",20,143000,FALSE,2019,44,7,13
"DC00304",38,"H",10,229000,FALSE,2019,45,7,3
"DC00305",36,"H",15,249000,FALSE,2023,39,3,12
"DC00306",49,"F",21,106000,FALSE,2025,50,1,20
"DC00307",29,"F",20,81000,FALSE,2021,34,5,15
"DC00308",56,"F",10,111000,TRUE,2022,60,4,6
"DC00309",29,"H",10,126000,TRUE,2022,33,4,6
"DC00310",53,"H",17,60000,FALSE,2021,58,5,12
"DC00311",23,"H",30,56000,FALSE,2019,30,7,23
"DC00312",44,"F",25,69000,TRUE,2022,48,4,21
"DC00313",45,"F",20,313000,TRUE,2023,48,3,17
"DC00314",58,"H",10,240000,TRUE,2023,61,3,7
"DC00315",52,"F",15,282000,FALSE,2023,55,3,12
"DC00316",41,"H",10,112000,FALSE,2021,46,5,5
"DC00317",38,"H",10,74000,FALSE,2023,41,3,7
"DC00318",25,"F",10,171000,TRUE,2021,30,5,5
"DC00319",44,"H",20,350000,FALSE,2023,47,3,17
"DC00320",49,"F",20,127000,FALSE,2022,53,4,16
"DC00321",58,"H",10,190000,FALSE,2024,60,2,8
"DC00322",44,"H",20,181000,TRUE,2022,48,4,16
"DC00323",21,"H",10,278000,FALSE,2023,24,3,7
"DC00324",57,"F",5,122000,FALSE,2022,61,4,1
"DC00325",28,"H",20,183000,TRUE,2021,33,5,15
"DC00326",30,"H",15,103000,TRUE,2021,35,5,10
"DC00329",24,"H",15,162000,FALSE,2021,29,5,10
"DC00330",33,"F",15,355000,FALSE,2022,37,4,11
"DC00331",20,"H",10,137000,FALSE,2024,22,2,8
"DC00332",60,"H",10,683000,FALSE,2022,64,4,6
"DC00333",29,"H",10,121000,TRUE,2025,30,1,9
"DC00334",31,"F",20,217000,TRUE,2023,34,3,17
"DC00335",41,"H",10,61000,FALSE,2020,47,6,4
"DC00336",20,"H",25,137000,TRUE,2025,21,1,24
"DC00337",23,"H",10,58000,FALSE,2019,30,7,3
"DC00338",22,"H",15,89000,TRUE,2021,27,5,10
"DC00339",57,"F",10,63000,FALSE,2023,60,3,7
"DC00340",24,"H",10,45000,FALSE,2022,28,4,6
"DC00341",39,"H",20,119000,FALSE,2020,45,6,14
"DC00342",53,"F",17,41000,TRUE,2019,60,7,10
"DC00343",42,"H",10,122000,FALSE,2021,47,5,5
"DC00344",55,"F",10,308000,FALSE,2024,57,2,8
"DC00345",39,"H",20,170000,TRUE,2023,42,3,17
"DC00346",28,"H",20,76000,FALSE,2023,31,3,17
"DC00347",46,"H",24,76000,FALSE,2023,49,3,21
"DC00348",22,"H",10,255000,FALSE,2025,23,1,9
"DC00349",50,"H",15,39000,TRUE,2021,55,5,10
"DC00350",37,"H",20,143000,FALSE,2024,39,2,18
"DC00351",29,"H",10,52000,FALSE,2020,35,6,4
"DC00353",59,"F",10,48000,FALSE,2020,65,6,4
"DC00354",39,"H",25,191000,FALSE,2020,45,6,19
"DC00355",56,"F",5,68000,FALSE,2023,59,3,2
"DC00356",25,"F",10,199000,FALSE,2021,30,5,5
"DC00357",48,"H",10,355000,FALSE,2019,55,7,3
"DC00358",23,"F",25,50000,FALSE,2025,24,1,24
"DC00359",46,"H",24,83000,TRUE,2023,49,3,21
"DC00360",28,"H",30,66000,FALSE,2024,30,2,28
"DC00361",59,"F",11,170000,FALSE,2025,60,1,10
"DC00362",42,"F",15,296000,FALSE,2020,48,6,9
"DC00363",45,"H",5,168000,FALSE,2025,46,1,4
"DC00364",31,"H",10,1500000,FALSE,2024,33,2,8
"DC00365",29,"H",10,140000,TRUE,2025,30,1,9
"DC00366",42,"H",10,167000,TRUE,2021,47,5,5
"DC00367",46,"F",10,135000,TRUE,2020,52,6,4
"DC00368",53,"F",10,231000,FALSE,2020,59,6,4
"DC00369",35,"H",20,136000,TRUE,2021,40,5,15
"DC00370",44,"F",5,126000,FALSE,2023,47,3,2
"DC00371",47,"F",15,106000,FALSE,2019,54,7,8
"DC00372",34,"H",20,87000,FALSE,2021,39,5,15
"DC00373",57,"F",13,384000,FALSE,2022,61,4,9
"DC00374",42,"H",10,231000,FALSE,2021,47,5,5
"DC00375",38,"F",15,390000,FALSE,2023,41,3,12
"DC00376",29,"H",25,105000,FALSE,2022,33,4,21
"DC00377",32,"F",15,184000,FALSE,2022,36,4,11
"DC00378",57,"F",13,195000,FALSE,2019,64,7,6
"DC00379",20,"F",30,48000,FALSE,2022,24,4,26
"DC00380",30,"H",10,298000,FALSE,2018,38,8,2
"DC00381",45,"H",20,156000,TRUE,2020,51,6,14
"DC00382",29,"H",25,212000,FALSE,2022,33,4,21
"DC00383",34,"F",10,235000,TRUE,2022,38,4,6
"DC00384",36,"H",20,170000,FALSE,2025,37,1,19
"DC00385",27,"F",5,54000,FALSE,2022,31,4,1
"DC00386",55,"F",10,240000,TRUE,2022,59,4,6
"DC00387",25,"H",10,244000,TRUE,2025,26,1,9
"DC00388",29,"F",10,132000,FALSE,2020,35,6,4
"DC00389",46,"H",15,254000,TRUE,2021,51,5,10
"DC00390",39,"H",15,155000,FALSE,2019,46,7,8
"DC00391",44,"H",25,47000,TRUE,2024,46,2,23
"DC00392",43,"F",10,233000,FALSE,2022,47,4,6
"DC00393",35,"H",30,189000,TRUE,2024,37,2,28
"DC00394",35,"H",10,322000,FALSE,2022,39,4,6
"DC00395",22,"H",10,64000,FALSE,2025,23,1,9
"DC00396",51,"F",10,90000,FALSE,2021,56,5,5
"DC00397",40,"H",10,59000,FALSE,2022,44,4,6
"DC00398",58,"F",10,90000,TRUE,2025,59,1,9
"DC00399",22,"H",20,235000,FALSE,2023,25,3,17
"DC00400",29,"H",15,272000,TRUE,2022,33,4,11
"DC00401",40,"F",10,123000,TRUE,2019,47,7,3
"DC00402",26,"H",15,96000,TRUE,2024,28,2,13
"DC00403",38,"H",15,69000,FALSE,2021,43,5,10
"DC00404",48,"F",15,542000,FALSE,2022,52,4,11
"DC00405",43,"H",25,298000,FALSE,2020,49,6,19
"DC00406",48,"H",22,69000,TRUE,2022,52,4,18
"DC00407",49,"F",15,166000,FALSE,2020,55,6,9
"DC00408",54,"H",15,128000,FALSE,2024,56,2,13
"DC00409",53,"H",10,152000,FALSE,2020,59,6,4
"DC00410",58,"H",5,194000,TRUE,2023,61,3,2
"DC00411",40,"H",15,693000,FALSE,2024,42,2,13
"DC00412",45,"H",20,318000,TRUE,2024,47,2,18
"DC00413",52,"H",5,198000,FALSE,2023,55,3,2
"DC00415",42,"F",20,453000,TRUE,2021,47,5,15
"DC00416",60,"H",10,234000,FALSE,2023,63,3,7
"DC00417",37,"H",5,186000,FALSE,2023,40,3,2
"DC00418",40,"H",15,117000,FALSE,2023,43,3,12
"DC00419",52,"H",10,53000,FALSE,2021,57,5,5
"DC00420",30,"F",10,283000,TRUE,2022,34,4,6
"DC00421",59,"F",11,135000,FALSE,2022,63,4,7
"DC00422",33,"F",15,331000,TRUE,2020,39,6,9
"DC00423",21,"F",5,320000,FALSE,2024,23,2,3
"DC00424",57,"F",10,143000,FALSE,2019,64,7,3
"DC00425",54,"H",16,110000,TRUE,2019,61,7,9
"DC00426",47,"F",23,408000,FALSE,2025,48,1,22
"DC00427",35,"H",10,230000,FALSE,2023,38,3,7
"DC00428",35,"F",20,175000,FALSE,2021,40,5,15
"DC00429",27,"F",10,372000,FALSE,2024,29,2,8
"DC00430",57,"H",13,598000,FALSE,2025,58,1,12
"DC00431",57,"F",5,56000,FALSE,2024,59,2,3
"DC00432",27,"F",15,194000,TRUE,2022,31,4,11
"DC00433",50,"H",20,317000,FALSE,2024,52,2,18
"DC00434",56,"F",14,95000,TRUE,2022,60,4,10
"DC00435",42,"H",20,104000,FALSE,2023,45,3,17
"DC00436",60,"F",10,59000,FALSE,2023,63,3,7
"DC00437",29,"H",10,143000,FALSE,2021,34,5,5
"DC00438",30,"H",15,96000,TRUE,2021,35,5,10
"DC00439",46,"H",15,66000,FALSE,2021,51,5,10
"DC00440",42,"H",10,504000,FALSE,2024,44,2,8
"DC00441",52,"F",10,64000,FALSE,2024,54,2,8
"DC00442",41,"H",10,156000,TRUE,2025,42,1,9
"DC00443",34,"F",15,160000,FALSE,2022,38,4,11
"DC00444",23,"H",10,221000,FALSE,2025,24,1,9
"DC00445",58,"H",10,69000,FALSE,2019,65,7,3
"DC00446",29,"H",10,188000,FALSE,2022,33,4,6
"DC00447",27,"H",10,765000,FALSE,2021,32,5,5
"DC00448",50,"H",20,425000,FALSE,2020,56,6,14
"DC00449",47,"F",20,90000,FALSE,2025,48,1,19
"DC00450",54,"H",15,123000,FALSE,2023,57,3,12
"DC00451",39,"H",30,185000,FALSE,2022,43,4,26
"DC00452",27,"H",15,248000,FALSE,2022,31,4,11
"DC00453",51,"H",10,200000,FALSE,2021,56,5,5
"DC00454",22,"F",15,131000,FALSE,2023,25,3,12
"DC00455",60,"H",10,260000,FALSE,2022,64,4,6
"DC00456",30,"F",20,102000,TRUE,2021,35,5,15
"DC00457",32,"F",15,164000,FALSE,2021,37,5,10
"DC00458",58,"F",10,189000,FALSE,2018,66,8,2
"DC00459",37,"H",10,157000,TRUE,2022,41,4,6
"DC00460",58,"H",12,272000,TRUE,2025,59,1,11
"DC00461",40,"H",10,89000,FALSE,2018,48,8,2
"DC00462",24,"F",15,98000,FALSE,2020,30,6,9
"DC00463",50,"H",20,179000,FALSE,2022,54,4,16
"DC00465",37,"H",10,230000,TRUE,2023,40,3,7
"DC00467",22,"F",15,121000,FALSE,2022,26,4,11
"DC00468",27,"F",20,40000,FALSE,2021,32,5,15
"DC00469",38,"F",5,557000,FALSE,2022,42,4,1
"DC00470",29,"H",20,183000,FALSE,2022,33,4,16
"DC00471",34,"H",20,172000,FALSE,2025,35,1,19
"DC00472",31,"F",15,113000,FALSE,2022,35,4,11
"DC00473",54,"H",10,125000,FALSE,2021,59,5,5
"DC00474",51,"H",15,43000,TRUE,2023,54,3,12
"DC00475",53,"F",17,142000,FALSE,2021,58,5,12
"DC00476",59,"F",11,117000,FALSE,2020,65,6,5
"DC00477",20,"F",20,203000,FALSE,2024,22,2,18
"DC00478",32,"F",10,100000,FALSE,2025,33,1,9
"DC00479",26,"H",20,190000,TRUE,2020,32,6,14
"DC00480",30,"H",25,180000,TRUE,2021,35,5,20
"DC00481",30,"H",15,483000,FALSE,2023,33,3,12
"DC00482",32,"F",10,213000,FALSE,2021,37,5,5
"DC00483",56,"H",10,297000,FALSE,2023,59,3,7
"DC00484",53,"H",10,227000,TRUE,2025,54,1,9
"DC00485",34,"F",10,90000,FALSE,2024,36,2,8
"DC00486",56,"F",10,102000,FALSE,2023,59,3,7
"DC00487",33,"F",10,131000,FALSE,2022,37,4,6
"DC00488",56,"F",14,63000,FALSE,2018,64,8,6
"DC00489",45,"F",10,306000,FALSE,2022,49,4,6
"DC00490",47,"H",5,143000,FALSE,2023,50,3,2
"DC00491",37,"H",20,157000,TRUE,2022,41,4,16
"DC00492",36,"H",15,178000,FALSE,2023,39,3,12
"DC00493",58,"F",10,351000,FALSE,2021,63,5,5
"DC00494",53,"F",10,119000,FALSE,2019,60,7,3
"DC00495",31,"H",20,74000,FALSE,2025,32,1,19
"DC00496",49,"F",5,227000,FALSE,2023,52,3,2
"DC00497",54,"H",10,69000,FALSE,2023,57,3,7
"DC00498",39,"H",20,133000,FALSE,2022,43,4,16
"DC00499",45,"H",5,158000,TRUE,2024,47,2,3
"DC00500",44,"H",15,47000,TRUE,2021,49,5,10
"DC00502",39,"F",10,326000,FALSE,2024,41,2,8
"DC00503",47,"H",15,231000,FALSE,2025,48,1,14
"DC00504",52,"F",15,224000,FALSE,2023,55,3,12
"DC00505",40,"F",20,144000,FALSE,2023,43,3,17
"DC00506",53,"H",15,204000,FALSE,2020,59,6,9
"DC00507",24,"H",20,108000,FALSE,2022,28,4,16
"DC00508",31,"F",10,413000,FALSE,2018,39,8,2
"DC00509",22,"H",10,131000,TRUE,2022,26,4,6
"DC00510",37,"F",15,500000,TRUE,2023,40,3,12
"DC00512",27,"F",15,108000,FALSE,2022,31,4,11
"DC00514",49,"H",10,600000,FALSE,2022,53,4,6
"DC00515",39,"F",10,79000,FALSE,2024,41,2,8
"DC00516",53,"F",5,178000,FALSE,2023,56,3,2
"DC00517",40,"H",10,93000,FALSE,2022,44,4,6
"DC00518",38,"H",20,91000,TRUE,2018,46,8,12
"DC00519",37,"F",20,308000,TRUE,2025,38,1,19
"DC00520",59,"H",10,139000,FALSE,2021,64,5,5
"DC00521",43,"F",10,67000,FALSE,2024,45,2,8
"DC00522",48,"H",20,167000,FALSE,2021,53,5,15
"DC00523",53,"H",17,200000,FALSE,2018,61,8,9
"DC00524",41,"F",10,91000,FALSE,2022,45,4,6
"DC00525",23,"H",20,122000,TRUE,2022,27,4,16
"DC00526",42,"F",20,391000,TRUE,2020,48,6,14
"DC00527",36,"F",15,131000,FALSE,2019,43,7,8
"DC00528",39,"F",25,23000,FALSE,2019,46,7,18
"DC00529",58,"F",12,267000,FALSE,2025,59,1,11
"DC00530",28,"F",10,95000,FALSE,2018,36,8,2
"DC00531",38,"H",10,156000,TRUE,2020,44,6,4
"DC00532",40,"F",10,224000,FALSE,2022,44,4,6
"DC00533",36,"H",15,30000,FALSE,2021,41,5,10
"DC00534",53,"F",17,497000,FALSE,2021,58,5,12
"DC00535",26,"H",10,585000,TRUE,2021,31,5,5
"DC00536",23,"H",15,83000,TRUE,2022,27,4,11
"DC00537",20,"F",30,295000,FALSE,2025,21,1,29
"DC00538",47,"F",10,1022000,FALSE,2023,50,3,7
"DC00539",36,"H",20,71000,FALSE,2022,40,4,16
"DC00540",55,"H",15,262000,TRUE,2018,63,8,7
"DC00541",53,"F",17,75000,FALSE,2022,57,4,13
"DC00542",46,"F",20,98000,FALSE,2020,52,6,14
"DC00543",48,"H",15,116000,FALSE,2021,53,5,10
"DC00544",45,"H",10,132000,FALSE,2020,51,6,4
"DC00545",40,"H",15,440000,TRUE,2019,47,7,8
"DC00546",59,"F",10,337000,FALSE,2023,62,3,7
"DC00547",54,"H",16,315000,FALSE,2021,59,5,11
"DC00548",32,"H",20,206000,FALSE,2023,35,3,17
"DC00549",53,"F",10,288000,FALSE,2020,59,6,4
"DC00550",55,"H",5,132000,FALSE,2023,58,3,2
"DC00551",60,"H",10,105000,TRUE,2024,62,2,8
"DC00552",47,"F",20,78000,FALSE,2025,48,1,19
"DC00553",29,"H",15,79000,TRUE,2020,35,6,9
"DC00554",51,"H",10,280000,FALSE,2023,54,3,7
"DC00555",46,"H",24,106000,FALSE,2023,49,3,21
"DC00556",52,"F",18,65000,FALSE,2025,53,1,17
"DC00557",20,"H",10,466000,TRUE,2020,26,6,4
"DC00558",33,"H",20,456000,FALSE,2019,40,7,13
"DC00559",51,"H",19,338000,FALSE,2021,56,5,14
"DC00560",47,"F",15,141000,FALSE,2022,51,4,11
"DC00561",51,"F",10,47000,TRUE,2022,55,4,6
"DC00563",49,"F",10,166000,FALSE,2020,55,6,4
"DC00565",53,"H",15,157000,FALSE,2019,60,7,8
"DC00566",60,"H",10,116000,TRUE,2018,68,8,2
"DC00567",54,"F",16,311000,TRUE,2019,61,7,9
"DC00568",43,"H",10,59000,TRUE,2025,44,1,9
"DC00569",53,"H",10,355000,FALSE,2020,59,6,4
"DC00570",43,"H",10,117000,TRUE,2022,47,4,6
"DC00571",47,"H",10,236000,FALSE,2023,50,3,7
"DC00572",37,"H",15,89000,FALSE,2020,43,6,9
"DC00573",49,"F",15,238000,FALSE,2022,53,4,11
"DC00574",41,"H",29,49000,TRUE,2018,49,8,21
"DC00575",45,"H",20,71000,FALSE,2024,47,2,18
"DC00576",39,"H",10,379000,TRUE,2021,44,5,5
"DC00577",50,"F",5,24000,TRUE,2022,54,4,1
"DC00578",59,"H",10,243000,FALSE,2018,67,8,2
"DC00579",49,"H",21,151000,TRUE,2022,53,4,17
"DC00580",27,"F",20,64000,TRUE,2021,32,5,15
"DC00581",44,"H",15,102000,FALSE,2025,45,1,14
"DC00582",57,"F",5,180000,FALSE,2025,58,1,4
"DC00583",54,"H",16,133000,TRUE,2019,61,7,9
"DC00584",20,"H",20,205000,FALSE,2022,24,4,16
"DC00585",49,"F",21,200000,TRUE,2024,51,2,19
"DC00586",23,"F",10,732000,FALSE,2020,29,6,4
"DC00587",47,"F",15,107000,FALSE,2021,52,5,10
"DC00588",60,"H",10,224000,FALSE,2019,67,7,3
"DC00589",52,"F",5,128000,FALSE,2023,55,3,2
"DC00590",25,"H",20,59000,FALSE,2020,31,6,14
"DC00591",39,"H",25,198000,FALSE,2023,42,3,22
"DC00592",33,"H",10,47000,TRUE,2022,37,4,6
"DC00593",28,"H",10,256000,FALSE,2022,32,4,6
"DC00594",47,"H",15,159000,FALSE,2024,49,2,13
"DC00595",50,"H",20,234000,FALSE,2023,53,3,17
"DC00596",43,"F",10,80000,FALSE,2020,49,6,4
"DC00597",25,"H",15,118000,TRUE,2019,32,7,8
"DC00599",30,"F",20,310000,FALSE,2019,37,7,13
"DC00600",28,"H",15,54000,FALSE,2022,32,4,11
"DC00601",37,"H",15,268000,FALSE,2019,44,7,8
"DC00602",38,"H",10,184000,FALSE,2021,43,5,5
"DC00603",52,"H",10,282000,FALSE,2021,57,5,5
"DC00604",59,"F",10,179000,TRUE,2021,64,5,5
"DC00605",30,"H",25,271000,TRUE,2025,31,1,24
"DC00606",52,"F",15,135000,FALSE,2018,60,8,7
"DC00607",57,"H",13,76000,FALSE,2019,64,7,6
"DC00608",53,"F",17,36000,FALSE,2021,58,5,12
"DC00609",56,"F",10,452000,FALSE,2019,63,7,3
"DC00610",20,"F",30,369000,FALSE,2021,25,5,25
"DC00611",49,"H",15,44000,FALSE,2023,52,3,12
"DC00612",37,"H",15,322000,FALSE,2024,39,2,13
"DC00613",23,"F",20,101000,TRUE,2025,24,1,19
"DC00614",34,"F",10,215000,FALSE,2018,42,8,2
"DC00615",26,"F",10,104000,FALSE,2022,30,4,6
"DC00616",33,"F",30,463000,FALSE,2022,37,4,26
"DC00617",29,"H",15,383000,FALSE,2023,32,3,12
"DC00618",54,"H",16,333000,FALSE,2020,60,6,10
"DC00619",26,"H",20,110000,FALSE,2024,28,2,18
"DC00620",24,"F",15,118000,FALSE,2018,32,8,7
"DC00621",43,"H",15,168000,TRUE,2020,49,6,9
"DC00622",57,"F",13,105000,FALSE,2021,62,5,8
"DC00623",24,"H",10,67000,FALSE,2021,29,5,5
"DC00624",40,"H",20,131000,FALSE,2023,43,3,17
"DC00625",60,"F",10,71000,FALSE,2022,64,4,6
"DC00626",54,"H",16,189000,FALSE,2021,59,5,11
"DC00627",22,"H",10,108000,TRUE,2019,29,7,3
"DC00628",28,"H",15,120000,FALSE,2023,31,3,12
"DC00629",46,"F",20,47000,TRUE,2020,52,6,14
"DC00630",48,"H",15,496000,FALSE,2022,52,4,11
"DC00631",46,"H",10,137000,FALSE,2022,50,4,6
"DC00632",58,"F",12,123000,FALSE,2022,62,4,8
"DC00633",36,"H",20,341000,FALSE,2023,39,3,17
"DC00634",53,"H",5,74000,TRUE,2025,54,1,4
"DC00635",39,"H",25,90000,FALSE,2023,42,3,22
"DC00636",45,"H",20,248000,TRUE,2021,50,5,15
"DC00637",31,"F",10,267000,FALSE,2023,34,3,7
"DC00638",43,"H",15,45000,FALSE,2019,50,7,8
"DC00639",43,"H",5,162000,FALSE,2024,45,2,3
"DC00640",57,"F",10,170000,FALSE,2018,65,8,2
"DC00642",41,"H",10,316000,FALSE,2024,43,2,8
"DC00643",49,"H",15,56000,FALSE,2021,54,5,10
"DC00644",29,"H",20,114000,FALSE,2023,32,3,17
"DC00645",52,"H",15,57000,TRUE,2025,53,1,14
"DC00646",26,"H",15,130000,FALSE,2019,33,7,8
"DC00647",44,"H",15,66000,FALSE,2021,49,5,10
"DC00648",43,"H",10,126000,TRUE,2023,46,3,7
"DC00649",21,"H",10,182000,FALSE,2025,22,1,9
"DC00650",55,"F",15,232000,FALSE,2025,56,1,14
"DC00651",27,"H",20,133000,FALSE,2020,33,6,14
"DC00652",33,"F",5,152000,TRUE,2024,35,2,3
"DC00653",36,"H",20,145000,FALSE,2021,41,5,15
"DC00654",56,"H",14,113000,FALSE,2021,61,5,9
"DC00655",36,"F",15,151000,TRUE,2021,41,5,10
"DC00656",35,"F",30,51000,FALSE,2022,39,4,26
"DC00657",51,"F",10,56000,FALSE,2021,56,5,5
"DC00658",44,"F",20,120000,FALSE,2023,47,3,17
"DC00659",57,"H",13,44000,FALSE,2022,61,4,9
"DC00660",22,"H",10,224000,TRUE,2023,25,3,7
"DC00661",33,"F",20,57000,FALSE,2025,34,1,19
"DC00662",28,"F",20,140000,TRUE,2025,29,1,19
"DC00663",28,"H",10,139000,FALSE,2025,29,1,9
"DC00664",43,"H",15,541000,FALSE,2021,48,5,10
"DC00667",54,"F",16,468000,TRUE,2022,58,4,12
"DC00668",58,"F",10,43000,FALSE,2023,61,3,7
"DC00669",52,"F",10,112000,FALSE,2019,59,7,3
"DC00671",41,"H",10,149000,FALSE,2025,42,1,9
"DC00672",23,"H",5,165000,FALSE,2023,26,3,2
"DC00673",48,"H",15,366000,TRUE,2025,49,1,14
"DC00674",46,"H",15,221000,FALSE,2020,52,6,9
"DC00675",27,"F",10,60000,FALSE,2021,32,5,5
"DC00676",31,"H",20,170000,FALSE,2025,32,1,19
"DC00677",28,"F",10,86000,FALSE,2025,29,1,9
"DC00678",43,"F",10,244000,FALSE,2019,50,7,3
"DC00679",22,"H",25,165000,TRUE,2021,27,5,20
"DC00680",22,"F",15,150000,FALSE,2025,23,1,14
"DC00681",45,"H",10,40000,TRUE,2019,52,7,3
"DC00682",60,"H",10,221000,FALSE,2025,61,1,9
"DC00683",26,"H",20,186000,FALSE,2022,30,4,16
"DC00684",46,"F",24,51000,FALSE,2021,51,5,19
"DC00685",42,"H",10,90000,FALSE,2025,43,1,9
"DC00686",51,"F",19,101000,FALSE,2018,59,8,11
"DC00687",34,"H",15,230000,FALSE,2021,39,5,10
"DC00688",39,"H",20,50000,FALSE,2020,45,6,14
"DC00689",54,"H",16,61000,FALSE,2025,55,1,15
"DC00690",46,"H",10,201000,FALSE,2025,47,1,9
"DC00691",38,"H",25,153000,FALSE,2023,41,3,22
"DC00692",21,"H",10,118000,FALSE,2023,24,3,7
"DC00693",41,"H",10,181000,FALSE,2018,49,8,2
"DC00694",56,"F",10,126000,FALSE,2022,60,4,6
"DC00695",60,"H",10,42000,TRUE,2025,61,1,9
"DC00696",52,"F",5,65000,FALSE,2022,56,4,1
"DC00698",37,"H",15,67000,TRUE,2018,45,8,7
"DC00699",56,"H",14,413000,FALSE,2024,58,2,12
"DC00700",54,"F",16,424000,FALSE,2019,61,7,9
"DC00701",44,"H",15,54000,FALSE,2023,47,3,12
"DC00702",58,"F",12,313000,FALSE,2021,63,5,7
"DC00703",33,"H",15,165000,TRUE,2021,38,5,10
"DC00704",46,"H",10,179000,TRUE,2024,48,2,8
"DC00705",29,"H",15,159000,FALSE,2023,32,3,12
"DC00706",42,"F",20,193000,FALSE,2025,43,1,19
"DC00708",40,"F",20,101000,TRUE,2024,42,2,18
"DC00709",60,"H",10,509000,TRUE,2024,62,2,8
"DC00710",58,"F",12,81000,FALSE,2020,64,6,6
"DC00711",25,"H",15,92000,FALSE,2021,30,5,10
"DC00712",47,"H",20,69000,FALSE,2018,55,8,12
"DC00713",27,"H",10,183000,TRUE,2019,34,7,3
"DC00714",50,"H",20,97000,FALSE,2024,52,2,18
"DC00715",45,"F",20,160000,FALSE,2024,47,2,18
"DC00716",43,"H",20,187000,TRUE,2021,48,5,15
"DC00717",56,"H",14,845000,FALSE,2024,58,2,12
"DC00718",38,"H",15,61000,FALSE,2024,40,2,13
"DC00719",39,"H",10,350000,FALSE,2023,42,3,7
"DC00720",30,"F",10,164000,FALSE,2023,33,3,7
"DC00721",46,"H",10,64000,TRUE,2020,52,6,4
"DC00722",26,"H",10,586000,FALSE,2025,27,1,9
"DC00723",23,"H",10,396000,FALSE,2021,28,5,5
"DC00724",50,"F",10,213000,FALSE,2022,54,4,6
"DC00726",20,"F",5,190000,FALSE,2023,23,3,2
"DC00727",24,"F",25,122000,FALSE,2023,27,3,22
"DC00728",36,"F",15,298000,TRUE,2024,38,2,13
"DC00729",20,"F",30,365000,FALSE,2024,22,2,28
"DC00730",43,"F",15,42000,TRUE,2025,44,1,14
"DC00731",52,"H",18,196000,TRUE,2023,55,3,15
"DC00733",22,"F",10,219000,FALSE,2024,24,2,8
"DC00734",24,"H",15,122000,FALSE,2023,27,3,12
"DC00735",58,"F",10,102000,FALSE,2019,65,7,3
"DC00736",25,"H",25,118000,FALSE,2022,29,4,21
"DC00737",35,"H",10,171000,FALSE,2019,42,7,3
"DC00738",32,"H",5,120000,FALSE,2024,34,2,3
"DC00739",52,"F",18,161000,FALSE,2021,57,5,13
"DC00740",29,"F",10,227000,FALSE,2023,32,3,7
"DC00741",33,"F",10,253000,FALSE,2019,40,7,3
"DC00742",53,"F",17,135000,FALSE,2025,54,1,16
"DC00743",35,"F",10,77000,FALSE,2022,39,4,6
"DC00744",60,"H",10,141000,FALSE,2022,64,4,6
"DC00745",36,"F",10,160000,FALSE,2019,43,7,3
"DC00746",21,"F",5,35000,FALSE,2023,24,3,2
"DC00747",34,"H",15,40000,FALSE,2025,35,1,14
"DC00748",42,"F",15,123000,FALSE,2023,45,3,12
"DC00749",46,"H",20,86000,FALSE,2023,49,3,17
"DC00750",59,"F",10,108000,FALSE,2023,62,3,7
"DC00751",22,"F",10,93000,TRUE,2021,27,5,5
"DC00752",53,"F",15,33000,FALSE,2021,58,5,10
"DC00753",22,"H",15,124000,TRUE,2021,27,5,10
"DC00754",56,"F",14,111000,TRUE,2024,58,2,12
"DC00755",41,"H",10,119000,TRUE,2022,45,4,6
"DC00756",52,"H",15,88000,FALSE,2020,58,6,9
"DC00758",33,"H",30,112000,FALSE,2020,39,6,24
"DC00759",57,"H",5,92000,FALSE,2024,59,2,3
"DC00760",35,"H",10,161000,FALSE,2024,37,2,8
"DC00761",29,"F",20,167000,TRUE,2024,31,2,18
"DC00762",46,"H",20,200000,FALSE,2024,48,2,18
"DC00763",27,"F",15,45000,FALSE,2020,33,6,9
"DC00764",42,"H",15,279000,FALSE,2024,44,2,13
"DC00765",28,"H",5,136000,TRUE,2023,31,3,2
"DC00766",54,"H",15,171000,FALSE,2023,57,3,12
"DC00767",53,"H",17,115000,FALSE,2021,58,5,12
"DC00768",57,"H",13,109000,FALSE,2021,62,5,8
"DC00769",53,"F",10,194000,FALSE,2022,57,4,6
"DC00770",49,"H",10,183000,FALSE,2023,52,3,7
"DC00771",44,"H",26,139000,FALSE,2019,51,7,19
"DC00772",49,"H",21,225000,FALSE,2021,54,5,16
"DC00773",28,"F",10,339000,FALSE,2019,35,7,3
"DC00774",56,"H",14,79000,FALSE,2023,59,3,11
"DC00775",36,"F",10,110000,FALSE,2021,41,5,5
"DC00776",39,"H",15,134000,TRUE,2023,42,3,12
"DC00777",55,"F",15,62000,FALSE,2023,58,3,12
"DC00778",57,"F",13,283000,TRUE,2022,61,4,9
"DC00779",53,"F",17,144000,TRUE,2023,56,3,14
"DC00780",22,"H",10,65000,FALSE,2022,26,4,6
"DC00781",36,"H",20,173000,FALSE,2025,37,1,19
"DC00782",43,"H",15,128000,FALSE,2020,49,6,9
"DC00783",30,"H",10,105000,FALSE,2021,35,5,5
"DC00784",27,"H",15,89000,FALSE,2018,35,8,7
"DC00785",58,"H",12,563000,FALSE,2022,62,4,8
"DC00786",39,"F",10,356000,FALSE,2023,42,3,7
"DC00787",47,"H",20,101000,FALSE,2019,54,7,13
"DC00788",42,"H",5,179000,TRUE,2022,46,4,1
"DC00789",52,"F",18,170000,FALSE,2025,53,1,17
"DC00790",38,"F",10,252000,FALSE,2025,39,1,9
"DC00791",35,"F",10,107000,FALSE,2024,37,2,8
"DC00792",59,"H",11,489000,FALSE,2019,66,7,4
"DC00793",29,"H",5,246000,FALSE,2022,33,4,1
"DC00794",29,"H",20,233000,FALSE,2022,33,4,16
"DC00795",38,"H",10,111000,FALSE,2022,42,4,6
"DC00796",32,"H",15,305000,FALSE,2024,34,2,13
"DC00797",42,"H",20,243000,FALSE,2024,44,2,18
"DC00798",59,"F",5,233000,FALSE,2022,63,4,1
"DC00799",57,"H",10,89000,FALSE,2020,63,6,4
"DC00800",58,"H",5,188000,FALSE,2022,62,4,1
"DC00801",58,"F",10,136000,TRUE,2025,59,1,9
"DC00802",56,"H",14,156000,FALSE,2022,60,4,10
"DC00803",20,"H",10,162000,FALSE,2025,21,1,9
"DC00804",53,"F",10,61000,FALSE,2025,54,1,9
"DC00806",57,"H",13,59000,FALSE,2021,62,5,8
"DC00807",55,"F",15,175000,FALSE,2020,61,6,9
"DC00808",31,"H",10,455000,TRUE,2019,38,7,3
"DC00809",25,"F",20,339000,FALSE,2021,30,5,15
"DC00810",36,"F",10,195000,FALSE,2025,37,1,9
"DC00811",20,"H",10,71000,FALSE,2025,21,1,9
"DC00812",39,"H",20,104000,TRUE,2024,41,2,18
"DC00813",45,"F",15,153000,FALSE,2023,48,3,12
"DC00814",38,"F",15,94000,FALSE,2024,40,2,13
"DC00815",56,"F",14,156000,FALSE,2023,59,3,11
"DC00816",22,"F",10,76000,FALSE,2020,28,6,4
"DC00817",38,"H",30,217000,FALSE,2023,41,3,27
"DC00818",39,"F",25,138000,TRUE,2023,42,3,22
"DC00819",50,"H",10,90000,FALSE,2023,53,3,7
"DC00820",33,"F",10,90000,FALSE,2022,37,4,6
"DC00821",53,"H",5,113000,FALSE,2023,56,3,2
"DC00822",52,"H",18,174000,FALSE,2018,60,8,10
"DC00823",41,"F",15,166000,FALSE,2023,44,3,12
"DC00824",26,"H",15,137000,FALSE,2025,27,1,14
"DC00825",57,"F",5,83000,FALSE,2025,58,1,4
"DC00827",49,"H",20,182000,FALSE,2019,56,7,13
"DC00828",44,"H",10,107000,FALSE,2023,47,3,7
"DC00829",29,"H",20,138000,FALSE,2018,37,8,12
"DC00830",49,"H",20,215000,FALSE,2023,52,3,17
"DC00831",46,"H",15,43000,FALSE,2021,51,5,10
"DC00832",38,"H",10,63000,FALSE,2023,41,3,7
"DC00833",28,"H",15,78000,FALSE,2018,36,8,7
"DC00834",41,"F",15,274000,FALSE,2020,47,6,9
"DC00835",46,"F",15,131000,FALSE,2022,50,4,11
"DC00836",27,"H",10,240000,FALSE,2024,29,2,8
"DC00837",38,"F",15,111000,FALSE,2018,46,8,7
"DC00838",26,"H",20,361000,FALSE,2023,29,3,17
"DC00839",45,"H",15,329000,FALSE,2024,47,2,13
"DC00840",35,"H",20,189000,FALSE,2022,39,4,16
"DC00841",27,"F",5,62000,TRUE,2024,29,2,3
"DC00842",42,"F",10,127000,FALSE,2024,44,2,8
"DC00843",40,"F",15,58000,FALSE,2021,45,5,10
"DC00844",35,"H",10,50000,FALSE,2021,40,5,5
"DC00845",50,"F",10,84000,FALSE,2020,56,6,4
"DC00846",48,"H",15,274000,FALSE,2022,52,4,11
"DC00847",46,"F",15,333000,FALSE,2019,53,7,8
"DC00848",29,"H",15,178000,TRUE,2021,34,5,10
"DC00849",39,"F",10,238000,FALSE,2024,41,2,8
"DC00850",37,"F",10,88000,FALSE,2024,39,2,8
"DC00851",35,"H",30,132000,TRUE,2024,37,2,28
"DC00852",27,"F",10,63000,FALSE,2024,29,2,8
"DC00853",40,"F",30,133000,FALSE,2023,43,3,27
"DC00855",42,"H",15,184000,TRUE,2024,44,2,13
"DC00856",21,"H",15,165000,FALSE,2022,25,4,11
"DC00857",52,"H",15,422000,FALSE,2023,55,3,12
"DC00858",47,"H",10,538000,FALSE,2023,50,3,7
"DC00859",50,"H",10,156000,TRUE,2024,52,2,8
"DC00861",28,"H",20,91000,FALSE,2022,32,4,16
"DC00862",52,"H",18,33000,TRUE,2023,55,3,15
"DC00864",25,"F",15,102000,TRUE,2019,32,7,8
"DC00865",31,"F",5,319000,FALSE,2023,34,3,2
"DC00866",38,"H",20,296000,FALSE,2018,46,8,12
"DC00867",52,"F",15,214000,FALSE,2022,56,4,11
"DC00868",30,"F",15,218000,FALSE,2022,34,4,11
"DC00869",47,"H",23,202000,TRUE,2023,50,3,20
"DC00870",46,"H",10,166000,FALSE,2021,51,5,5
"DC00871",35,"F",30,140000,FALSE,2022,39,4,26
"DC00872",33,"F",15,110000,FALSE,2018,41,8,7
"DC00873",42,"H",15,132000,FALSE,2019,49,7,8
"DC00874",56,"H",14,129000,TRUE,2024,58,2,12
"DC00875",59,"H",11,114000,TRUE,2024,61,2,9
"DC00876",38,"F",30,191000,FALSE,2020,44,6,24
"DC00877",26,"H",25,204000,FALSE,2025,27,1,24
"DC00878",52,"F",10,833000,FALSE,2018,60,8,2
"DC00879",43,"F",15,214000,FALSE,2020,49,6,9
"DC00880",34,"F",15,196000,FALSE,2021,39,5,10
"DC00881",27,"H",20,197000,FALSE,2024,29,2,18
"DC00882",25,"H",15,62000,FALSE,2021,30,5,10
"DC00883",53,"H",10,136000,FALSE,2021,58,5,5
"DC00884",52,"H",15,93000,FALSE,2020,58,6,9
"DC00885",49,"H",10,71000,FALSE,2023,52,3,7
"DC00886",56,"H",14,51000,FALSE,2020,62,6,8
"DC00887",56,"F",10,263000,FALSE,2023,59,3,7
"DC00888",46,"F",10,219000,FALSE,2025,47,1,9
"DC00889",46,"H",10,147000,TRUE,2022,50,4,6
"DC00890",36,"H",10,44000,FALSE,2021,41,5,5
"DC00891",36,"F",10,116000,FALSE,2024,38,2,8
"DC00892",45,"F",15,197000,FALSE,2020,51,6,9
"DC00893",49,"H",21,173000,FALSE,2019,56,7,14
"DC00894",46,"F",20,75000,FALSE,2024,48,2,18
"DC00895",38,"F",10,326000,TRUE,2021,43,5,5
"DC00896",32,"H",10,46000,TRUE,2024,34,2,8
"DC00897",37,"F",15,163000,FALSE,2024,39,2,13
"DC00898",29,"F",15,116000,TRUE,2022,33,4,11
"DC00899",22,"H",15,85000,FALSE,2025,23,1,14
"DC00900",47,"F",15,51000,FALSE,2020,53,6,9
"DC00901",40,"F",15,242000,FALSE,2022,44,4,11
"DC00902",29,"F",20,104000,FALSE,2022,33,4,16
"DC00903",52,"F",18,85000,FALSE,2024,54,2,16
"DC00904",30,"F",5,55000,FALSE,2022,34,4,1
"DC00905",32,"F",25,389000,FALSE,2021,37,5,20
"DC00906",26,"F",15,221000,FALSE,2020,32,6,9
"DC00907",59,"F",10,186000,FALSE,2023,62,3,7
"DC00908",55,"H",15,164000,FALSE,2025,56,1,14
"DC00910",24,"H",10,125000,FALSE,2020,30,6,4
"DC00911",39,"F",10,299000,FALSE,2025,40,1,9
"DC00912",42,"H",10,85000,FALSE,2018,50,8,2
"DC00913",38,"F",10,607000,TRUE,2024,40,2,8
"DC00916",57,"H",13,101000,FALSE,2024,59,2,11
"DC00917",58,"H",10,215000,TRUE,2021,63,5,5
"DC00918",29,"H",10,73000,TRUE,2018,37,8,2
"DC00919",47,"H",10,108000,FALSE,2025,48,1,9
"DC00920",54,"F",10,68000,FALSE,2023,57,3,7
"DC00921",43,"H",5,129000,FALSE,2023,46,3,2
"DC00922",36,"F",25,229000,FALSE,2023,39,3,22
"DC00923",29,"F",15,392000,FALSE,2024,31,2,13
"DC00924",59,"F",5,47000,FALSE,2023,62,3,2
"DC00925",44,"F",25,269000,TRUE,2022,48,4,21
"DC00926",42,"H",10,364000,FALSE,2022,46,4,6
"DC00927",32,"F",30,161000,FALSE,2023,35,3,27
"DC00928",59,"H",11,95000,FALSE,2025,60,1,10
"DC00929",46,"H",20,252000,FALSE,2022,50,4,16
"DC00930",56,"H",14,296000,FALSE,2022,60,4,10
"DC00931",36,"H",5,188000,FALSE,2023,39,3,2
"DC00932",44,"F",25,269000,FALSE,2020,50,6,19
"DC00933",28,"F",15,108000,FALSE,2023,31,3,12
"DC00934",59,"H",11,650000,TRUE,2018,67,8,3
"DC00935",47,"H",10,46000,FALSE,2023,50,3,7
"DC00936",38,"F",10,120000,TRUE,2020,44,6,4
"DC00937",32,"H",10,113000,FALSE,2018,40,8,2
"DC00938",52,"H",15,65000,TRUE,2025,53,1,14
"DC00939",31,"F",25,187000,FALSE,2025,32,1,24
"DC00940",20,"H",15,73000,TRUE,2025,21,1,14
"DC00941",57,"F",5,189000,FALSE,2025,58,1,4
"DC00942",38,"F",20,161000,TRUE,2018,46,8,12
"DC00943",38,"F",20,140000,FALSE,2023,41,3,17
"DC00944",56,"H",14,90000,FALSE,2021,61,5,9
"DC00945",42,"H",5,168000,FALSE,2023,45,3,2
"DC00946",46,"H",20,181000,FALSE,2020,52,6,14
"DC00947",50,"H",10,170000,FALSE,2021,55,5,5
"DC00948",41,"H",15,165000,TRUE,2024,43,2,13
"DC00949",32,"H",10,166000,FALSE,2025,33,1,9
"DC00950",33,"H",15,146000,FALSE,2023,36,3,12
"DC00951",39,"H",20,59000,FALSE,2023,42,3,17
"DC00952",27,"H",25,42000,FALSE,2024,29,2,23
"DC00953",33,"F",20,275000,TRUE,2020,39,6,14
"DC00955",33,"H",25,126000,FALSE,2022,37,4,21
"DC00956",49,"F",5,124000,TRUE,2025,50,1,4
"DC00957",29,"H",25,491000,FALSE,2022,33,4,21
"DC00958",21,"H",10,400000,TRUE,2022,25,4,6
"DC00959",51,"F",19,126000,FALSE,2024,53,2,17
"DC00960",22,"H",15,119000,FALSE,2021,27,5,10
"DC00961",53,"F",10,59000,FALSE,2018,61,8,2
"DC00962",47,"H",20,271000,TRUE,2021,52,5,15
"DC00963",47,"H",10,27000,TRUE,2023,50,3,7
"DC00964",49,"H",21,116000,TRUE,2021,54,5,16
"DC00965",29,"F",10,170000,FALSE,2020,35,6,4
"DC00966",44,"F",25,80000,TRUE,2024,46,2,23
"DC00967",38,"F",25,356000,FALSE,2022,42,4,21
"DC00968",31,"H",10,172000,FALSE,2023,34,3,7
"DC00969",37,"F",20,547000,FALSE,2021,42,5,15
"DC00970",50,"H",20,1255000,FALSE,2018,58,8,12
"DC00971",37,"H",25,117000,FALSE,2022,41,4,21
"DC00972",28,"F",15,86000,TRUE,2023,31,3,12
"DC00973",27,"F",10,739000,FALSE,2022,31,4,6
"DC00974",60,"H",10,35000,FALSE,2021,65,5,5
"DC00975",27,"F",15,183000,FALSE,2025,28,1,14
"DC00976",54,"H",10,221000,TRUE,2023,57,3,7
"DC00977",27,"F",20,516000,FALSE,2025,28,1,19
"DC00978",29,"F",10,91000,FALSE,2021,34,5,5
"DC00979",29,"F",20,71000,FALSE,2022,33,4,16
"DC00980",53,"F",17,164000,FALSE,2025,54,1,16
"DC00981",30,"H",10,259000,TRUE,2019,37,7,3
"DC00982",39,"F",20,391000,FALSE,2022,43,4,16
"DC00983",21,"H",10,450000,TRUE,2021,26,5,5
"DC00984",50,"F",10,112000,FALSE,2025,51,1,9
"DC00985",44,"F",10,50000,FALSE,2021,49,5,5
"DC00986",29,"F",10,292000,TRUE,2023,32,3,7
"DC00987",51,"F",19,112000,TRUE,2020,57,6,13
"DC00988",55,"H",15,61000,FALSE,2024,57,2,13
"DC00989",34,"H",20,260000,FALSE,2022,38,4,16
"DC00990",42,"F",5,266000,FALSE,2022,46,4,1
"DC00991",43,"F",15,120000,FALSE,2020,49,6,9
"DC00992",44,"F",5,21000,FALSE,2022,48,4,1
"DC00993",30,"H",30,149000,TRUE,2025,31,1,29
"DC00994",38,"H",10,186000,FALSE,2025,39,1,9
"DC00995",53,"F",17,119000,FALSE,2024,55,2,15
"DC00997",38,"H",15,256000,FALSE,2023,41,3,12
"DC00998",42,"F",15,159000,FALSE,2024,44,2,13
"DC00999",24,"F",25,237000,TRUE,2018,32,8,17
"DC01000",40,"F",15,81000,FALSE,2023,43,3,12
"DC01001",36,"F",5,37000,FALSE,2024,38,2,3
"DC01002",54,"F",15,60000,FALSE,2025,55,1,14
"DC01003",29,"F",10,80000,TRUE,2022,33,4,6
"DC01004",47,"F",20,49000,TRUE,2025,48,1,19
"DC01005",53,"F",15,600000,FALSE,2020,59,6,9
"DC01006",41,"F",10,86000,FALSE,2023,44,3,7
"DC01008",43,"H",5,100000,FALSE,2022,47,4,1
"DC01010",34,"H",25,166000,FALSE,2025,35,1,24
"DC01011",45,"H",15,495000,FALSE,2022,49,4,11
"DC01012",57,"H",13,71000,TRUE,2023,60,3,10
"DC01013",52,"F",10,218000,FALSE,2024,54,2,8
"DC01014",47,"H",10,56000,FALSE,2023,50,3,7
"DC01015",42,"H",28,145000,TRUE,2023,45,3,25
"DC01016",60,"H",10,64000,FALSE,2023,63,3,7
"DC01017",33,"H",20,128000,FALSE,2025,34,1,19
"DC01018",31,"H",15,212000,FALSE,2022,35,4,11
"DC01019",37,"F",15,413000,FALSE,2024,39,2,13
"DC01020",26,"H",20,77000,FALSE,2022,30,4,16
"DC01021",35,"H",15,266000,FALSE,2025,36,1,14
"DC01022",31,"F",15,275000,FALSE,2021,36,5,10
"DC01023",25,"H",15,84000,FALSE,2024,27,2,13
"DC01024",38,"H",15,1500000,FALSE,2025,39,1,14
"DC01025",21,"H",10,109000,FALSE,2018,29,8,2
"DC01026",27,"F",10,122000,FALSE,2021,32,5,5
"DC01027",43,"H",15,170000,TRUE,2019,50,7,8
"DC01028",40,"F",25,20000,FALSE,2020,46,6,19
"DC01030",44,"F",26,239000,FALSE,2018,52,8,18
"DC01031",47,"H",23,135000,FALSE,2020,53,6,17
"DC01032",44,"H",10,546000,TRUE,2025,45,1,9
"DC01033",52,"H",10,248000,FALSE,2022,56,4,6
"DC01034",25,"H",10,185000,FALSE,2023,28,3,7
"DC01035",38,"H",15,61000,FALSE,2021,43,5,10
"DC01036",55,"F",10,443000,TRUE,2022,59,4,6
"DC01037",40,"F",20,150000,FALSE,2025,41,1,19
"DC01038",20,"H",15,179000,FALSE,2022,24,4,11
"DC01039",20,"F",15,619000,FALSE,2024,22,2,13
"DC01040",20,"H",10,209000,TRUE,2023,23,3,7
"DC01041",34,"H",10,163000,TRUE,2020,40,6,4
"DC01042",45,"H",15,72000,FALSE,2025,46,1,14
"DC01043",46,"H",15,136000,FALSE,2023,49,3,12
"DC01044",37,"F",10,97000,FALSE,2025,38,1,9
"DC01045",40,"F",20,96000,FALSE,2019,47,7,13
"DC01046",49,"F",10,124000,FALSE,2023,52,3,7
"DC01047",30,"F",10,254000,FALSE,2025,31,1,9
"DC01048",52,"H",15,367000,TRUE,2023,55,3,12
"DC01049",49,"H",10,151000,FALSE,2023,52,3,7
"DC01050",29,"H",10,118000,FALSE,2020,35,6,4
"DC01051",60,"H",10,260000,FALSE,2022,64,4,6
"DC01052",56,"F",14,84000,FALSE,2021,61,5,9
"DC01053",57,"F",13,47000,FALSE,2023,60,3,10
"DC01054",56,"H",10,227000,FALSE,2021,61,5,5
"DC01055",38,"H",10,140000,FALSE,2022,42,4,6
"DC01056",25,"H",10,28000,TRUE,2024,27,2,8
"DC01057",27,"H",10,32000,FALSE,2021,32,5,5
"DC01058",35,"H",10,183000,FALSE,2018,43,8,2
"DC01059",36,"H",10,308000,FALSE,2022,40,4,6
"DC01060",27,"F",10,223000,FALSE,2021,32,5,5
"DC01061",59,"H",11,119000,FALSE,2021,64,5,6
"DC01062",58,"H",5,459000,FALSE,2024,60,2,3
"DC01063",30,"H",20,76000,FALSE,2022,34,4,16
"DC01064",34,"F",20,113000,FALSE,2021,39,5,15
"DC01065",50,"H",15,87000,FALSE,2019,57,7,8
"DC01066",38,"F",20,205000,FALSE,2023,41,3,17
"DC01067",42,"F",15,45000,FALSE,2020,48,6,9
"DC01068",44,"H",15,48000,FALSE,2023,47,3,12
"DC01069",22,"H",10,35000,TRUE,2022,26,4,6
"DC01070",47,"F",20,141000,TRUE,2025,48,1,19
"DC01071",35,"F",25,379000,FALSE,2024,37,2,23
"DC01072",40,"F",25,472000,FALSE,2024,42,2,23
"DC01073",46,"H",15,77000,TRUE,2018,54,8,7
"DC01074",50,"F",5,105000,FALSE,2022,54,4,1
"DC01075",52,"F",10,76000,FALSE,2018,60,8,2
"DC01076",28,"F",10,187000,FALSE,2019,35,7,3
"DC01077",56,"H",14,190000,TRUE,2025,57,1,13
"DC01078",46,"H",20,256000,FALSE,2024,48,2,18
"DC01079",54,"F",16,40000,TRUE,2024,56,2,14
"DC01080",24,"F",15,54000,FALSE,2021,29,5,10
"DC01081",47,"F",23,103000,FALSE,2024,49,2,21
"DC01082",30,"H",15,89000,FALSE,2024,32,2,13
"DC01083",56,"H",14,215000,FALSE,2019,63,7,7
"DC01084",27,"H",20,132000,FALSE,2024,29,2,18
"DC01085",57,"F",10,47000,FALSE,2020,63,6,4
"DC01086",40,"F",10,340000,FALSE,2024,42,2,8
"DC01087",23,"H",15,203000,TRUE,2023,26,3,12
"DC01088",24,"H",30,85000,TRUE,2023,27,3,27
"DC01089",43,"F",15,61000,FALSE,2023,46,3,12
"DC01090",31,"H",20,106000,FALSE,2023,34,3,17
"DC01091",58,"H",12,70000,FALSE,2022,62,4,8
"DC01092",47,"H",5,415000,FALSE,2022,51,4,1
"DC01093",55,"H",5,120000,FALSE,2024,57,2,3
"DC01094",21,"H",10,150000,TRUE,2020,27,6,4
"DC01095",31,"H",15,258000,FALSE,2024,33,2,13
"DC01096",20,"H",15,213000,TRUE,2024,22,2,13
"DC01097",31,"H",10,506000,FALSE,2018,39,8,2
"DC01098",50,"F",5,212000,FALSE,2025,51,1,4
"DC01099",20,"H",25,586000,FALSE,2022,24,4,21
"DC01100",29,"H",10,101000,FALSE,2021,34,5,5
"DC01101",50,"H",20,53000,FALSE,2021,55,5,15
"DC01102",22,"H",15,122000,TRUE,2018,30,8,7
"DC01103",36,"H",15,174000,FALSE,2020,42,6,9
"DC01104",23,"H",10,258000,TRUE,2021,28,5,5
"DC01105",44,"H",5,339000,FALSE,2022,48,4,1
"DC01106",30,"H",20,131000,FALSE,2022,34,4,16
"DC01107",58,"F",12,122000,TRUE,2023,61,3,9
"DC01108",29,"F",20,113000,FALSE,2023,32,3,17
"DC01110",26,"F",10,48000,FALSE,2023,29,3,7
"DC01111",54,"H",15,257000,FALSE,2022,58,4,11
"DC01112",50,"H",10,61000,TRUE,2021,55,5,5
"DC01113",40,"H",20,280000,FALSE,2025,41,1,19
"DC01114",45,"F",15,132000,TRUE,2020,51,6,9
"DC01115",48,"H",22,495000,FALSE,2020,54,6,16
"DC01116",56,"F",10,61000,FALSE,2020,62,6,4
"DC01117",32,"H",30,106000,FALSE,2018,40,8,22
"DC01118",23,"F",20,174000,TRUE,2024,25,2,18
"DC01119",27,"F",20,184000,FALSE,2023,30,3,17
"DC01120",54,"F",15,55000,FALSE,2018,62,8,7
"DC01121",28,"F",15,141000,FALSE,2024,30,2,13
"DC01122",32,"H",25,51000,FALSE,2022,36,4,21
"DC01123",24,"H",10,219000,FALSE,2023,27,3,7
"DC01124",31,"F",10,105000,FALSE,2021,36,5,5
"DC01125",23,"F",15,194000,FALSE,2018,31,8,7
"DC01126",44,"H",20,326000,TRUE,2020,50,6,14
"DC01128",22,"F",10,264000,FALSE,2023,25,3,7
"DC01129",58,"H",12,140000,FALSE,2024,60,2,10
"DC01130",57,"F",13,154000,FALSE,2021,62,5,8
"DC01131",36,"H",10,222000,FALSE,2021,41,5,5
"DC01132",45,"H",15,153000,TRUE,2024,47,2,13
"DC01133",39,"H",15,120000,FALSE,2024,41,2,13
"DC01134",39,"F",10,74000,TRUE,2023,42,3,7
"DC01135",31,"F",10,302000,TRUE,2022,35,4,6
"DC01136",39,"H",15,597000,FALSE,2022,43,4,11
"DC01137",47,"F",20,293000,FALSE,2024,49,2,18
"DC01138",54,"F",16,311000,TRUE,2023,57,3,13
"DC01139",22,"F",15,97000,FALSE,2019,29,7,8
"DC01141",54,"H",16,161000,TRUE,2020,60,6,10
"DC01142",50,"H",20,228000,FALSE,2024,52,2,18
"DC01143",39,"H",20,120000,FALSE,2023,42,3,17
"DC01144",42,"H",15,86000,TRUE,2022,46,4,11
"DC01145",57,"H",5,136000,TRUE,2024,59,2,3
"DC01146",29,"F",25,1076000,FALSE,2023,32,3,22
"DC01147",45,"F",20,118000,TRUE,2020,51,6,14
"DC01148",50,"H",20,299000,TRUE,2022,54,4,16
"DC01149",57,"F",10,46000,FALSE,2019,64,7,3
"DC01150",20,"F",10,1198000,FALSE,2019,27,7,3
"DC01151",54,"H",10,54000,FALSE,2022,58,4,6
"DC01152",32,"H",20,166000,FALSE,2023,35,3,17
"DC01153",24,"F",15,155000,FALSE,2022,28,4,11
"DC01154",33,"F",20,132000,FALSE,2022,37,4,16
"DC01155",46,"F",24,47000,FALSE,2021,51,5,19
"DC01156",46,"H",10,75000,FALSE,2023,49,3,7
"DC01157",52,"H",5,326000,FALSE,2022,56,4,1
"DC01158",51,"F",19,168000,FALSE,2023,54,3,16
"DC01159",20,"H",20,145000,FALSE,2024,22,2,18
"DC01160",51,"F",15,187000,FALSE,2024,53,2,13
"DC01161",33,"H",20,170000,FALSE,2022,37,4,16
"DC01162",52,"H",18,169000,FALSE,2022,56,4,14
"DC01163",39,"H",25,259000,TRUE,2021,44,5,20
"DC01164",22,"H",15,231000,FALSE,2020,28,6,9
"DC01165",22,"H",30,373000,FALSE,2022,26,4,26
"DC01166",42,"H",15,142000,FALSE,2020,48,6,9
"DC01167",52,"F",5,192000,FALSE,2022,56,4,1
"DC01168",25,"H",10,33000,FALSE,2018,33,8,2
"DC01169",25,"F",25,383000,FALSE,2024,27,2,23
"DC01170",33,"H",10,281000,FALSE,2024,35,2,8
"DC01171",39,"F",5,130000,FALSE,2022,43,4,1
"DC01172",27,"F",10,565000,TRUE,2024,29,2,8
"DC01173",28,"F",25,127000,FALSE,2018,36,8,17
"DC01174",55,"H",15,192000,FALSE,2025,56,1,14
"DC01175",58,"H",12,53000,FALSE,2021,63,5,7
"DC01177",34,"H",10,87000,FALSE,2020,40,6,4
"DC01178",26,"H",15,97000,FALSE,2024,28,2,13
"DC01179",48,"F",10,568000,TRUE,2023,51,3,7
"DC01180",34,"F",20,342000,FALSE,2021,39,5,15
"DC01181",49,"H",15,93000,FALSE,2019,56,7,8
"DC01182",35,"H",10,293000,TRUE,2023,38,3,7
"DC01183",36,"H",15,305000,FALSE,2025,37,1,14
"DC01184",20,"F",25,228000,FALSE,2023,23,3,22
"DC01185",38,"H",30,151000,FALSE,2024,40,2,28
"DC01186",27,"F",15,181000,FALSE,2021,32,5,10
"DC01187",30,"H",20,274000,FALSE,2022,34,4,16
"DC01188",29,"H",15,115000,FALSE,2022,33,4,11
"DC01189",46,"H",24,446000,FALSE,2022,50,4,20
"DC01190",47,"H",23,138000,FALSE,2021,52,5,18
"DC01191",21,"H",15,332000,FALSE,2024,23,2,13
"DC01192",45,"F",15,181000,FALSE,2021,50,5,10
"DC01193",27,"H",20,95000,FALSE,2024,29,2,18
"DC01194",49,"H",20,144000,FALSE,2025,50,1,19
"DC01195",47,"F",15,220000,FALSE,2021,52,5,10
"DC01196",35,"H",10,100000,TRUE,2020,41,6,4
"DC01197",51,"F",15,99000,TRUE,2019,58,7,8
"DC01198",42,"F",10,227000,FALSE,2019,49,7,3
"DC01199",56,"H",14,227000,TRUE,2019,63,7,7
"DC01200",26,"F",10,322000,TRUE,2024,28,2,8
"DC01201",56,"H",14,220000,FALSE,2022,60,4,10
"DC01202",31,"H",10,286000,FALSE,2019,38,7,3
"DC01203",25,"F",20,105000,FALSE,2023,28,3,17
"DC01204",49,"F",20,481000,FALSE,2022,53,4,16
"DC01205",36,"F",15,238000,FALSE,2020,42,6,9
"DC01206",42,"H",15,125000,FALSE,2022,46,4,11
"DC01207",56,"H",10,109000,TRUE,2024,58,2,8
"DC01208",57,"H",10,57000,FALSE,2019,64,7,3
"DC01209",47,"F",15,259000,FALSE,2022,51,4,11
"DC01211",20,"F",10,392000,FALSE,2022,24,4,6
"DC01212",41,"H",10,124000,FALSE,2022,45,4,6
"DC01213",40,"F",15,197000,FALSE,2020,46,6,9
"DC01215",20,"H",10,268000,FALSE,2019,27,7,3
"DC01216",57,"H",13,407000,FALSE,2021,62,5,8
"DC01217",31,"F",25,128000,TRUE,2020,37,6,19
"DC01218",54,"H",10,394000,FALSE,2020,60,6,4
"DC01219",48,"H",22,217000,FALSE,2022,52,4,18
"DC01220",50,"H",20,210000,FALSE,2018,58,8,12
"DC01221",20,"H",10,230000,FALSE,2023,23,3,7
"DC01222",43,"F",10,91000,FALSE,2021,48,5,5
"DC01223",22,"H",10,116000,FALSE,2022,26,4,6
"DC01225",21,"H",15,50000,FALSE,2022,25,4,11
"DC01227",25,"H",15,59000,FALSE,2024,27,2,13
"DC01228",57,"H",13,134000,FALSE,2021,62,5,8
"DC01229",41,"H",20,47000,FALSE,2022,45,4,16
"DC01230",26,"F",30,338000,FALSE,2022,30,4,26
"DC01231",31,"F",5,212000,FALSE,2023,34,3,2
"DC01232",48,"F",20,81000,FALSE,2021,53,5,15
"DC01233",20,"F",10,196000,FALSE,2019,27,7,3
"DC01234",32,"F",20,274000,FALSE,2019,39,7,13
"DC01235",50,"H",20,47000,FALSE,2018,58,8,12
"DC01236",54,"H",16,132000,TRUE,2024,56,2,14
"DC01237",44,"H",10,138000,FALSE,2023,47,3,7
"DC01238",59,"H",5,200000,TRUE,2023,62,3,2
"DC01239",44,"F",10,90000,TRUE,2019,51,7,3
"DC01240",34,"F",10,241000,FALSE,2021,39,5,5
"DC01241",56,"H",14,124000,FALSE,2025,57,1,13
"DC01242",30,"H",20,100000,FALSE,2021,35,5,15
"DC01243",43,"H",15,58000,FALSE,2024,45,2,13
"DC01244",38,"F",10,27000,FALSE,2022,42,4,6
"DC01245",54,"F",5,108000,FALSE,2022,58,4,1
"DC01246",52,"F",18,523000,FALSE,2025,53,1,17
"DC01247",60,"H",10,240000,FALSE,2023,63,3,7
"DC01248",44,"F",15,83000,FALSE,2025,45,1,14
"DC01249",36,"F",15,182000,FALSE,2022,40,4,11
"DC01250",58,"F",12,41000,FALSE,2020,64,6,6
"DC01251",31,"H",15,256000,TRUE,2024,33,2,13
"DC01255",51,"H",15,457000,FALSE,2023,54,3,12
"DC01256",40,"F",20,116000,TRUE,2024,42,2,18
"DC01257",56,"H",10,147000,FALSE,2025,57,1,9
"DC01258",38,"F",10,64000,TRUE,2024,40,2,8
"DC01259",46,"H",5,123000,FALSE,2022,50,4,1
"DC01260",46,"H",20,370000,FALSE,2023,49,3,17
"DC01261",21,"F",20,68000,FALSE,2021,26,5,15
"DC01262",46,"H",24,131000,TRUE,2019,53,7,17
"DC01264",23,"F",15,101000,FALSE,2021,28,5,10
"DC01265",47,"H",20,449000,FALSE,2022,51,4,16
"DC01266",26,"H",5,127000,FALSE,2024,28,2,3
"DC01267",50,"F",10,93000,FALSE,2021,55,5,5
"DC01268",47,"H",15,163000,FALSE,2021,52,5,10
"DC01269",32,"F",10,132000,FALSE,2022,36,4,6
"DC01270",45,"H",25,213000,FALSE,2019,52,7,18
"DC01271",29,"H",25,152000,FALSE,2022,33,4,21
"DC01272",20,"H",15,64000,FALSE,2023,23,3,12
"DC01273",60,"H",5,80000,FALSE,2023,63,3,2
"DC01274",22,"F",10,121000,TRUE,2025,23,1,9
"DC01275",20,"F",15,94000,TRUE,2025,21,1,14
"DC01276",26,"F",25,65000,FALSE,2022,30,4,21
"DC01277",28,"H",10,189000,FALSE,2022,32,4,6
"DC01278",21,"F",20,162000,FALSE,2019,28,7,13
"DC01279",33,"H",15,141000,TRUE,2021,38,5,10
"DC01280",40,"H",25,430000,FALSE,2022,44,4,21
"DC01282",37,"H",15,354000,FALSE,2024,39,2,13
"DC01283",31,"H",15,77000,FALSE,2022,35,4,11
"DC01284",41,"F",20,45000,FALSE,2022,45,4,16
"DC01285",47,"H",20,111000,TRUE,2021,52,5,15
"DC01286",44,"F",25,189000,FALSE,2022,48,4,21
"DC01287",60,"H",10,507000,FALSE,2022,64,4,6
"DC01288",54,"H",10,143000,TRUE,2024,56,2,8
"DC01289",45,"H",20,171000,FALSE,2022,49,4,16
"DC01290",28,"F",20,49000,FALSE,2020,34,6,14
"DC01291",52,"F",10,480000,TRUE,2025,53,1,9
"DC01292",33,"H",10,27000,FALSE,2023,36,3,7
"DC01293",46,"F",10,169000,TRUE,2021,51,5,5
"DC01294",31,"H",20,59000,FALSE,2020,37,6,14
"DC01295",33,"F",25,390000,FALSE,2023,36,3,22
"DC01296",31,"H",10,190000,TRUE,2021,36,5,5
"DC01297",51,"H",15,172000,TRUE,2021,56,5,10
"DC01298",39,"H",10,211000,TRUE,2021,44,5,5
"DC01299",42,"H",25,154000,FALSE,2022,46,4,21
"DC01300",41,"F",10,90000,FALSE,2025,42,1,9
"DC01301",23,"H",20,450000,FALSE,2022,27,4,16
"DC01302",32,"F",20,379000,FALSE,2024,34,2,18
"DC01303",24,"F",25,276000,FALSE,2019,31,7,18
"DC01304",55,"H",5,199000,FALSE,2023,58,3,2
"DC01305",39,"H",15,350000,FALSE,2020,45,6,9
"DC01306",52,"H",18,131000,FALSE,2021,57,5,13
"DC01307",49,"H",5,39000,TRUE,2023,52,3,2
"DC01308",28,"F",15,106000,FALSE,2021,33,5,10
"DC01309",28,"F",20,77000,TRUE,2019,35,7,13
"DC01310",32,"F",10,187000,TRUE,2020,38,6,4
"DC01311",60,"F",10,57000,FALSE,2024,62,2,8
"DC01312",53,"H",10,207000,FALSE,2023,56,3,7
"DC01313",50,"H",20,206000,FALSE,2021,55,5,15
"DC01314",48,"F",20,329000,FALSE,2022,52,4,16
"DC01315",46,"H",5,357000,FALSE,2024,48,2,3
"DC01316",28,"H",30,85000,TRUE,2023,31,3,27
"DC01317",47,"H",10,501000,FALSE,2025,48,1,9
"DC01318",34,"F",15,177000,TRUE,2021,39,5,10
"DC01319",31,"F",25,90000,FALSE,2023,34,3,22
"DC01320",37,"H",30,56000,FALSE,2024,39,2,28
"DC01321",34,"F",15,647000,FALSE,2018,42,8,7
"DC01322",35,"F",15,261000,FALSE,2021,40,5,10
"DC01323",42,"H",10,372000,FALSE,2021,47,5,5
"DC01324",31,"H",15,100000,FALSE,2025,32,1,14
"DC01325",59,"H",11,270000,FALSE,2024,61,2,9
"DC01326",30,"H",20,45000,FALSE,2025,31,1,19
"DC01327",37,"H",10,84000,FALSE,2025,38,1,9
"DC01328",32,"F",5,113000,FALSE,2025,33,1,4
"DC01329",34,"H",15,13000,FALSE,2025,35,1,14
"DC01330",58,"H",12,69000,FALSE,2018,66,8,4
"DC01331",23,"H",10,231000,TRUE,2024,25,2,8
"DC01333",58,"H",10,113000,TRUE,2022,62,4,6
"DC01334",42,"F",15,134000,FALSE,2024,44,2,13
"DC01335",56,"F",14,81000,FALSE,2024,58,2,12
"DC01336",32,"H",10,146000,TRUE,2019,39,7,3
"DC01337",47,"F",5,190000,FALSE,2022,51,4,1
"DC01338",39,"F",20,83000,FALSE,2022,43,4,16
"DC01339",33,"H",10,89000,FALSE,2019,40,7,3
"DC01340",50,"F",10,200000,TRUE,2022,54,4,6
"DC01341",42,"F",25,57000,TRUE,2025,43,1,24
"DC01342",25,"H",10,477000,FALSE,2025,26,1,9
"DC01343",53,"H",17,435000,FALSE,2023,56,3,14
"DC01344",49,"H",15,183000,FALSE,2021,54,5,10
"DC01345",49,"F",10,152000,FALSE,2021,54,5,5
"DC01346",26,"F",10,54000,FALSE,2023,29,3,7
"DC01347",33,"F",30,29000,FALSE,2024,35,2,28
"DC01348",56,"H",14,535000,TRUE,2024,58,2,12
"DC01349",27,"F",10,41000,FALSE,2022,31,4,6
"DC01350",50,"F",20,617000,TRUE,2025,51,1,19
"DC01351",22,"F",20,195000,FALSE,2025,23,1,19
"DC01352",44,"F",10,84000,FALSE,2023,47,3,7
"DC01353",51,"F",15,161000,FALSE,2023,54,3,12
"DC01354",31,"H",10,54000,FALSE,2022,35,4,6
"DC01355",38,"F",25,140000,FALSE,2020,44,6,19
"DC01356",44,"H",15,268000,FALSE,2021,49,5,10
"DC01357",32,"F",10,133000,FALSE,2024,34,2,8
"DC01358",35,"F",15,254000,TRUE,2025,36,1,14
"DC01359",24,"F",15,110000,FALSE,2023,27,3,12
"DC01360",56,"H",14,202000,FALSE,2019,63,7,7
"DC01361",27,"H",10,199000,TRUE,2022,31,4,6
"DC01362",31,"H",20,187000,TRUE,2019,38,7,13
"DC01363",21,"H",5,38000,FALSE,2025,22,1,4
"DC01364",52,"H",15,298000,FALSE,2018,60,8,7
"DC01365",38,"F",20,160000,FALSE,2023,41,3,17
"DC01366",31,"H",10,351000,FALSE,2022,35,4,6
"DC01367",34,"H",15,167000,TRUE,2021,39,5,10
"DC01368",42,"F",20,348000,TRUE,2021,47,5,15
"DC01369",20,"F",10,217000,TRUE,2020,26,6,4
"DC01370",32,"H",10,686000,FALSE,2024,34,2,8
"DC01371",49,"H",10,255000,FALSE,2021,54,5,5
"DC01372",21,"F",10,224000,TRUE,2023,24,3,7
"DC01373",54,"F",15,235000,FALSE,2022,58,4,11
"DC01374",20,"F",10,275000,FALSE,2018,28,8,2
"DC01375",25,"H",10,240000,FALSE,2024,27,2,8
"DC01376",60,"H",10,142000,FALSE,2022,64,4,6
"DC01377",22,"H",30,341000,FALSE,2021,27,5,25
"DC01378",52,"H",10,109000,FALSE,2022,56,4,6
"DC01379",56,"F",10,439000,FALSE,2022,60,4,6
"DC01380",31,"H",30,402000,TRUE,2020,37,6,24
"DC01381",25,"F",15,220000,FALSE,2025,26,1,14
"DC01382",25,"H",10,352000,TRUE,2025,26,1,9
"DC01383",33,"H",10,230000,FALSE,2022,37,4,6
"DC01384",45,"H",20,100000,FALSE,2019,52,7,13
"DC01385",53,"F",15,153000,FALSE,2022,57,4,11
"DC01387",54,"F",15,32000,TRUE,2023,57,3,12
"DC01388",36,"H",20,59000,FALSE,2023,39,3,17
"DC01389",55,"H",15,90000,FALSE,2025,56,1,14
"DC01390",20,"F",20,436000,FALSE,2023,23,3,17
"DC01391",59,"H",10,73000,FALSE,2023,62,3,7
"DC01392",37,"H",10,94000,FALSE,2022,41,4,6
"DC01393",36,"H",10,64000,FALSE,2023,39,3,7
"DC01394",41,"H",20,37000,TRUE,2022,45,4,16
"DC01395",21,"F",5,357000,FALSE,2022,25,4,1
"DC01396",45,"H",5,213000,FALSE,2023,48,3,2
"DC01397",39,"H",30,204000,FALSE,2024,41,2,28
"DC01398",26,"H",5,171000,TRUE,2024,28,2,3
"DC01399",57,"H",5,163000,FALSE,2022,61,4,1
"DC01400",21,"H",10,246000,TRUE,2024,23,2,8
"DC01401",54,"F",16,75000,FALSE,2024,56,2,14
"DC01402",30,"H",20,57000,TRUE,2020,36,6,14
"DC01403",25,"H",20,160000,FALSE,2024,27,2,18
"DC01404",28,"H",10,150000,FALSE,2020,34,6,4
"DC01405",22,"F",15,100000,FALSE,2022,26,4,11
"DC01406",42,"F",15,173000,TRUE,2019,49,7,8
"DC01407",51,"H",10,165000,FALSE,2022,55,4,6
"DC01408",53,"H",15,49000,FALSE,2021,58,5,10
"DC01409",29,"H",20,220000,TRUE,2023,32,3,17
"DC01410",48,"H",15,125000,TRUE,2022,52,4,11
"DC01411",23,"H",15,71000,FALSE,2022,27,4,11
"DC01412",31,"F",20,132000,TRUE,2024,33,2,18
"DC01413",47,"F",20,101000,FALSE,2022,51,4,16
"DC01414",39,"H",5,180000,FALSE,2023,42,3,2
"DC01415",42,"F",25,143000,FALSE,2024,44,2,23
"DC01416",48,"F",20,155000,FALSE,2023,51,3,17
"DC01417",46,"F",15,105000,FALSE,2024,48,2,13
"DC01418",53,"H",15,180000,TRUE,2022,57,4,11
"DC01419",40,"H",20,206000,TRUE,2019,47,7,13
"DC01420",57,"F",13,96000,FALSE,2019,64,7,6
"DC01421",22,"F",10,30000,TRUE,2024,24,2,8
"DC01422",45,"H",15,135000,FALSE,2019,52,7,8
"DC01423",31,"F",25,226000,FALSE,2025,32,1,24
"DC01424",38,"H",30,803000,FALSE,2024,40,2,28
"DC01425",29,"H",25,289000,FALSE,2021,34,5,20
"DC01426",46,"H",15,38000,FALSE,2023,49,3,12
"DC01428",59,"F",10,773000,FALSE,2022,63,4,6
"DC01429",25,"F",5,431000,FALSE,2023,28,3,2
"DC01430",52,"F",10,210000,FALSE,2025,53,1,9
"DC01431",51,"F",19,71000,FALSE,2021,56,5,14
"DC01432",58,"H",12,96000,FALSE,2021,63,5,7
"DC01433",49,"H",20,123000,FALSE,2025,50,1,19
"DC01434",24,"H",20,292000,TRUE,2024,26,2,18
"DC01435",48,"H",20,88000,FALSE,2019,55,7,13
"DC01436",48,"F",20,101000,TRUE,2021,53,5,15
"DC01437",25,"H",15,79000,FALSE,2019,32,7,8
"DC01438",25,"H",15,103000,FALSE,2022,29,4,11
"DC01439",38,"H",10,70000,FALSE,2023,41,3,7
"DC01440",45,"H",10,586000,FALSE,2019,52,7,3
"DC01441",36,"F",15,123000,FALSE,2021,41,5,10
"DC01442",31,"H",20,156000,TRUE,2021,36,5,15
"DC01443",21,"H",20,123000,FALSE,2019,28,7,13
"DC01445",53,"F",15,345000,FALSE,2021,58,5,10
"DC01446",46,"H",20,88000,FALSE,2022,50,4,16
"DC01447",53,"H",10,528000,TRUE,2023,56,3,7
"DC01448",23,"F",20,120000,TRUE,2022,27,4,16
"DC01450",56,"H",14,124000,TRUE,2020,62,6,8
"DC01451",35,"H",20,97000,TRUE,2023,38,3,17
"DC01452",21,"H",10,155000,FALSE,2025,22,1,9
"DC01453",56,"F",10,82000,TRUE,2022,60,4,6
"DC01454",38,"F",5,231000,TRUE,2025,39,1,4
"DC01455",47,"H",15,128000,FALSE,2021,52,5,10
"DC01456",24,"H",10,139000,FALSE,2023,27,3,7
"DC01457",32,"H",20,129000,FALSE,2025,33,1,19
"DC01458",54,"H",16,524000,FALSE,2022,58,4,12
"DC01459",35,"F",30,379000,TRUE,2018,43,8,22
"DC01460",55,"H",10,157000,FALSE,2020,61,6,4
"DC01461",55,"H",15,302000,TRUE,2022,59,4,11
"DC01462",55,"F",10,237000,FALSE,2019,62,7,3
"DC01463",20,"F",10,228000,FALSE,2019,27,7,3
"DC01464",47,"H",20,34000,TRUE,2023,50,3,17
"DC01465",37,"F",30,418000,FALSE,2023,40,3,27
"DC01466",23,"F",15,116000,TRUE,2024,25,2,13
"DC01467",59,"F",11,288000,FALSE,2023,62,3,8
"DC01468",51,"F",10,540000,FALSE,2018,59,8,2
"DC01469",29,"H",20,102000,TRUE,2021,34,5,15
"DC01470",53,"F",5,51000,FALSE,2022,57,4,1
"DC01471",40,"F",20,513000,FALSE,2021,45,5,15
"DC01472",22,"H",25,277000,FALSE,2023,25,3,22
"DC01473",39,"F",15,66000,FALSE,2019,46,7,8
"DC01474",39,"F",30,107000,TRUE,2022,43,4,26
"DC01475",22,"H",20,81000,FALSE,2022,26,4,16
"DC01476",33,"F",10,112000,FALSE,2020,39,6,4
"DC01477",34,"H",20,311000,FALSE,2022,38,4,16
"DC01478",29,"F",10,447000,FALSE,2018,37,8,2
"DC01479",24,"H",15,251000,FALSE,2020,30,6,9
"DC01481",26,"F",20,78000,FALSE,2024,28,2,18
"DC01482",35,"H",20,146000,FALSE,2022,39,4,16
"DC01483",55,"H",10,91000,TRUE,2020,61,6,4
"DC01484",42,"H",25,65000,FALSE,2025,43,1,24
"DC01485",60,"F",10,202000,FALSE,2022,64,4,6
"DC01486",32,"F",20,189000,FALSE,2022,36,4,16
"DC01487",52,"H",15,204000,FALSE,2019,59,7,8
"DC01488",37,"F",10,283000,FALSE,2019,44,7,3
"DC01489",44,"H",10,436000,FALSE,2022,48,4,6
"DC01490",31,"H",10,83000,FALSE,2021,36,5,5
"DC01491",36,"F",15,184000,FALSE,2022,40,4,11
"DC01492",55,"H",15,386000,FALSE,2022,59,4,11
"DC01493",31,"H",20,130000,FALSE,2022,35,4,16
"DC01494",58,"H",12,106000,TRUE,2025,59,1,11
"DC01495",21,"F",20,165000,FALSE,2022,25,4,16
"DC01496",58,"H",5,59000,FALSE,2023,61,3,2
"DC01497",33,"F",10,76000,FALSE,2025,34,1,9
"DC01498",36,"F",10,146000,FALSE,2022,40,4,6
"DC01499",48,"H",15,165000,FALSE,2022,52,4,11
"DC01500",59,"H",11,125000,FALSE,2020,65,6,5
"DC01501",53,"H",15,205000,FALSE,2021,58,5,10
"DC01502",24,"H",25,83000,TRUE,2020,30,6,19
"DC01503",23,"H",15,198000,FALSE,2024,25,2,13
"DC01504",59,"H",10,56000,FALSE,2023,62,3,7
"DC01505",26,"H",10,165000,FALSE,2022,30,4,6
"DC01506",50,"F",10,100000,FALSE,2019,57,7,3
"DC01507",27,"F",10,165000,FALSE,2024,29,2,8
"DC01508",34,"F",20,192000,FALSE,2019,41,7,13
"DC01509",41,"H",20,72000,FALSE,2020,47,6,14
"DC01510",30,"H",15,184000,FALSE,2022,34,4,11
"DC01511",37,"H",10,224000,FALSE,2024,39,2,8
"DC01512",43,"F",20,210000,FALSE,2018,51,8,12
"DC01513",38,"H",10,529000,FALSE,2021,43,5,5
"DC01514",22,"F",10,355000,FALSE,2022,26,4,6
"DC01515",60,"H",5,190000,FALSE,2022,64,4,1
"DC01516",58,"F",12,291000,FALSE,2019,65,7,5
"DC01517",47,"H",15,620000,FALSE,2019,54,7,8
"DC01518",46,"H",10,123000,FALSE,2023,49,3,7
"DC01519",46,"F",20,64000,FALSE,2020,52,6,14
"DC01520",21,"H",10,100000,TRUE,2023,24,3,7
"DC01521",29,"F",5,96000,FALSE,2024,31,2,3
"DC01522",46,"F",10,614000,FALSE,2021,51,5,5
"DC01523",25,"H",20,325000,FALSE,2021,30,5,15
"DC01524",46,"F",24,159000,FALSE,2021,51,5,19
"DC01525",49,"F",15,76000,FALSE,2021,54,5,10
"DC01526",24,"H",25,149000,FALSE,2021,29,5,20
"DC01527",50,"F",10,307000,FALSE,2022,54,4,6
"DC01528",39,"H",10,70000,FALSE,2023,42,3,7
"DC01529",39,"H",10,36000,FALSE,2023,42,3,7
"DC01530",25,"H",15,276000,FALSE,2023,28,3,12
"DC01531",21,"F",10,55000,FALSE,2021,26,5,5
"DC01532",45,"F",10,357000,FALSE,2021,50,5,5
"DC01533",22,"H",20,258000,FALSE,2019,29,7,13
"DC01534",35,"F",25,49000,FALSE,2021,40,5,20
"DC01535",39,"H",10,140000,TRUE,2024,41,2,8
"DC01536",28,"H",20,60000,FALSE,2022,32,4,16
"DC01537",44,"H",20,41000,TRUE,2023,47,3,17
"DC01538",51,"F",15,91000,FALSE,2024,53,2,13
"DC01539",26,"H",10,101000,FALSE,2024,28,2,8
"DC01540",32,"H",5,350000,FALSE,2023,35,3,2
"DC01541",45,"H",20,150000,FALSE,2022,49,4,16
"DC01542",44,"H",10,173000,FALSE,2020,50,6,4
"DC01543",31,"H",25,86000,FALSE,2023,34,3,22
"DC01544",46,"F",15,135000,FALSE,2022,50,4,11
"DC01545",48,"F",20,126000,FALSE,2024,50,2,18
"DC01546",60,"H",10,129000,FALSE,2021,65,5,5
"DC01547",43,"H",15,191000,FALSE,2025,44,1,14
"DC01548",21,"H",10,175000,FALSE,2023,24,3,7
"DC01549",52,"H",18,17000,TRUE,2024,54,2,16
"DC01550",33,"H",10,164000,FALSE,2022,37,4,6
"DC01551",41,"H",10,172000,FALSE,2025,42,1,9
"DC01552",34,"H",15,109000,FALSE,2022,38,4,11
"DC01553",54,"H",10,345000,TRUE,2024,56,2,8
"DC01554",38,"F",25,90000,FALSE,2021,43,5,20
"DC01555",48,"F",15,183000,TRUE,2023,51,3,12
"DC01556",36,"H",25,270000,FALSE,2022,40,4,21
"DC01557",44,"H",10,175000,FALSE,2024,46,2,8
"DC01558",57,"H",13,131000,FALSE,2021,62,5,8
"DC01559",57,"F",13,65000,FALSE,2023,60,3,10
"DC01560",59,"F",11,318000,FALSE,2021,64,5,6
"DC01561",47,"H",20,89000,FALSE,2023,50,3,17
"DC01562",38,"F",10,297000,TRUE,2023,41,3,7
"DC01563",31,"H",25,254000,FALSE,2021,36,5,20
"DC01564",28,"F",10,245000,FALSE,2019,35,7,3
"DC01565",46,"F",15,125000,FALSE,2019,53,7,8
"DC01566",25,"F",15,30000,TRUE,2019,32,7,8
"DC01567",21,"F",20,234000,FALSE,2022,25,4,16
"DC01568",42,"F",20,109000,FALSE,2021,47,5,15
"DC01569",51,"H",19,72000,FALSE,2025,52,1,18
"DC01570",60,"F",10,68000,TRUE,2021,65,5,5
"DC01571",59,"F",11,102000,FALSE,2023,62,3,8
"DC01572",32,"H",20,115000,TRUE,2018,40,8,12
"DC01573",30,"H",20,299000,TRUE,2019,37,7,13
"DC01574",25,"F",10,185000,TRUE,2021,30,5,5
"DC01575",20,"H",20,104000,FALSE,2023,23,3,17
"DC01576",38,"F",15,165000,FALSE,2022,42,4,11
"DC01577",40,"H",20,289000,FALSE,2024,42,2,18
"DC01578",27,"H",10,96000,FALSE,2022,31,4,6
"DC01579",50,"H",20,369000,FALSE,2025,51,1,19
"DC01580",26,"H",10,100000,FALSE,2022,30,4,6
"DC01581",31,"F",15,127000,FALSE,2021,36,5,10
"DC01582",60,"H",10,169000,FALSE,2023,63,3,7
"DC01583",34,"H",15,296000,FALSE,2020,40,6,9
"DC01584",28,"F",20,500000,TRUE,2023,31,3,17
"DC01585",50,"F",10,271000,FALSE,2025,51,1,9
"DC01586",50,"F",10,40000,FALSE,2024,52,2,8
"DC01587",34,"H",15,79000,FALSE,2025,35,1,14
"DC01588",45,"F",5,138000,FALSE,2023,48,3,2
"DC01589",40,"H",15,97000,TRUE,2019,47,7,8
"DC01590",33,"H",15,107000,FALSE,2021,38,5,10
"DC01591",60,"H",10,157000,FALSE,2021,65,5,5
"DC01592",20,"F",20,80000,TRUE,2022,24,4,16
"DC01593",27,"H",20,102000,FALSE,2025,28,1,19
"DC01594",30,"H",10,235000,TRUE,2021,35,5,5
"DC01595",21,"F",20,16000,FALSE,2022,25,4,16
"DC01596",46,"F",15,165000,TRUE,2023,49,3,12
"DC01597",22,"F",10,80000,FALSE,2023,25,3,7
"DC01598",43,"H",15,188000,FALSE,2023,46,3,12
"DC01599",47,"H",15,90000,FALSE,2024,49,2,13
"DC01600",34,"F",15,122000,FALSE,2025,35,1,14
"DC01601",54,"H",16,241000,FALSE,2020,60,6,10
"DC01602",60,"H",10,292000,FALSE,2022,64,4,6
"DC01603",28,"H",20,209000,FALSE,2025,29,1,19
"DC01604",53,"F",17,53000,FALSE,2018,61,8,9
"DC01605",25,"H",15,285000,FALSE,2020,31,6,9
"DC01606",44,"F",10,78000,FALSE,2022,48,4,6
"DC01607",46,"H",10,944000,FALSE,2022,50,4,6
"DC01608",24,"F",10,331000,TRUE,2023,27,3,7
"DC01609",46,"F",24,356000,FALSE,2022,50,4,20
"DC01610",50,"F",10,536000,FALSE,2020,56,6,4
"DC01611",42,"F",20,143000,FALSE,2024,44,2,18
"DC01612",39,"H",20,88000,FALSE,2023,42,3,17
"DC01613",28,"H",10,118000,FALSE,2022,32,4,6
"DC01614",30,"H",20,224000,TRUE,2022,34,4,16
"DC01615",48,"H",22,245000,TRUE,2022,52,4,18
"DC01616",22,"F",10,153000,FALSE,2024,24,2,8
"DC01617",51,"H",15,197000,FALSE,2020,57,6,9
"DC01618",28,"H",15,315000,FALSE,2022,32,4,11
"DC01619",60,"F",10,96000,FALSE,2020,66,6,4
"DC01620",30,"H",10,199000,TRUE,2024,32,2,8
"DC01621",53,"F",15,40000,FALSE,2021,58,5,10
"DC01622",47,"H",10,184000,FALSE,2021,52,5,5
"DC01623",42,"F",10,312000,FALSE,2025,43,1,9
"DC01624",27,"H",30,242000,FALSE,2020,33,6,24
"DC01625",22,"H",20,141000,FALSE,2020,28,6,14
"DC01626",36,"H",10,248000,TRUE,2025,37,1,9
"DC01627",34,"H",25,516000,TRUE,2022,38,4,21
"DC01628",20,"H",20,142000,FALSE,2022,24,4,16
"DC01629",54,"H",10,29000,FALSE,2022,58,4,6
"DC01631",31,"H",10,256000,FALSE,2025,32,1,9
"DC01632",57,"H",10,207000,FALSE,2023,60,3,7
"DC01633",36,"H",20,472000,FALSE,2020,42,6,14
"DC01634",46,"F",20,99000,TRUE,2018,54,8,12
"DC01635",22,"H",10,171000,TRUE,2018,30,8,2
"DC01636",51,"F",15,490000,FALSE,2023,54,3,12
"DC01637",58,"H",12,88000,FALSE,2023,61,3,9
"DC01638",21,"H",25,90000,FALSE,2020,27,6,19
"DC01639",26,"H",10,110000,FALSE,2020,32,6,4
"DC01640",33,"H",20,45000,TRUE,2023,36,3,17
"DC01641",44,"F",20,145000,FALSE,2018,52,8,12
"DC01642",27,"H",5,63000,FALSE,2023,30,3,2
"DC01643",37,"F",10,42000,TRUE,2021,42,5,5
"DC01644",26,"H",15,254000,FALSE,2018,34,8,7
"DC01645",31,"H",10,77000,FALSE,2020,37,6,4
"DC01646",39,"F",20,372000,FALSE,2021,44,5,15
"DC01647",29,"H",15,127000,FALSE,2022,33,4,11
"DC01648",38,"F",20,168000,FALSE,2025,39,1,19
"DC01649",51,"F",10,503000,FALSE,2023,54,3,7
"DC01650",32,"H",25,206000,FALSE,2025,33,1,24
"DC01651",50,"F",20,112000,TRUE,2020,56,6,14
"DC01653",47,"H",15,160000,TRUE,2021,52,5,10
"DC01654",33,"H",10,156000,FALSE,2021,38,5,5
"DC01655",39,"H",10,122000,TRUE,2025,40,1,9
"DC01657",43,"H",25,164000,FALSE,2024,45,2,23
"DC01658",40,"F",20,212000,FALSE,2023,43,3,17
"DC01659",57,"F",10,76000,FALSE,2023,60,3,7
"DC01660",57,"H",10,84000,TRUE,2022,61,4,6
"DC01661",60,"H",10,121000,FALSE,2023,63,3,7
"DC01662",25,"H",20,110000,FALSE,2019,32,7,13
"DC01663",26,"H",20,121000,TRUE,2023,29,3,17
"DC01664",23,"F",10,152000,FALSE,2022,27,4,6
"DC01665",45,"H",10,486000,FALSE,2025,46,1,9
"DC01666",52,"H",5,105000,FALSE,2023,55,3,2
"DC01667",45,"H",10,87000,FALSE,2020,51,6,4
"DC01668",22,"F",30,396000,FALSE,2023,25,3,27
"DC01669",51,"F",10,104000,FALSE,2025,52,1,9
"DC01670",48,"H",5,53000,FALSE,2023,51,3,2
"DC01671",51,"H",5,43000,TRUE,2024,53,2,3
"DC01672",53,"H",10,67000,FALSE,2023,56,3,7
"DC01673",44,"F",5,65000,FALSE,2022,48,4,1
"DC01674",23,"H",10,137000,FALSE,2020,29,6,4
"DC01675",59,"F",10,52000,FALSE,2025,60,1,9
"DC01676",21,"H",30,197000,FALSE,2024,23,2,28
"DC01677",31,"F",25,85000,FALSE,2021,36,5,20
"DC01678",49,"H",20,124000,FALSE,2023,52,3,17
"DC01679",29,"H",20,214000,TRUE,2021,34,5,15
"DC01680",47,"H",10,201000,FALSE,2022,51,4,6
"DC01681",43,"H",10,60000,FALSE,2019,50,7,3
"DC01682",30,"F",20,88000,FALSE,2024,32,2,18
"DC01683",26,"H",25,139000,FALSE,2023,29,3,22
"DC01684",54,"H",10,144000,TRUE,2020,60,6,4
"DC01685",41,"H",5,37000,FALSE,2022,45,4,1
"DC01686",27,"H",10,60000,FALSE,2023,30,3,7
"DC01687",44,"F",10,210000,FALSE,2021,49,5,5
"DC01688",26,"H",10,92000,TRUE,2022,30,4,6
"DC01689",38,"H",5,47000,TRUE,2022,42,4,1
"DC01690",54,"F",16,113000,TRUE,2022,58,4,12
"DC01691",42,"F",25,52000,FALSE,2022,46,4,21
"DC01692",20,"H",20,286000,FALSE,2019,27,7,13
"DC01693",37,"F",15,609000,FALSE,2023,40,3,12
"DC01694",54,"H",10,162000,TRUE,2022,58,4,6
"DC01695",53,"H",10,129000,FALSE,2024,55,2,8
"DC01696",35,"F",15,132000,FALSE,2022,39,4,11
"DC01697",51,"F",5,168000,FALSE,2024,53,2,3
"DC01699",20,"H",25,59000,TRUE,2020,26,6,19
"DC01700",54,"F",10,232000,FALSE,2024,56,2,8
"DC01701",46,"F",15,32000,FALSE,2025,47,1,14
"DC01702",23,"H",10,99000,TRUE,2024,25,2,8
"DC01703",48,"F",20,123000,FALSE,2023,51,3,17
"DC01704",48,"H",10,123000,TRUE,2022,52,4,6
"DC01705",56,"H",14,272000,FALSE,2021,61,5,9
"DC01707",25,"F",15,61000,FALSE,2024,27,2,13
"DC01708",33,"F",5,107000,FALSE,2025,34,1,4
"DC01709",33,"H",15,337000,FALSE,2025,34,1,14
"DC01710",26,"H",15,51000,FALSE,2019,33,7,8
"DC01711",53,"H",10,271000,TRUE,2023,56,3,7
"DC01712",43,"H",5,134000,TRUE,2024,45,2,3
"DC01713",49,"F",10,227000,FALSE,2024,51,2,8
"DC01714",55,"H",15,335000,TRUE,2019,62,7,8
"DC01715",33,"F",10,108000,FALSE,2020,39,6,4
"DC01716",32,"H",5,142000,FALSE,2022,36,4,1
"DC01717",46,"H",20,87000,FALSE,2020,52,6,14
"DC01718",24,"H",10,42000,FALSE,2021,29,5,5
"DC01719",26,"H",15,214000,FALSE,2021,31,5,10
"DC01720",60,"F",10,154000,FALSE,2023,63,3,7
"DC01721",46,"F",10,94000,FALSE,2025,47,1,9
"DC01722",40,"F",10,561000,FALSE,2025,41,1,9
"DC01723",30,"H",20,159000,FALSE,2020,36,6,14
"DC01724",41,"H",15,171000,FALSE,2023,44,3,12
"DC01725",23,"F",10,63000,TRUE,2024,25,2,8
"DC01726",21,"F",15,291000,FALSE,2023,24,3,12
"DC01727",39,"F",10,70000,FALSE,2022,43,4,6
"DC01728",37,"H",5,80000,FALSE,2023,40,3,2
"DC01729",43,"H",10,117000,TRUE,2025,44,1,9
"DC01730",53,"H",17,460000,FALSE,2023,56,3,14
"DC01731",54,"F",10,115000,TRUE,2023,57,3,7
"DC01732",40,"F",25,219000,TRUE,2021,45,5,20
"DC01733",46,"F",15,75000,FALSE,2019,53,7,8
"DC01734",60,"H",10,203000,TRUE,2018,68,8,2
"DC01735",21,"F",5,353000,FALSE,2023,24,3,2
"DC01736",48,"H",15,207000,FALSE,2021,53,5,10
"DC01738",42,"F",15,281000,FALSE,2022,46,4,11
"DC01739",31,"H",20,109000,FALSE,2025,32,1,19
"DC01740",45,"H",15,116000,FALSE,2019,52,7,8
"DC01741",47,"H",10,87000,FALSE,2025,48,1,9
"DC01742",56,"F",14,187000,FALSE,2021,61,5,9
"DC01743",47,"F",20,133000,TRUE,2020,53,6,14
"DC01744",52,"H",15,156000,TRUE,2022,56,4,11
"DC01745",27,"F",10,589000,FALSE,2018,35,8,2
"DC01746",27,"H",15,96000,TRUE,2021,32,5,10
"DC01747",51,"F",5,73000,TRUE,2024,53,2,3
"DC01748",49,"F",10,45000,FALSE,2024,51,2,8
"DC01749",42,"H",15,38000,FALSE,2019,49,7,8
"DC01750",22,"H",10,50000,FALSE,2019,29,7,3
"DC01751",33,"H",15,586000,TRUE,2022,37,4,11
"DC01752",40,"F",25,272000,FALSE,2022,44,4,21
"DC01753",20,"H",20,293000,TRUE,2020,26,6,14
"DC01754",48,"H",20,47000,TRUE,2022,52,4,16
"DC01755",42,"H",20,238000,FALSE,2024,44,2,18
"DC01756",60,"H",10,68000,TRUE,2020,66,6,4
"DC01757",48,"H",10,82000,FALSE,2024,50,2,8
"DC01758",58,"H",12,150000,FALSE,2021,63,5,7
"DC01759",52,"H",10,228000,FALSE,2023,55,3,7
"DC01760",49,"H",21,125000,FALSE,2025,50,1,20
"DC01761",42,"F",28,119000,FALSE,2021,47,5,23
"DC01762",54,"H",10,95000,TRUE,2022,58,4,6
"DC01763",20,"H",20,126000,TRUE,2023,23,3,17
"DC01764",33,"H",5,23000,TRUE,2022,37,4,1
"DC01765",20,"H",25,66000,TRUE,2018,28,8,17
"DC01766",25,"H",10,133000,TRUE,2021,30,5,5
"DC01767",31,"H",25,672000,FALSE,2021,36,5,20
"DC01768",48,"F",20,81000,FALSE,2023,51,3,17
"DC01769",47,"F",15,75000,FALSE,2024,49,2,13
"DC01770",56,"F",14,117000,FALSE,2022,60,4,10
"DC01771",55,"F",10,25000,FALSE,2023,58,3,7
"DC01772",31,"H",15,205000,FALSE,2023,34,3,12
"DC01773",55,"F",10,527000,FALSE,2025,56,1,9
"DC01774",42,"H",10,524000,FALSE,2021,47,5,5
"DC01775",30,"H",10,86000,TRUE,2020,36,6,4
"DC01776",51,"H",15,171000,FALSE,2024,53,2,13
"DC01777",41,"F",25,283000,FALSE,2021,46,5,20
"DC01778",29,"F",20,355000,TRUE,2020,35,6,14
"DC01779",51,"H",15,275000,FALSE,2023,54,3,12
"DC01780",53,"F",17,58000,FALSE,2019,60,7,10
"DC01781",40,"F",5,45000,FALSE,2022,44,4,1
"DC01782",27,"H",10,193000,FALSE,2025,28,1,9
"DC01783",58,"F",12,181000,TRUE,2019,65,7,5
"DC01784",43,"H",10,49000,FALSE,2025,44,1,9
"DC01785",54,"F",16,271000,FALSE,2023,57,3,13
"DC01786",53,"F",10,257000,TRUE,2022,57,4,6
"DC01787",42,"H",20,61000,FALSE,2024,44,2,18
"DC01788",54,"H",15,159000,FALSE,2024,56,2,13
"DC01789",50,"H",20,163000,TRUE,2022,54,4,16
"DC01790",54,"H",10,113000,FALSE,2023,57,3,7
"DC01791",37,"H",15,324000,TRUE,2021,42,5,10
"DC01792",24,"F",10,72000,FALSE,2022,28,4,6
"DC01793",41,"H",15,155000,FALSE,2022,45,4,11
"DC01794",37,"F",10,84000,FALSE,2020,43,6,4
"DC01795",35,"H",5,103000,FALSE,2023,38,3,2
"DC01796",33,"F",30,268000,FALSE,2021,38,5,25
"DC01797",53,"F",10,202000,FALSE,2024,55,2,8
"DC01798",54,"F",15,122000,FALSE,2022,58,4,11
"DC01799",47,"F",10,69000,FALSE,2019,54,7,3
"DC01800",41,"H",10,159000,FALSE,2021,46,5,5
"DC01801",45,"H",10,79000,FALSE,2022,49,4,6
"DC01802",44,"H",10,99000,FALSE,2018,52,8,2
"DC01803",34,"H",15,58000,FALSE,2019,41,7,8
"DC01804",33,"H",30,56000,TRUE,2025,34,1,29
"DC01805",29,"F",10,41000,FALSE,2024,31,2,8
"DC01806",45,"H",25,117000,TRUE,2022,49,4,21
"DC01807",22,"H",5,46000,FALSE,2024,24,2,3
"DC01808",38,"H",10,885000,TRUE,2018,46,8,2
"DC01809",57,"F",13,159000,FALSE,2021,62,5,8
"DC01810",59,"F",11,73000,FALSE,2023,62,3,8
"DC01812",50,"H",20,130000,FALSE,2021,55,5,15
"DC01813",55,"H",15,132000,FALSE,2020,61,6,9
"DC01814",52,"H",18,95000,TRUE,2022,56,4,14
"DC01815",53,"H",5,106000,FALSE,2023,56,3,2
"DC01816",58,"H",12,60000,FALSE,2020,64,6,6
"DC01817",56,"H",5,130000,TRUE,2023,59,3,2
"DC01818",42,"H",10,69000,FALSE,2020,48,6,4
"DC01819",56,"H",10,179000,FALSE,2018,64,8,2
"DC01820",39,"F",15,470000,FALSE,2024,41,2,13
"DC01821",20,"H",10,203000,FALSE,2025,21,1,9
"DC01822",31,"H",10,169000,FALSE,2019,38,7,3
"DC01823",33,"F",30,327000,FALSE,2023,36,3,27
"DC01824",50,"H",10,179000,FALSE,2022,54,4,6
"DC01825",23,"F",10,51000,FALSE,2023,26,3,7
"DC01826",26,"F",20,276000,FALSE,2021,31,5,15
"DC01827",39,"H",30,86000,FALSE,2021,44,5,25
"DC01828",34,"H",10,103000,FALSE,2022,38,4,6
"DC01829",27,"H",10,100000,FALSE,2020,33,6,4
"DC01830",53,"H",15,107000,FALSE,2025,54,1,14
"DC01831",56,"F",14,74000,FALSE,2024,58,2,12
"DC01832",34,"H",10,253000,TRUE,2023,37,3,7
"DC01833",38,"H",15,238000,FALSE,2023,41,3,12
"DC01834",37,"H",10,124000,FALSE,2023,40,3,7
"DC01835",24,"H",20,88000,FALSE,2018,32,8,12
"DC01836",51,"H",10,198000,FALSE,2021,56,5,5
"DC01837",47,"H",10,175000,FALSE,2019,54,7,3
"DC01838",27,"F",25,210000,TRUE,2021,32,5,20
"DC01839",52,"H",15,238000,TRUE,2022,56,4,11
"DC01842",49,"H",10,77000,FALSE,2021,54,5,5
"DC01843",30,"F",15,399000,FALSE,2025,31,1,14
"DC01844",25,"H",20,253000,FALSE,2023,28,3,17
"DC01845",33,"F",10,580000,FALSE,2019,40,7,3
"DC01846",29,"H",10,53000,FALSE,2023,32,3,7
"DC01847",28,"H",15,501000,FALSE,2023,31,3,12
"DC01848",24,"H",20,90000,FALSE,2025,25,1,19
"DC01849",37,"F",30,83000,FALSE,2023,40,3,27
"DC01850",54,"H",15,125000,TRUE,2020,60,6,9
"DC01851",52,"H",10,34000,FALSE,2021,57,5,5
"DC01852",20,"F",20,171000,FALSE,2019,27,7,13
"DC01853",60,"H",10,125000,FALSE,2019,67,7,3
"DC01854",45,"F",15,300000,FALSE,2021,50,5,10
"DC01855",47,"F",23,126000,FALSE,2023,50,3,20
"DC01856",58,"H",12,427000,FALSE,2024,60,2,10
"DC01857",24,"H",10,80000,FALSE,2019,31,7,3
"DC01858",31,"H",20,294000,FALSE,2019,38,7,13
"DC01859",36,"H",15,638000,FALSE,2021,41,5,10
"DC01860",20,"H",5,233000,FALSE,2023,23,3,2
"DC01861",22,"H",20,173000,FALSE,2022,26,4,16
"DC01862",27,"F",20,146000,FALSE,2020,33,6,14
"DC01863",29,"F",25,109000,FALSE,2024,31,2,23
"DC01864",44,"F",25,160000,FALSE,2021,49,5,20
"DC01865",31,"F",25,68000,FALSE,2022,35,4,21
"DC01866",41,"H",15,1079000,FALSE,2023,44,3,12
"DC01867",37,"F",15,145000,TRUE,2023,40,3,12
"DC01868",58,"H",10,91000,FALSE,2018,66,8,2
"DC01869",58,"F",12,86000,FALSE,2021,63,5,7
"DC01870",53,"H",15,287000,FALSE,2024,55,2,13
"DC01871",38,"F",20,121000,FALSE,2022,42,4,16
"DC01872",41,"H",15,417000,FALSE,2025,42,1,14
"DC01873",34,"F",20,374000,TRUE,2018,42,8,12
"DC01874",49,"H",10,278000,TRUE,2022,53,4,6
"DC01875",31,"H",15,175000,FALSE,2024,33,2,13
"DC01876",31,"H",10,80000,TRUE,2021,36,5,5
"DC01877",28,"H",10,189000,FALSE,2024,30,2,8
"DC01878",53,"H",10,101000,TRUE,2023,56,3,7
"DC01879",40,"H",15,65000,TRUE,2019,47,7,8
"DC01880",44,"H",20,359000,TRUE,2025,45,1,19
"DC01881",45,"F",20,38000,FALSE,2022,49,4,16
"DC01882",59,"H",11,1041000,FALSE,2022,63,4,7
"DC01883",20,"F",20,115000,FALSE,2019,27,7,13
"DC01884",34,"H",15,151000,TRUE,2020,40,6,9
"DC01885",44,"H",15,817000,FALSE,2024,46,2,13
"DC01886",25,"H",10,248000,TRUE,2021,30,5,5
"DC01887",24,"F",20,134000,FALSE,2022,28,4,16
"DC01888",56,"H",10,66000,FALSE,2021,61,5,5
"DC01889",32,"H",15,83000,FALSE,2019,39,7,8
"DC01890",42,"F",15,178000,FALSE,2020,48,6,9
"DC01891",24,"H",10,199000,FALSE,2025,25,1,9
"DC01892",51,"F",19,59000,FALSE,2025,52,1,18
"DC01893",45,"H",15,217000,FALSE,2023,48,3,12
"DC01894",34,"F",15,116000,FALSE,2025,35,1,14
"DC01895",45,"H",15,134000,FALSE,2023,48,3,12
"DC01896",24,"H",10,211000,FALSE,2021,29,5,5
"DC01897",44,"F",10,82000,TRUE,2024,46,2,8
"DC01898",48,"F",15,81000,FALSE,2025,49,1,14
"DC01899",60,"H",5,192000,FALSE,2024,62,2,3
"DC01900",39,"H",15,510000,TRUE,2022,43,4,11
"DC01901",58,"H",10,288000,FALSE,2022,62,4,6
"DC01902",30,"H",30,36000,FALSE,2021,35,5,25
"DC01903",43,"H",20,57000,FALSE,2021,48,5,15
"DC01904",31,"F",25,273000,FALSE,2024,33,2,23
"DC01905",52,"H",18,78000,TRUE,2024,54,2,16
"DC01906",60,"H",10,534000,FALSE,2025,61,1,9
"DC01907",38,"H",10,102000,FALSE,2019,45,7,3
"DC01908",55,"H",15,162000,FALSE,2024,57,2,13
"DC01909",43,"F",20,260000,TRUE,2024,45,2,18
"DC01910",60,"F",10,132000,FALSE,2021,65,5,5
"DC01911",46,"H",24,208000,FALSE,2023,49,3,21
"DC01912",29,"H",10,160000,FALSE,2021,34,5,5
"DC01913",46,"H",20,93000,FALSE,2022,50,4,16
"DC01914",51,"F",19,105000,FALSE,2024,53,2,17
"DC01915",48,"H",15,82000,FALSE,2021,53,5,10
"DC01916",37,"F",20,160000,FALSE,2020,43,6,14
"DC01917",42,"F",15,143000,TRUE,2022,46,4,11
"DC01918",46,"H",24,90000,FALSE,2022,50,4,20
"DC01919",26,"H",15,134000,TRUE,2022,30,4,11
"DC01920",29,"F",15,237000,FALSE,2025,30,1,14
"DC01921",25,"H",10,180000,FALSE,2021,30,5,5
"DC01922",41,"F",10,231000,FALSE,2021,46,5,5
"DC01923",22,"F",20,153000,FALSE,2018,30,8,12
"DC01924",28,"F",10,239000,FALSE,2024,30,2,8
"DC01925",31,"H",10,49000,FALSE,2025,32,1,9
"DC01926",55,"H",15,112000,TRUE,2021,60,5,10
"DC01927",27,"F",10,126000,TRUE,2024,29,2,8
"DC01928",28,"H",10,151000,FALSE,2021,33,5,5
"DC01929",26,"H",10,49000,FALSE,2025,27,1,9
"DC01930",51,"F",15,403000,TRUE,2024,53,2,13
"DC01931",24,"F",15,294000,FALSE,2022,28,4,11
"DC01932",26,"F",20,168000,FALSE,2019,33,7,13
"DC01933",32,"H",20,298000,TRUE,2024,34,2,18
"DC01934",44,"F",15,136000,TRUE,2023,47,3,12
"DC01935",37,"H",10,247000,FALSE,2022,41,4,6
"DC01936",30,"H",20,275000,FALSE,2021,35,5,15
"DC01937",44,"H",10,299000,FALSE,2021,49,5,5
"DC01938",35,"F",25,129000,FALSE,2022,39,4,21
"DC01939",54,"H",16,134000,FALSE,2022,58,4,12
"DC01940",20,"F",20,440000,FALSE,2025,21,1,19
"DC01941",41,"H",10,59000,FALSE,2025,42,1,9
"DC01942",34,"H",15,247000,FALSE,2024,36,2,13
"DC01943",44,"H",25,274000,FALSE,2020,50,6,19
"DC01944",60,"F",10,41000,FALSE,2023,63,3,7
"DC01945",55,"F",10,127000,TRUE,2022,59,4,6
"DC01946",44,"F",10,437000,FALSE,2024,46,2,8
"DC01947",49,"H",15,161000,FALSE,2019,56,7,8
"DC01948",50,"H",15,116000,FALSE,2023,53,3,12
"DC01949",26,"H",25,89000,FALSE,2023,29,3,22
"DC01950",22,"F",20,115000,FALSE,2022,26,4,16
"DC01951",26,"H",20,239000,FALSE,2023,29,3,17
"DC01952",39,"H",15,183000,FALSE,2021,44,5,10
"DC01954",28,"F",15,117000,FALSE,2022,32,4,11
"DC01955",23,"H",10,109000,FALSE,2023,26,3,7
"DC01956",35,"H",10,78000,FALSE,2019,42,7,3
"DC01957",50,"F",20,205000,TRUE,2025,51,1,19
"DC01958",55,"H",15,328000,FALSE,2022,59,4,11
"DC01959",47,"H",15,130000,TRUE,2021,52,5,10
"DC01960",58,"F",12,296000,FALSE,2023,61,3,9
"DC01961",27,"H",20,151000,FALSE,2023,30,3,17
"DC01962",24,"H",20,110000,FALSE,2020,30,6,14
"DC01963",40,"H",15,232000,TRUE,2020,46,6,9
"DC01964",47,"H",10,58000,FALSE,2020,53,6,4
"DC01965",33,"H",15,86000,FALSE,2025,34,1,14
"DC01966",53,"F",17,339000,FALSE,2024,55,2,15
"DC01967",50,"H",20,230000,TRUE,2025,51,1,19
"DC01968",58,"H",5,170000,TRUE,2024,60,2,3
"DC01969",32,"F",10,127000,TRUE,2023,35,3,7
"DC01970",28,"F",25,177000,FALSE,2020,34,6,19
"DC01971",34,"H",25,30000,FALSE,2025,35,1,24
"DC01972",57,"F",10,91000,FALSE,2021,62,5,5
"DC01973",21,"F",15,89000,TRUE,2023,24,3,12
"DC01974",33,"H",15,155000,FALSE,2024,35,2,13
"DC01975",36,"H",10,246000,FALSE,2020,42,6,4
"DC01977",39,"F",5,108000,FALSE,2025,40,1,4
"DC01978",34,"F",15,89000,FALSE,2018,42,8,7
"DC01979",30,"H",15,155000,FALSE,2021,35,5,10
"DC01980",40,"H",10,152000,FALSE,2025,41,1,9
"DC01981",50,"H",5,71000,FALSE,2025,51,1,4
"DC01982",49,"H",15,62000,FALSE,2018,57,8,7
"DC01983",25,"H",10,149000,TRUE,2021,30,5,5
"DC01984",47,"H",20,295000,FALSE,2022,51,4,16
"DC01985",29,"H",10,97000,FALSE,2019,36,7,3
"DC01986",54,"H",10,460000,FALSE,2020,60,6,4
"DC01987",30,"H",25,127000,FALSE,2022,34,4,21
"DC01988",60,"F",10,72000,FALSE,2021,65,5,5
"DC01990",33,"H",15,143000,FALSE,2024,35,2,13
"DC01991",50,"H",15,150000,TRUE,2022,54,4,11
"DC01992",24,"F",20,261000,FALSE,2025,25,1,19
"DC01993",57,"H",13,194000,FALSE,2023,60,3,10
"DC01994",51,"H",19,114000,FALSE,2024,53,2,17
"DC01995",27,"F",15,381000,TRUE,2018,35,8,7
"DC01996",45,"H",10,254000,FALSE,2018,53,8,2
"DC01997",40,"F",15,123000,FALSE,2023,43,3,12
"DC01998",28,"F",10,93000,FALSE,2019,35,7,3
"DC01999",27,"F",15,316000,TRUE,2023,30,3,12
"DC02000",20,"H",15,200000,FALSE,2019,27,7,8
"DC02001",21,"H",20,243000,FALSE,2022,25,4,16
"DC02002",32,"H",20,151000,FALSE,2024,34,2,18
"DC02003",60,"H",10,479000,TRUE,2023,63,3,7
"DC02004",43,"F",5,139000,FALSE,2022,47,4,1
"DC02005",42,"H",25,177000,FALSE,2020,48,6,19
"DC02006",27,"F",15,77000,FALSE,2024,29,2,13
"DC02007",49,"F",10,110000,FALSE,2025,50,1,9
"DC02008",29,"H",25,159000,FALSE,2022,33,4,21
"DC02009",32,"F",20,103000,FALSE,2022,36,4,16
"DC02010",20,"F",15,367000,TRUE,2023,23,3,12
"DC02011",38,"F",10,207000,FALSE,2022,42,4,6
"DC02012",29,"H",20,291000,FALSE,2021,34,5,15
"DC02013",59,"H",10,42000,FALSE,2021,64,5,5
"DC02014",35,"H",15,57000,TRUE,2023,38,3,12
"DC02015",36,"F",15,40000,FALSE,2021,41,5,10
"DC02016",43,"H",27,219000,FALSE,2020,49,6,21
"DC02017",47,"H",23,444000,FALSE,2021,52,5,18
"DC02018",23,"H",25,35000,FALSE,2022,27,4,21
"DC02019",29,"H",10,175000,FALSE,2020,35,6,4
"DC02020",28,"H",15,317000,FALSE,2021,33,5,10
"DC02021",32,"H",10,321000,FALSE,2022,36,4,6
"DC02022",27,"F",25,349000,FALSE,2022,31,4,21
"DC02023",27,"H",15,171000,FALSE,2025,28,1,14
"DC02024",33,"H",10,79000,FALSE,2022,37,4,6
"DC02025",35,"H",20,228000,FALSE,2023,38,3,17
"DC02026",35,"H",30,125000,FALSE,2023,38,3,27
"DC02027",35,"F",20,61000,FALSE,2019,42,7,13
"DC02028",55,"F",10,149000,FALSE,2024,57,2,8
"DC02029",49,"F",21,128000,FALSE,2020,55,6,15
"DC02030",40,"F",25,110000,FALSE,2019,47,7,18
"DC02031",50,"H",20,403000,FALSE,2023,53,3,17
"DC02032",23,"H",10,37000,FALSE,2024,25,2,8
"DC02033",29,"F",15,186000,TRUE,2023,32,3,12
"DC02035",31,"F",20,235000,FALSE,2021,36,5,15
"DC02036",55,"F",5,417000,FALSE,2024,57,2,3
"DC02037",47,"F",10,133000,FALSE,2024,49,2,8
"DC02038",47,"H",15,175000,FALSE,2022,51,4,11
"DC02040",21,"H",25,99000,FALSE,2020,27,6,19
"DC02041",36,"F",10,859000,FALSE,2021,41,5,5
"DC02043",30,"H",10,75000,FALSE,2022,34,4,6
"DC02044",20,"H",10,106000,FALSE,2022,24,4,6
"DC02045",50,"H",20,167000,TRUE,2022,54,4,16
"DC02047",29,"H",20,269000,FALSE,2021,34,5,15
"DC02048",48,"H",15,102000,FALSE,2023,51,3,12
"DC02049",43,"H",10,78000,FALSE,2022,47,4,6
"DC02050",40,"H",5,98000,TRUE,2024,42,2,3
"DC02051",31,"F",25,183000,FALSE,2021,36,5,20
"DC02052",42,"F",15,241000,FALSE,2023,45,3,12
"DC02053",59,"F",10,118000,TRUE,2025,60,1,9
"DC02054",59,"H",11,24000,FALSE,2024,61,2,9
"DC02056",39,"H",15,115000,FALSE,2023,42,3,12
"DC02057",21,"F",15,169000,FALSE,2021,26,5,10
"DC02058",42,"H",10,337000,FALSE,2021,47,5,5
"DC02059",42,"H",25,161000,FALSE,2019,49,7,18
"DC02060",26,"H",20,315000,FALSE,2022,30,4,16
"DC02061",44,"H",20,267000,FALSE,2018,52,8,12
"DC02062",41,"F",10,251000,FALSE,2022,45,4,6
"DC02063",22,"H",25,241000,TRUE,2023,25,3,22
"DC02064",58,"H",12,117000,FALSE,2025,59,1,11
"DC02065",35,"F",15,111000,FALSE,2024,37,2,13
"DC02066",30,"H",5,220000,TRUE,2023,33,3,2
"DC02067",34,"H",5,62000,TRUE,2022,38,4,1
"DC02068",48,"H",10,346000,FALSE,2023,51,3,7
"DC02069",20,"F",10,251000,TRUE,2022,24,4,6
"DC02070",37,"F",10,175000,FALSE,2022,41,4,6
"DC02071",51,"H",15,117000,FALSE,2020,57,6,9
"DC02072",24,"F",15,260000,FALSE,2024,26,2,13
"DC02073",27,"F",25,119000,FALSE,2019,34,7,18
"DC02074",39,"F",15,194000,FALSE,2025,40,1,14
"DC02076",37,"F",15,95000,FALSE,2024,39,2,13
"DC02077",36,"H",10,202000,TRUE,2020,42,6,4
"DC02078",36,"H",10,196000,TRUE,2020,42,6,4
"DC02079",48,"H",10,235000,FALSE,2022,52,4,6
"DC02080",20,"F",20,128000,FALSE,2023,23,3,17
"DC02081",33,"H",20,128000,FALSE,2025,34,1,19
"DC02082",60,"F",10,394000,FALSE,2025,61,1,9
"DC02083",38,"H",10,139000,FALSE,2025,39,1,9
"DC02084",45,"H",10,218000,FALSE,2019,52,7,3
"DC02085",21,"H",10,91000,FALSE,2025,22,1,9
"DC02086",31,"F",15,43000,FALSE,2022,35,4,11
"DC02087",22,"H",30,263000,FALSE,2019,29,7,23
"DC02088",35,"F",20,116000,FALSE,2024,37,2,18
"DC02089",44,"H",10,207000,FALSE,2020,50,6,4
"DC02090",39,"H",30,260000,FALSE,2019,46,7,23
"DC02091",60,"F",10,113000,FALSE,2020,66,6,4
"DC02092",21,"H",5,77000,FALSE,2022,25,4,1
"DC02094",25,"F",10,104000,FALSE,2023,28,3,7
"DC02095",25,"H",20,102000,FALSE,2024,27,2,18
"DC02096",47,"H",20,187000,FALSE,2021,52,5,15
"DC02097",32,"H",15,138000,FALSE,2025,33,1,14
"DC02098",41,"H",20,305000,FALSE,2020,47,6,14
"DC02099",41,"H",20,87000,FALSE,2023,44,3,17
"DC02100",59,"F",11,133000,FALSE,2019,66,7,4
"DC02101",39,"F",15,620000,TRUE,2021,44,5,10
"DC02103",22,"H",25,57000,FALSE,2025,23,1,24
"DC02104",31,"F",20,98000,FALSE,2025,32,1,19
"DC02105",59,"F",10,122000,FALSE,2024,61,2,8
"DC02106",21,"F",20,208000,FALSE,2024,23,2,18
"DC02107",39,"H",10,51000,FALSE,2019,46,7,3
"DC02108",42,"H",10,299000,FALSE,2022,46,4,6
"DC02109",46,"F",10,233000,FALSE,2024,48,2,8
"DC02110",34,"H",20,156000,FALSE,2023,37,3,17
"DC02111",31,"H",20,115000,FALSE,2020,37,6,14
"DC02112",32,"H",20,96000,FALSE,2025,33,1,19
"DC02113",29,"F",10,143000,FALSE,2023,32,3,7
"DC02114",55,"H",15,576000,TRUE,2024,57,2,13
"DC02115",56,"F",14,176000,FALSE,2020,62,6,8
"DC02116",29,"F",20,175000,FALSE,2018,37,8,12
"DC02117",41,"H",10,33000,TRUE,2019,48,7,3
"DC02119",30,"F",5,100000,TRUE,2024,32,2,3
"DC02120",32,"H",30,147000,FALSE,2023,35,3,27
"DC02121",40,"F",15,137000,FALSE,2024,42,2,13
"DC02122",28,"H",10,98000,TRUE,2022,32,4,6
"DC02123",59,"H",11,327000,FALSE,2025,60,1,10
"DC02124",45,"F",25,345000,FALSE,2020,51,6,19
"DC02125",43,"H",20,131000,TRUE,2022,47,4,16
"DC02126",26,"H",15,62000,FALSE,2025,27,1,14
"DC02127",37,"H",5,88000,FALSE,2022,41,4,1
"DC02128",39,"F",25,584000,FALSE,2023,42,3,22
"DC02129",58,"H",12,63000,FALSE,2018,66,8,4
"DC02130",54,"F",16,155000,TRUE,2022,58,4,12
"DC02131",31,"H",20,91000,FALSE,2022,35,4,16
"DC02133",50,"H",20,232000,FALSE,2021,55,5,15
"DC02134",46,"H",10,204000,TRUE,2022,50,4,6
"DC02135",55,"H",15,143000,FALSE,2024,57,2,13
"DC02136",40,"F",25,376000,FALSE,2023,43,3,22
"DC02137",58,"H",10,189000,FALSE,2024,60,2,8
"DC02138",39,"F",25,184000,FALSE,2024,41,2,23
"DC02139",47,"H",23,438000,FALSE,2020,53,6,17
"DC02140",26,"F",10,432000,FALSE,2022,30,4,6
"DC02141",53,"F",15,31000,FALSE,2020,59,6,9
"DC02142",44,"H",25,83000,FALSE,2023,47,3,22
"DC02144",45,"H",25,358000,FALSE,2023,48,3,22
"DC02145",49,"H",15,124000,FALSE,2019,56,7,8
"DC02146",51,"H",15,532000,FALSE,2020,57,6,9
"DC02147",29,"H",20,273000,FALSE,2018,37,8,12
"DC02148",35,"F",15,186000,FALSE,2022,39,4,11
"DC02149",58,"H",12,156000,FALSE,2022,62,4,8
"DC02150",23,"F",10,258000,FALSE,2023,26,3,7
"DC02151",56,"H",10,58000,TRUE,2024,58,2,8
"DC02152",51,"H",15,120000,TRUE,2025,52,1,14
"DC02153",56,"F",14,55000,TRUE,2025,57,1,13
"DC02154",39,"F",10,87000,FALSE,2019,46,7,3
"DC02155",39,"H",10,155000,FALSE,2023,42,3,7
"DC02156",20,"H",10,349000,TRUE,2019,27,7,3
"DC02157",56,"H",14,97000,TRUE,2020,62,6,8
"DC02158",22,"H",25,226000,TRUE,2025,23,1,24
"DC02159",30,"H",5,113000,FALSE,2022,34,4,1
"DC02161",45,"H",25,204000,TRUE,2018,53,8,17
"DC02162",30,"F",10,139000,FALSE,2022,34,4,6
"DC02163",56,"H",14,67000,FALSE,2023,59,3,11
"DC02164",55,"H",15,186000,FALSE,2021,60,5,10
"DC02165",49,"H",15,296000,FALSE,2019,56,7,8
"DC02166",35,"H",25,34000,FALSE,2023,38,3,22
"DC02167",28,"H",20,60000,FALSE,2025,29,1,19
"DC02168",55,"H",15,110000,FALSE,2025,56,1,14
"DC02169",54,"H",16,618000,FALSE,2019,61,7,9
"DC02170",43,"H",10,107000,FALSE,2024,45,2,8
"DC02171",52,"F",10,117000,FALSE,2022,56,4,6
"DC02172",23,"F",5,147000,FALSE,2024,25,2,3
"DC02173",40,"H",15,254000,TRUE,2024,42,2,13
"DC02174",55,"F",15,88000,TRUE,2020,61,6,9
"DC02175",46,"H",10,148000,FALSE,2019,53,7,3
"DC02176",37,"F",30,69000,FALSE,2023,40,3,27
"DC02177",54,"F",16,438000,TRUE,2023,57,3,13
"DC02178",55,"H",10,310000,FALSE,2022,59,4,6
"DC02179",49,"H",15,204000,FALSE,2021,54,5,10
"DC02180",37,"F",25,155000,FALSE,2022,41,4,21
"DC02181",36,"H",5,127000,FALSE,2024,38,2,3
"DC02182",42,"H",10,122000,FALSE,2020,48,6,4
"DC02183",38,"H",15,244000,TRUE,2018,46,8,7
"DC02184",37,"F",10,99000,FALSE,2020,43,6,4
"DC02185",22,"H",5,192000,TRUE,2023,25,3,2
"DC02186",60,"H",10,268000,FALSE,2022,64,4,6
"DC02187",39,"H",20,346000,FALSE,2024,41,2,18
"DC02188",32,"H",20,206000,FALSE,2022,36,4,16
"DC02189",20,"F",25,149000,FALSE,2023,23,3,22
"DC02190",51,"H",19,96000,FALSE,2023,54,3,16
"DC02191",43,"F",5,137000,FALSE,2023,46,3,2
"DC02192",20,"H",10,91000,TRUE,2021,25,5,5
"DC02193",45,"F",20,391000,FALSE,2021,50,5,15
"DC02194",58,"F",10,178000,FALSE,2024,60,2,8
"DC02195",55,"H",15,176000,FALSE,2025,56,1,14
"DC02196",38,"H",10,459000,FALSE,2023,41,3,7
"DC02197",46,"F",15,533000,FALSE,2021,51,5,10
"DC02198",41,"F",15,108000,FALSE,2024,43,2,13
"DC02199",50,"H",20,144000,TRUE,2020,56,6,14
"DC02200",37,"F",20,249000,FALSE,2019,44,7,13
"DC02201",60,"F",10,106000,FALSE,2024,62,2,8
"DC02202",55,"F",10,242000,FALSE,2024,57,2,8
"DC02203",47,"H",23,241000,FALSE,2020,53,6,17
"DC02204",33,"H",20,37000,FALSE,2018,41,8,12
"DC02205",58,"H",12,135000,FALSE,2019,65,7,5
"DC02206",50,"H",20,58000,FALSE,2022,54,4,16
"DC02207",58,"F",12,341000,FALSE,2019,65,7,5
"DC02208",26,"H",20,319000,FALSE,2021,31,5,15
"DC02209",31,"F",15,166000,FALSE,2023,34,3,12
"DC02210",41,"F",20,213000,FALSE,2023,44,3,17
"DC02212",56,"H",14,121000,FALSE,2019,63,7,7
"DC02213",30,"H",20,124000,TRUE,2024,32,2,18
"DC02214",23,"H",20,172000,TRUE,2022,27,4,16
"DC02215",48,"H",15,126000,TRUE,2020,54,6,9
"DC02216",41,"H",20,311000,FALSE,2022,45,4,16
"DC02217",36,"F",15,123000,TRUE,2025,37,1,14
"DC02218",35,"H",10,360000,FALSE,2020,41,6,4
"DC02219",28,"H",15,163000,FALSE,2021,33,5,10
"DC02220",49,"H",21,110000,FALSE,2022,53,4,17
"DC02222",31,"H",10,133000,FALSE,2022,35,4,6
"DC02223",25,"F",20,120000,FALSE,2018,33,8,12
"DC02225",37,"F",15,59000,FALSE,2020,43,6,9
"DC02226",52,"H",10,70000,FALSE,2023,55,3,7
"DC02227",32,"H",15,142000,FALSE,2023,35,3,12
"DC02228",27,"H",10,412000,FALSE,2022,31,4,6
"DC02229",52,"H",10,132000,FALSE,2021,57,5,5
"DC02230",53,"H",17,178000,FALSE,2024,55,2,15
"DC02231",45,"H",20,123000,FALSE,2018,53,8,12
"DC02232",36,"H",20,224000,FALSE,2019,43,7,13
"DC02233",20,"F",5,191000,FALSE,2023,23,3,2
"DC02234",51,"H",19,257000,TRUE,2022,55,4,15
"DC02235",52,"F",10,126000,FALSE,2019,59,7,3
"DC02236",25,"F",15,384000,FALSE,2021,30,5,10
"DC02237",47,"H",15,86000,FALSE,2022,51,4,11
"DC02238",22,"F",10,288000,FALSE,2021,27,5,5
"DC02239",33,"F",15,174000,FALSE,2019,40,7,8
"DC02240",24,"H",10,375000,FALSE,2019,31,7,3
"DC02241",53,"H",10,97000,FALSE,2023,56,3,7
"DC02242",37,"H",20,72000,FALSE,2023,40,3,17
"DC02243",48,"F",15,121000,FALSE,2025,49,1,14
"DC02244",30,"H",20,365000,FALSE,2021,35,5,15
"DC02245",49,"F",10,314000,FALSE,2024,51,2,8
"DC02246",30,"H",5,117000,TRUE,2024,32,2,3
"DC02247",31,"F",15,314000,FALSE,2025,32,1,14
"DC02248",20,"H",20,263000,FALSE,2022,24,4,16
"DC02249",28,"H",25,110000,FALSE,2025,29,1,24
"DC02250",23,"H",10,78000,FALSE,2023,26,3,7
"DC02251",41,"F",10,127000,FALSE,2018,49,8,2
"DC02252",45,"H",10,258000,FALSE,2020,51,6,4
"DC02253",53,"H",10,195000,TRUE,2021,58,5,5
"DC02254",43,"H",5,450000,FALSE,2022,47,4,1
"DC02255",30,"F",15,81000,FALSE,2019,37,7,8
"DC02256",59,"F",5,225000,FALSE,2025,60,1,4
"DC02257",51,"F",19,190000,FALSE,2021,56,5,14
"DC02258",36,"F",10,301000,TRUE,2024,38,2,8
"DC02259",40,"H",5,127000,FALSE,2024,42,2,3
"DC02260",27,"F",10,295000,FALSE,2021,32,5,5
"DC02261",23,"F",15,99000,FALSE,2025,24,1,14
"DC02263",36,"F",10,327000,FALSE,2024,38,2,8
"DC02264",26,"H",5,205000,FALSE,2024,28,2,3
"DC02265",34,"H",20,142000,FALSE,2019,41,7,13
"DC02266",56,"H",14,246000,FALSE,2022,60,4,10
"DC02267",22,"H",15,358000,TRUE,2021,27,5,10
"DC02268",44,"H",15,171000,TRUE,2024,46,2,13
"DC02269",48,"F",20,78000,FALSE,2023,51,3,17
"DC02270",39,"H",25,145000,FALSE,2024,41,2,23
"DC02271",44,"H",15,46000,FALSE,2022,48,4,11
"DC02273",43,"H",10,130000,FALSE,2025,44,1,9
"DC02274",34,"H",20,248000,FALSE,2023,37,3,17
"DC02275",46,"F",15,281000,TRUE,2022,50,4,11
"DC02276",40,"H",10,70000,FALSE,2023,43,3,7
"DC02277",44,"H",25,110000,FALSE,2023,47,3,22
"DC02278",24,"F",25,32000,TRUE,2021,29,5,20
"DC02279",26,"H",10,122000,FALSE,2024,28,2,8
"DC02280",55,"F",15,231000,FALSE,2022,59,4,11
"DC02281",25,"F",20,299000,TRUE,2023,28,3,17
"DC02282",56,"F",14,95000,TRUE,2018,64,8,6
"DC02283",43,"H",25,598000,TRUE,2022,47,4,21
"DC02284",28,"H",15,129000,TRUE,2021,33,5,10
"DC02285",25,"H",15,311000,FALSE,2019,32,7,8
"DC02286",31,"H",15,574000,FALSE,2023,34,3,12
"DC02287",36,"F",20,244000,FALSE,2019,43,7,13
"DC02288",54,"H",5,104000,FALSE,2022,58,4,1
"DC02289",25,"H",15,48000,FALSE,2022,29,4,11
"DC02290",21,"H",10,89000,TRUE,2019,28,7,3
"DC02291",41,"H",20,54000,FALSE,2023,44,3,17
"DC02292",22,"H",10,135000,FALSE,2023,25,3,7
"DC02293",51,"H",10,117000,FALSE,2025,52,1,9
"DC02294",34,"H",30,626000,FALSE,2023,37,3,27
"DC02295",51,"H",10,219000,FALSE,2024,53,2,8
"DC02296",31,"F",15,192000,FALSE,2024,33,2,13
"DC02297",36,"F",25,109000,FALSE,2021,41,5,20
"DC02298",53,"H",10,259000,FALSE,2023,56,3,7
"DC02299",26,"H",30,24000,TRUE,2020,32,6,24
"DC02301",35,"H",15,49000,FALSE,2019,42,7,8
"DC02302",51,"F",19,54000,TRUE,2018,59,8,11
"DC02303",22,"F",20,311000,FALSE,2019,29,7,13
"DC02304",50,"F",10,89000,FALSE,2022,54,4,6
"DC02305",44,"F",25,114000,FALSE,2023,47,3,22
"DC02306",24,"H",20,110000,FALSE,2023,27,3,17
"DC02307",22,"F",15,147000,FALSE,2024,24,2,13
"DC02308",28,"F",15,559000,TRUE,2023,31,3,12
"DC02309",37,"F",20,237000,FALSE,2023,40,3,17
"DC02310",31,"F",10,105000,FALSE,2023,34,3,7
"DC02311",24,"H",5,114000,FALSE,2023,27,3,2
"DC02312",54,"H",16,268000,FALSE,2019,61,7,9
"DC02313",33,"F",10,47000,FALSE,2022,37,4,6
"DC02314",38,"H",30,183000,FALSE,2022,42,4,26
"DC02315",52,"F",18,309000,FALSE,2022,56,4,14
"DC02316",47,"F",10,70000,TRUE,2018,55,8,2
"DC02317",58,"H",10,128000,FALSE,2024,60,2,8
"DC02318",39,"H",10,161000,FALSE,2023,42,3,7
"DC02319",53,"F",15,34000,FALSE,2021,58,5,10
"DC02320",40,"H",10,287000,TRUE,2021,45,5,5
"DC02321",57,"F",13,194000,TRUE,2022,61,4,9
"DC02323",41,"F",15,61000,FALSE,2022,45,4,11
"DC02324",37,"F",10,133000,FALSE,2023,40,3,7
"DC02325",45,"H",5,120000,FALSE,2023,48,3,2
"DC02326",51,"H",19,83000,FALSE,2024,53,2,17
"DC02327",26,"F",20,57000,FALSE,2018,34,8,12
"DC02328",41,"H",15,331000,FALSE,2018,49,8,7
"DC02329",45,"F",15,171000,TRUE,2020,51,6,9
"DC02330",55,"F",10,407000,FALSE,2021,60,5,5
"DC02331",20,"F",15,78000,FALSE,2023,23,3,12
"DC02332",27,"F",20,129000,FALSE,2025,28,1,19
"DC02334",44,"F",10,195000,FALSE,2018,52,8,2
"DC02335",45,"F",20,197000,FALSE,2022,49,4,16
"DC02336",39,"F",15,168000,FALSE,2023,42,3,12
"DC02337",58,"H",10,108000,FALSE,2022,62,4,6
"DC02338",28,"H",15,109000,TRUE,2019,35,7,8
"DC02339",26,"F",10,176000,FALSE,2023,29,3,7
"DC02340",24,"H",20,101000,TRUE,2021,29,5,15
"DC02341",60,"H",10,188000,FALSE,2023,63,3,7
"DC02342",54,"H",16,38000,FALSE,2025,55,1,15
"DC02343",21,"H",15,88000,FALSE,2022,25,4,11
"DC02344",36,"H",15,155000,FALSE,2023,39,3,12
"DC02345",40,"H",20,87000,FALSE,2025,41,1,19
"DC02346",57,"F",13,169000,TRUE,2018,65,8,5
"DC02347",38,"F",20,550000,TRUE,2022,42,4,16
"DC02348",32,"F",5,452000,FALSE,2024,34,2,3
"DC02349",38,"H",15,89000,FALSE,2022,42,4,11
"DC02350",32,"H",10,145000,FALSE,2022,36,4,6
"DC02351",28,"H",20,123000,FALSE,2022,32,4,16
"DC02352",44,"F",20,87000,FALSE,2019,51,7,13
"DC02353",56,"H",14,166000,FALSE,2023,59,3,11
"DC02354",22,"H",15,158000,FALSE,2023,25,3,12
"DC02355",33,"H",5,108000,TRUE,2024,35,2,3
"DC02356",43,"F",15,97000,FALSE,2021,48,5,10
"DC02357",42,"H",15,168000,FALSE,2019,49,7,8
"DC02358",26,"H",10,111000,FALSE,2023,29,3,7
"DC02359",36,"H",10,43000,FALSE,2019,43,7,3
"DC02360",22,"F",10,131000,FALSE,2020,28,6,4
"DC02361",51,"F",15,125000,TRUE,2018,59,8,7
"DC02362",28,"F",5,125000,FALSE,2023,31,3,2
"DC02363",56,"F",10,119000,FALSE,2018,64,8,2
"DC02364",36,"H",25,82000,FALSE,2021,41,5,20
"DC02365",52,"H",18,83000,FALSE,2024,54,2,16
"DC02366",34,"H",25,48000,FALSE,2023,37,3,22
"DC02367",35,"H",10,255000,FALSE,2024,37,2,8
"DC02368",37,"F",15,63000,FALSE,2018,45,8,7
"DC02369",35,"F",30,133000,FALSE,2021,40,5,25
"DC02370",58,"H",12,27000,TRUE,2020,64,6,6
"DC02371",40,"H",10,115000,TRUE,2024,42,2,8
"DC02372",59,"F",11,190000,FALSE,2022,63,4,7
"DC02373",49,"F",15,73000,TRUE,2023,52,3,12
"DC02374",60,"F",10,99000,FALSE,2024,62,2,8
"DC02375",23,"H",30,262000,FALSE,2021,28,5,25
"DC02376",36,"F",10,88000,FALSE,2022,40,4,6
"DC02377",29,"F",10,278000,FALSE,2022,33,4,6
"DC02379",30,"F",10,266000,FALSE,2019,37,7,3
"DC02380",22,"H",15,187000,FALSE,2023,25,3,12
"DC02381",25,"H",10,257000,FALSE,2022,29,4,6
"DC02382",45,"H",10,147000,FALSE,2023,48,3,7
"DC02383",49,"H",10,436000,TRUE,2025,50,1,9
"DC02384",24,"F",10,212000,FALSE,2021,29,5,5
"DC02385",27,"F",10,128000,FALSE,2024,29,2,8
"DC02386",21,"H",10,363000,TRUE,2024,23,2,8
"DC02387",56,"F",10,160000,FALSE,2022,60,4,6
"DC02388",21,"H",15,229000,TRUE,2023,24,3,12
"DC02389",36,"F",20,62000,FALSE,2025,37,1,19
"DC02390",47,"F",15,213000,FALSE,2022,51,4,11
"DC02391",49,"F",21,300000,FALSE,2020,55,6,15
"DC02392",55,"F",10,146000,FALSE,2019,62,7,3
"DC02393",42,"H",10,443000,TRUE,2025,43,1,9
"DC02394",36,"F",15,82000,FALSE,2022,40,4,11
"DC02395",40,"H",10,216000,TRUE,2022,44,4,6
"DC02396",43,"H",20,218000,FALSE,2024,45,2,18
"DC02397",39,"F",25,266000,TRUE,2025,40,1,24
"DC02398",29,"H",10,538000,FALSE,2024,31,2,8
"DC02399",20,"H",10,159000,FALSE,2022,24,4,6
"DC02400",47,"H",23,236000,FALSE,2024,49,2,21
"DC02401",35,"F",20,184000,FALSE,2024,37,2,18
"DC02402",47,"H",10,39000,FALSE,2018,55,8,2
"DC02403",54,"F",5,106000,FALSE,2023,57,3,2
"DC02404",58,"F",12,78000,TRUE,2023,61,3,9
"DC02405",43,"H",27,96000,TRUE,2021,48,5,22
"DC02406",57,"H",13,80000,FALSE,2021,62,5,8
"DC02407",44,"F",20,136000,TRUE,2023,47,3,17
"DC02408",29,"F",15,159000,FALSE,2024,31,2,13
"DC02409",47,"F",10,78000,FALSE,2021,52,5,5
"DC02410",51,"H",10,197000,FALSE,2018,59,8,2
"DC02411",22,"H",25,325000,FALSE,2025,23,1,24
"DC02412",29,"H",10,83000,FALSE,2023,32,3,7
"DC02413",42,"H",10,185000,FALSE,2018,50,8,2
"DC02414",48,"H",15,208000,FALSE,2020,54,6,9
"DC02415",28,"H",20,74000,TRUE,2022,32,4,16
"DC02416",20,"F",20,103000,FALSE,2025,21,1,19
"DC02417",33,"H",15,124000,FALSE,2022,37,4,11
"DC02418",32,"H",10,138000,FALSE,2024,34,2,8
"DC02419",51,"H",10,216000,FALSE,2023,54,3,7
"DC02420",32,"H",10,126000,FALSE,2019,39,7,3
"DC02421",46,"H",15,156000,TRUE,2024,48,2,13
"DC02422",38,"F",15,104000,FALSE,2024,40,2,13
"DC02423",38,"F",20,197000,FALSE,2024,40,2,18
"DC02424",35,"H",10,69000,FALSE,2022,39,4,6
"DC02425",54,"H",15,527000,FALSE,2020,60,6,9
"DC02426",58,"H",12,37000,FALSE,2018,66,8,4
"DC02427",21,"H",25,110000,FALSE,2022,25,4,21
"DC02428",43,"F",10,55000,FALSE,2022,47,4,6
"DC02429",58,"H",12,280000,FALSE,2025,59,1,11
"DC02430",26,"H",15,120000,FALSE,2023,29,3,12
"DC02431",41,"H",10,71000,TRUE,2024,43,2,8
"DC02432",58,"F",12,66000,FALSE,2024,60,2,10
"DC02433",39,"F",15,155000,TRUE,2025,40,1,14
"DC02434",29,"F",25,48000,FALSE,2020,35,6,19
"DC02435",23,"F",20,102000,FALSE,2021,28,5,15
"DC02436",43,"F",25,208000,FALSE,2023,46,3,22
"DC02437",41,"H",10,817000,FALSE,2018,49,8,2
"DC02438",48,"H",15,107000,FALSE,2021,53,5,10
"DC02439",37,"H",15,123000,FALSE,2024,39,2,13
"DC02441",53,"H",17,248000,FALSE,2022,57,4,13
"DC02442",42,"H",20,492000,FALSE,2023,45,3,17
"DC02443",52,"H",15,68000,FALSE,2022,56,4,11
"DC02444",23,"F",20,146000,FALSE,2020,29,6,14
"DC02445",47,"H",20,190000,FALSE,2022,51,4,16
"DC02446",48,"H",20,139000,FALSE,2021,53,5,15
"DC02447",53,"H",17,77000,TRUE,2022,57,4,13
"DC02448",53,"F",17,122000,FALSE,2020,59,6,11
"DC02449",42,"H",10,26000,TRUE,2021,47,5,5
"DC02450",48,"H",10,119000,FALSE,2023,51,3,7
"DC02451",39,"H",25,371000,FALSE,2023,42,3,22
"DC02452",60,"F",10,209000,FALSE,2023,63,3,7
"DC02453",34,"F",5,165000,FALSE,2023,37,3,2
"DC02454",49,"F",10,97000,FALSE,2023,52,3,7
"DC02455",27,"H",25,66000,FALSE,2022,31,4,21
"DC02456",52,"H",10,246000,FALSE,2022,56,4,6
"DC02457",28,"H",20,664000,FALSE,2022,32,4,16
"DC02458",29,"H",20,108000,FALSE,2025,30,1,19
"DC02459",26,"H",15,93000,FALSE,2020,32,6,9
"DC02460",38,"F",10,150000,FALSE,2023,41,3,7
"DC02461",41,"F",29,115000,FALSE,2024,43,2,27
"DC02462",22,"F",20,214000,FALSE,2022,26,4,16
"DC02463",48,"H",15,105000,TRUE,2021,53,5,10
"DC02464",55,"F",15,471000,FALSE,2025,56,1,14
"DC02465",33,"F",10,91000,FALSE,2024,35,2,8
"DC02466",36,"H",10,305000,FALSE,2025,37,1,9
"DC02467",21,"H",15,201000,FALSE,2022,25,4,11
"DC02468",55,"F",15,110000,FALSE,2021,60,5,10
"DC02469",38,"H",10,234000,FALSE,2024,40,2,8
"DC02470",55,"H",10,184000,FALSE,2019,62,7,3
"DC02471",55,"H",15,425000,FALSE,2019,62,7,8
"DC02472",41,"H",20,189000,FALSE,2023,44,3,17
"DC02473",33,"H",10,271000,FALSE,2022,37,4,6
"DC02474",60,"H",10,133000,FALSE,2023,63,3,7
"DC02475",30,"H",25,89000,FALSE,2022,34,4,21
"DC02476",24,"H",10,312000,FALSE,2025,25,1,9
"DC02477",28,"H",10,129000,FALSE,2025,29,1,9
"DC02478",20,"H",15,130000,FALSE,2020,26,6,9
"DC02479",27,"H",15,72000,FALSE,2023,30,3,12
"DC02480",23,"H",20,191000,FALSE,2019,30,7,13
"DC02481",48,"H",22,183000,FALSE,2022,52,4,18
"DC02482",56,"H",14,152000,FALSE,2023,59,3,11
"DC02483",45,"F",20,166000,FALSE,2025,46,1,19
"DC02484",22,"H",20,93000,TRUE,2018,30,8,12
"DC02485",24,"H",10,149000,TRUE,2024,26,2,8
"DC02486",59,"F",10,291000,FALSE,2021,64,5,5
"DC02487",34,"H",15,74000,FALSE,2022,38,4,11
"DC02488",33,"H",10,186000,TRUE,2019,40,7,3
"DC02489",37,"H",15,34000,FALSE,2023,40,3,12
"DC02490",32,"F",30,700000,FALSE,2022,36,4,26
"DC02491",47,"H",10,92000,FALSE,2018,55,8,2
"DC02492",44,"H",15,34000,TRUE,2023,47,3,12
"DC02493",22,"F",20,180000,FALSE,2023,25,3,17
"DC02494",54,"F",10,201000,FALSE,2025,55,1,9
"DC02495",28,"F",30,145000,FALSE,2024,30,2,28
"DC02496",27,"H",5,358000,FALSE,2022,31,4,1
"DC02497",39,"F",10,336000,FALSE,2021,44,5,5
"DC02498",33,"H",20,154000,TRUE,2021,38,5,15
"DC02499",59,"H",11,266000,TRUE,2022,63,4,7
"DC02500",22,"H",15,574000,TRUE,2024,24,2,13
"DC02501",35,"F",30,72000,TRUE,2019,42,7,23
"DC02502",28,"H",20,294000,FALSE,2021,33,5,15
"DC02503",28,"F",20,98000,FALSE,2022,32,4,16
"DC02504",35,"H",10,237000,TRUE,2025,36,1,9
"DC02505",52,"F",15,158000,FALSE,2024,54,2,13
"DC02506",33,"H",20,173000,FALSE,2018,41,8,12
"DC02507",44,"H",15,184000,FALSE,2020,50,6,9
"DC02508",22,"H",15,174000,TRUE,2025,23,1,14
"DC02509",58,"F",10,230000,FALSE,2021,63,5,5
"DC02511",24,"F",15,163000,FALSE,2025,25,1,14
"DC02512",41,"H",20,247000,FALSE,2020,47,6,14
"DC02513",23,"F",10,262000,FALSE,2018,31,8,2
"DC02514",28,"F",20,108000,TRUE,2021,33,5,15
"DC02515",48,"H",10,737000,FALSE,2025,49,1,9
"DC02516",24,"F",15,65000,TRUE,2019,31,7,8
"DC02517",30,"H",20,133000,TRUE,2021,35,5,15
"DC02518",27,"F",15,113000,FALSE,2024,29,2,13
"DC02519",32,"H",10,43000,TRUE,2022,36,4,6
"DC02520",33,"H",10,539000,FALSE,2020,39,6,4
"DC02521",56,"H",14,109000,FALSE,2025,57,1,13
"DC02522",43,"H",20,93000,TRUE,2022,47,4,16
"DC02523",41,"H",20,42000,TRUE,2022,45,4,16
"DC02524",40,"F",25,375000,FALSE,2022,44,4,21
"DC02525",49,"F",20,84000,FALSE,2021,54,5,15
"DC02526",46,"F",24,255000,FALSE,2024,48,2,22
"DC02527",35,"F",20,148000,FALSE,2024,37,2,18
"DC02528",33,"H",25,427000,TRUE,2022,37,4,21
"DC02529",31,"H",20,40000,TRUE,2022,35,4,16
"DC02530",28,"F",30,111000,FALSE,2024,30,2,28
"DC02531",35,"F",10,75000,FALSE,2019,42,7,3
"DC02532",53,"H",17,330000,TRUE,2020,59,6,11
"DC02533",39,"F",10,265000,TRUE,2025,40,1,9
"DC02534",32,"H",15,84000,FALSE,2018,40,8,7
"DC02535",38,"H",10,510000,FALSE,2025,39,1,9
"DC02536",39,"F",20,224000,TRUE,2019,46,7,13
"DC02537",56,"F",14,72000,FALSE,2022,60,4,10
"DC02538",47,"H",23,98000,FALSE,2021,52,5,18
"DC02539",31,"H",15,228000,FALSE,2020,37,6,9
"DC02540",46,"H",20,280000,FALSE,2023,49,3,17
"DC02541",23,"H",15,52000,FALSE,2019,30,7,8
"DC02542",20,"F",10,86000,FALSE,2024,22,2,8
"DC02543",40,"F",15,60000,FALSE,2022,44,4,11
"DC02544",45,"F",20,64000,FALSE,2022,49,4,16
"DC02545",54,"H",15,287000,FALSE,2022,58,4,11
"DC02546",43,"F",15,137000,FALSE,2021,48,5,10
"DC02547",55,"H",15,242000,TRUE,2024,57,2,13
"DC02548",56,"H",14,48000,TRUE,2022,60,4,10
"DC02549",28,"H",15,58000,FALSE,2023,31,3,12
"DC02552",53,"F",15,316000,FALSE,2021,58,5,10
"DC02553",53,"H",17,106000,FALSE,2025,54,1,16
"DC02554",39,"F",20,178000,FALSE,2021,44,5,15
"DC02555",27,"H",25,141000,FALSE,2021,32,5,20
"DC02557",31,"H",20,397000,FALSE,2024,33,2,18
"DC02558",29,"H",20,101000,TRUE,2022,33,4,16
"DC02559",23,"H",25,318000,FALSE,2025,24,1,24
"DC02560",54,"H",10,288000,FALSE,2024,56,2,8
"DC02561",27,"F",20,122000,TRUE,2023,30,3,17
"DC02562",50,"H",20,74000,FALSE,2024,52,2,18
"DC02563",44,"H",20,407000,TRUE,2025,45,1,19
"DC02565",46,"H",15,110000,TRUE,2024,48,2,13
"DC02566",34,"F",15,53000,FALSE,2022,38,4,11
"DC02567",23,"H",5,174000,TRUE,2024,25,2,3
"DC02568",43,"F",15,94000,FALSE,2023,46,3,12
"DC02569",27,"H",10,154000,FALSE,2021,32,5,5
"DC02570",56,"H",14,70000,TRUE,2025,57,1,13
"DC02571",20,"H",10,515000,FALSE,2019,27,7,3
"DC02572",45,"H",15,116000,TRUE,2020,51,6,9
"DC02573",58,"H",12,91000,FALSE,2018,66,8,4
"DC02574",57,"H",10,175000,FALSE,2023,60,3,7
"DC02575",39,"H",10,177000,FALSE,2022,43,4,6
"DC02576",49,"H",20,127000,FALSE,2023,52,3,17
"DC02577",42,"H",25,32000,TRUE,2022,46,4,21
"DC02578",47,"F",15,149000,FALSE,2022,51,4,11
"DC02579",40,"F",10,101000,TRUE,2024,42,2,8
"DC02580",40,"H",20,53000,FALSE,2021,45,5,15
"DC02581",25,"H",30,589000,FALSE,2022,29,4,26
"DC02582",33,"H",10,239000,FALSE,2022,37,4,6
"DC02583",38,"H",15,694000,FALSE,2021,43,5,10
"DC02584",52,"H",15,241000,FALSE,2025,53,1,14
"DC02585",35,"H",30,191000,TRUE,2018,43,8,22
"DC02586",20,"H",20,59000,FALSE,2018,28,8,12
"DC02587",46,"H",20,93000,FALSE,2018,54,8,12
"DC02588",39,"F",15,109000,FALSE,2021,44,5,10
"DC02589",23,"H",10,120000,FALSE,2023,26,3,7
"DC02590",29,"H",10,102000,FALSE,2023,32,3,7
"DC02591",59,"F",5,466000,FALSE,2023,62,3,2
"DC02592",21,"H",20,295000,FALSE,2025,22,1,19
"DC02593",25,"H",20,148000,FALSE,2022,29,4,16
"DC02594",52,"H",15,115000,TRUE,2025,53,1,14
"DC02595",22,"F",5,448000,FALSE,2024,24,2,3
"DC02596",47,"H",15,371000,TRUE,2023,50,3,12
"DC02597",44,"H",20,59000,FALSE,2023,47,3,17
"DC02598",20,"H",25,135000,FALSE,2020,26,6,19
"DC02599",34,"F",25,90000,TRUE,2024,36,2,23
"DC02600",32,"F",20,127000,FALSE,2025,33,1,19
"DC02601",39,"H",5,170000,TRUE,2022,43,4,1
"DC02602",33,"F",25,104000,FALSE,2024,35,2,23
"DC02603",53,"H",15,422000,FALSE,2021,58,5,10
"DC02604",37,"H",20,150000,FALSE,2022,41,4,16
"DC02605",51,"H",19,77000,FALSE,2024,53,2,17
"DC02606",55,"H",5,49000,TRUE,2024,57,2,3
"DC02607",59,"F",11,346000,FALSE,2019,66,7,4
"DC02608",55,"H",10,101000,FALSE,2019,62,7,3
"DC02609",24,"F",20,61000,FALSE,2022,28,4,16
"DC02610",31,"H",20,170000,FALSE,2022,35,4,16
"DC02611",36,"H",25,285000,FALSE,2020,42,6,19
"DC02612",42,"H",15,123000,FALSE,2024,44,2,13
"DC02613",40,"H",25,302000,TRUE,2020,46,6,19
"DC02614",42,"H",15,116000,TRUE,2020,48,6,9
"DC02615",23,"H",20,143000,FALSE,2021,28,5,15
"DC02616",33,"H",15,297000,FALSE,2022,37,4,11
"DC02618",56,"H",14,107000,FALSE,2021,61,5,9
"DC02619",55,"F",10,44000,FALSE,2020,61,6,4
"DC02620",45,"H",10,132000,TRUE,2022,49,4,6
"DC02621",45,"H",15,53000,FALSE,2021,50,5,10
"DC02622",48,"H",22,189000,FALSE,2018,56,8,14
"DC02623",20,"H",30,225000,FALSE,2025,21,1,29
"DC02624",30,"H",10,174000,FALSE,2023,33,3,7
"DC02625",26,"H",20,170000,FALSE,2022,30,4,16
"DC02626",35,"F",10,523000,FALSE,2022,39,4,6
"DC02627",60,"H",10,94000,FALSE,2022,64,4,6
"DC02628",43,"H",15,288000,FALSE,2021,48,5,10
"DC02629",36,"F",15,46000,TRUE,2019,43,7,8
"DC02630",20,"H",20,329000,TRUE,2021,25,5,15
"DC02631",41,"H",10,150000,TRUE,2025,42,1,9
"DC02632",57,"H",5,101000,FALSE,2022,61,4,1
"DC02633",51,"H",10,489000,FALSE,2022,55,4,6
"DC02634",21,"H",20,129000,FALSE,2022,25,4,16
"DC02635",51,"F",15,243000,FALSE,2022,55,4,11
"DC02636",50,"F",15,240000,FALSE,2022,54,4,11
"DC02637",24,"H",10,104000,FALSE,2021,29,5,5
"DC02638",34,"F",20,173000,FALSE,2025,35,1,19
"DC02639",49,"H",5,102000,FALSE,2023,52,3,2
"DC02641",59,"H",11,85000,FALSE,2023,62,3,8
"DC02642",38,"F",20,29000,FALSE,2024,40,2,18
"DC02643",23,"H",10,134000,TRUE,2023,26,3,7
"DC02644",60,"H",10,189000,FALSE,2024,62,2,8
"DC02645",58,"H",12,163000,FALSE,2023,61,3,9
"DC02646",44,"F",26,53000,FALSE,2025,45,1,25
"DC02647",20,"F",15,331000,FALSE,2023,23,3,12
"DC02648",43,"H",20,104000,TRUE,2023,46,3,17
"DC02649",42,"F",10,51000,FALSE,2021,47,5,5
"DC02650",21,"F",5,109000,FALSE,2022,25,4,1
"DC02651",30,"H",15,264000,TRUE,2025,31,1,14
"DC02652",29,"H",25,267000,FALSE,2020,35,6,19
"DC02653",23,"H",20,215000,FALSE,2025,24,1,19
"DC02654",56,"H",14,42000,FALSE,2025,57,1,13
"DC02655",42,"H",28,552000,FALSE,2023,45,3,25
"DC02656",37,"H",25,367000,FALSE,2023,40,3,22
"DC02657",32,"F",20,106000,FALSE,2025,33,1,19
"DC02658",39,"F",25,263000,FALSE,2025,40,1,24
"DC02659",37,"H",15,47000,FALSE,2024,39,2,13
"DC02660",39,"F",20,148000,FALSE,2023,42,3,17
"DC02661",54,"H",10,439000,FALSE,2022,58,4,6
"DC02662",45,"F",15,224000,TRUE,2022,49,4,11
"DC02663",29,"F",20,427000,FALSE,2019,36,7,13
"DC02664",42,"H",20,26000,FALSE,2022,46,4,16
"DC02665",48,"H",15,145000,FALSE,2020,54,6,9
"DC02666",44,"F",10,269000,FALSE,2023,47,3,7
"DC02667",33,"F",5,119000,TRUE,2024,35,2,3
"DC02668",32,"F",15,181000,FALSE,2025,33,1,14
"DC02669",20,"H",20,146000,FALSE,2024,22,2,18
"DC02670",30,"F",10,205000,FALSE,2024,32,2,8
"DC02671",54,"F",16,146000,FALSE,2018,62,8,8
"DC02672",33,"H",25,145000,TRUE,2023,36,3,22
"DC02673",43,"F",20,121000,FALSE,2023,46,3,17
"DC02674",45,"H",15,135000,FALSE,2021,50,5,10
"DC02675",56,"H",10,169000,FALSE,2021,61,5,5
"DC02676",48,"H",22,74000,TRUE,2020,54,6,16
"DC02677",43,"F",10,114000,TRUE,2022,47,4,6
"DC02678",38,"F",5,209000,FALSE,2022,42,4,1
"DC02679",48,"H",15,108000,FALSE,2022,52,4,11
"DC02681",26,"H",20,903000,FALSE,2023,29,3,17
"DC02682",44,"H",20,227000,FALSE,2020,50,6,14
"DC02683",46,"F",24,53000,FALSE,2025,47,1,23
"DC02684",59,"F",10,180000,FALSE,2019,66,7,3
"DC02685",27,"F",20,265000,FALSE,2021,32,5,15
"DC02686",49,"H",20,37000,TRUE,2021,54,5,15
"DC02687",37,"H",20,157000,FALSE,2025,38,1,19
"DC02688",20,"F",10,179000,FALSE,2023,23,3,7
"DC02689",42,"H",10,739000,FALSE,2022,46,4,6
"DC02690",57,"H",13,446000,FALSE,2025,58,1,12
"DC02691",43,"H",20,56000,FALSE,2019,50,7,13
"DC02692",26,"F",10,157000,FALSE,2022,30,4,6
"DC02693",47,"H",10,132000,FALSE,2021,52,5,5
"DC02694",50,"H",15,89000,FALSE,2021,55,5,10
"DC02695",59,"H",10,238000,FALSE,2021,64,5,5
"DC02696",39,"H",20,178000,FALSE,2022,43,4,16
"DC02697",41,"F",5,53000,FALSE,2024,43,2,3
"DC02698",35,"F",25,35000,FALSE,2023,38,3,22
"DC02699",52,"F",5,147000,FALSE,2024,54,2,3
"DC02700",22,"H",20,810000,FALSE,2023,25,3,17
"DC02701",58,"F",12,64000,FALSE,2023,61,3,9
"DC02702",49,"F",15,241000,FALSE,2022,53,4,11
"DC02703",23,"H",10,91000,FALSE,2024,25,2,8
"DC02704",30,"H",25,71000,TRUE,2022,34,4,21
"DC02705",23,"F",15,143000,FALSE,2022,27,4,11
"DC02706",28,"H",5,461000,TRUE,2023,31,3,2
"DC02707",23,"H",30,136000,FALSE,2023,26,3,27
"DC02708",32,"H",15,164000,FALSE,2025,33,1,14
"DC02709",36,"F",10,28000,FALSE,2021,41,5,5
"DC02710",56,"H",14,110000,FALSE,2023,59,3,11
"DC02711",33,"H",15,364000,FALSE,2022,37,4,11
"DC02712",54,"F",15,89000,FALSE,2021,59,5,10
"DC02713",21,"H",25,100000,TRUE,2022,25,4,21
"DC02714",42,"H",10,85000,FALSE,2022,46,4,6
"DC02715",28,"F",15,55000,FALSE,2023,31,3,12
"DC02716",42,"F",25,134000,FALSE,2023,45,3,22
"DC02717",26,"F",10,83000,TRUE,2021,31,5,5
"DC02718",39,"H",10,205000,FALSE,2022,43,4,6
"DC02719",41,"H",20,68000,FALSE,2024,43,2,18
"DC02720",24,"H",20,76000,FALSE,2023,27,3,17
"DC02721",41,"F",5,112000,TRUE,2023,44,3,2
"DC02722",53,"H",5,248000,FALSE,2025,54,1,4
"DC02723",31,"H",10,153000,TRUE,2021,36,5,5
"DC02724",58,"H",10,307000,FALSE,2022,62,4,6
"DC02725",57,"H",13,119000,TRUE,2022,61,4,9
"DC02726",37,"F",10,89000,FALSE,2020,43,6,4
"DC02727",36,"F",20,40000,TRUE,2025,37,1,19
"DC02728",48,"F",10,238000,FALSE,2024,50,2,8
"DC02729",30,"H",10,401000,FALSE,2022,34,4,6
"DC02730",25,"H",10,134000,FALSE,2022,29,4,6
"DC02731",20,"F",15,219000,FALSE,2025,21,1,14
"DC02732",58,"F",12,94000,FALSE,2024,60,2,10
"DC02733",41,"F",15,158000,FALSE,2023,44,3,12
"DC02734",22,"H",20,339000,FALSE,2022,26,4,16
"DC02735",39,"H",15,138000,FALSE,2024,41,2,13
"DC02736",54,"H",16,78000,FALSE,2022,58,4,12
"DC02737",25,"F",15,86000,FALSE,2018,33,8,7
"DC02738",35,"F",15,43000,FALSE,2022,39,4,11
"DC02739",38,"H",25,70000,FALSE,2018,46,8,17
"DC02740",37,"H",20,76000,FALSE,2022,41,4,16
"DC02741",53,"H",17,263000,TRUE,2018,61,8,9
"DC02742",39,"H",15,89000,FALSE,2019,46,7,8
"DC02743",37,"F",20,244000,FALSE,2022,41,4,16
"DC02744",38,"H",10,282000,FALSE,2024,40,2,8
"DC02745",39,"H",15,262000,FALSE,2024,41,2,13
"DC02746",56,"H",14,149000,FALSE,2022,60,4,10
"DC02747",57,"H",10,676000,FALSE,2023,60,3,7
"DC02748",27,"F",10,208000,FALSE,2022,31,4,6
"DC02749",37,"F",10,490000,FALSE,2020,43,6,4
"DC02750",25,"H",15,340000,FALSE,2024,27,2,13
"DC02751",27,"H",25,365000,TRUE,2020,33,6,19
"DC02752",55,"F",15,70000,FALSE,2019,62,7,8
"DC02753",52,"H",10,77000,FALSE,2024,54,2,8
"DC02754",35,"H",20,153000,FALSE,2022,39,4,16
"DC02755",32,"H",15,118000,FALSE,2025,33,1,14
"DC02756",24,"H",15,170000,FALSE,2021,29,5,10
"DC02757",48,"H",22,54000,FALSE,2018,56,8,14
"DC02758",31,"H",15,195000,FALSE,2023,34,3,12
"DC02759",42,"H",10,113000,TRUE,2020,48,6,4
"DC02760",34,"H",20,90000,FALSE,2022,38,4,16
"DC02761",45,"F",25,72000,FALSE,2024,47,2,23
"DC02762",37,"H",10,100000,FALSE,2022,41,4,6
"DC02763",48,"H",15,373000,FALSE,2022,52,4,11
"DC02764",31,"H",20,202000,FALSE,2022,35,4,16
"DC02765",45,"F",10,90000,TRUE,2023,48,3,7
"DC02766",47,"H",15,146000,FALSE,2019,54,7,8
"DC02767",37,"F",10,439000,FALSE,2021,42,5,5
"DC02768",52,"H",18,62000,FALSE,2022,56,4,14
"DC02769",27,"H",15,305000,FALSE,2023,30,3,12
"DC02770",59,"F",10,187000,FALSE,2021,64,5,5
"DC02771",41,"H",25,80000,FALSE,2024,43,2,23
"DC02772",39,"H",10,50000,FALSE,2024,41,2,8
"DC02773",24,"F",25,419000,TRUE,2020,30,6,19
"DC02774",33,"F",10,49000,FALSE,2023,36,3,7
"DC02775",30,"H",5,93000,FALSE,2022,34,4,1
"DC02776",25,"H",20,142000,FALSE,2023,28,3,17
"DC02777",40,"H",20,72000,FALSE,2020,46,6,14
"DC02778",33,"H",15,247000,FALSE,2024,35,2,13
"DC02779",38,"H",15,228000,FALSE,2021,43,5,10
"DC02780",44,"H",10,108000,FALSE,2018,52,8,2
"DC02781",26,"H",15,199000,FALSE,2022,30,4,11
"DC02782",51,"H",15,292000,FALSE,2023,54,3,12
"DC02783",55,"H",10,105000,FALSE,2024,57,2,8
"DC02784",39,"H",10,153000,FALSE,2022,43,4,6
"DC02785",56,"F",5,191000,FALSE,2024,58,2,3
"DC02786",56,"H",10,70000,FALSE,2022,60,4,6
"DC02787",22,"F",15,106000,FALSE,2022,26,4,11
"DC02788",29,"H",10,216000,FALSE,2022,33,4,6
"DC02789",36,"F",5,138000,FALSE,2025,37,1,4
"DC02790",39,"F",15,50000,FALSE,2023,42,3,12
"DC02791",29,"H",30,166000,FALSE,2023,32,3,27
"DC02792",42,"H",25,270000,FALSE,2021,47,5,20
"DC02793",38,"H",20,158000,FALSE,2020,44,6,14
"DC02794",23,"H",20,348000,FALSE,2024,25,2,18
"DC02795",26,"F",15,133000,FALSE,2022,30,4,11
"DC02796",40,"F",20,93000,FALSE,2024,42,2,18
"DC02797",42,"H",5,134000,FALSE,2025,43,1,4
"DC02798",49,"F",10,342000,FALSE,2024,51,2,8
"DC02799",59,"F",11,90000,FALSE,2021,64,5,6
"DC02800",47,"F",10,242000,FALSE,2020,53,6,4
"DC02801",34,"F",20,318000,FALSE,2022,38,4,16
"DC02802",23,"F",10,946000,FALSE,2025,24,1,9
"DC02803",42,"F",28,30000,TRUE,2023,45,3,25
"DC02804",33,"H",10,89000,FALSE,2024,35,2,8
"DC02805",25,"F",10,163000,FALSE,2022,29,4,6
"DC02806",34,"H",20,90000,TRUE,2023,37,3,17
"DC02807",27,"F",10,367000,FALSE,2024,29,2,8
"DC02808",50,"H",20,454000,FALSE,2025,51,1,19
"DC02809",27,"H",10,145000,FALSE,2023,30,3,7
"DC02810",49,"H",5,104000,FALSE,2024,51,2,3
"DC02811",24,"H",25,313000,FALSE,2021,29,5,20
"DC02812",31,"H",15,42000,TRUE,2023,34,3,12
"DC02813",57,"H",13,114000,FALSE,2022,61,4,9
"DC02814",32,"H",10,159000,FALSE,2020,38,6,4
"DC02815",49,"H",21,675000,FALSE,2021,54,5,16
"DC02816",28,"H",25,51000,FALSE,2023,31,3,22
"DC02817",23,"F",5,142000,TRUE,2024,25,2,3
"DC02818",23,"H",20,68000,TRUE,2023,26,3,17
"DC02819",59,"F",11,89000,FALSE,2023,62,3,8
"DC02820",28,"H",10,162000,FALSE,2022,32,4,6
"DC02821",37,"H",20,222000,FALSE,2024,39,2,18
"DC02822",32,"H",20,122000,FALSE,2020,38,6,14
"DC02823",42,"H",15,288000,FALSE,2022,46,4,11
"DC02824",34,"H",25,126000,FALSE,2021,39,5,20
"DC02825",47,"H",10,71000,FALSE,2021,52,5,5
"DC02826",32,"H",25,275000,TRUE,2021,37,5,20
"DC02827",25,"H",20,62000,TRUE,2022,29,4,16
"DC02829",34,"H",15,83000,FALSE,2023,37,3,12
"DC02830",47,"F",20,106000,FALSE,2022,51,4,16
"DC02832",59,"H",11,481000,FALSE,2022,63,4,7
"DC02833",51,"H",10,147000,FALSE,2020,57,6,4
"DC02834",37,"H",25,312000,TRUE,2022,41,4,21
"DC02835",41,"F",10,287000,FALSE,2024,43,2,8
"DC02836",32,"H",10,70000,FALSE,2018,40,8,2
"DC02837",37,"F",25,145000,FALSE,2025,38,1,24
"DC02838",48,"H",10,296000,FALSE,2018,56,8,2
"DC02839",44,"F",15,136000,FALSE,2023,47,3,12
"DC02840",46,"F",15,117000,FALSE,2024,48,2,13
"DC02841",57,"H",13,44000,TRUE,2021,62,5,8
"DC02842",26,"F",20,99000,FALSE,2021,31,5,15
"DC02844",58,"H",5,286000,FALSE,2022,62,4,1
"DC02845",42,"F",10,160000,TRUE,2021,47,5,5
"DC02846",56,"H",14,133000,FALSE,2019,63,7,7
"DC02847",40,"H",10,92000,FALSE,2018,48,8,2
"DC02848",56,"H",10,155000,FALSE,2021,61,5,5
"DC02849",34,"H",10,99000,FALSE,2023,37,3,7
"DC02850",50,"H",10,90000,TRUE,2021,55,5,5
"DC02851",53,"H",10,83000,FALSE,2024,55,2,8
"DC02852",59,"H",11,504000,FALSE,2021,64,5,6
"DC02853",58,"H",12,95000,FALSE,2020,64,6,6
"DC02855",34,"H",10,238000,FALSE,2022,38,4,6
"DC02856",59,"F",11,48000,FALSE,2021,64,5,6
"DC02857",60,"F",10,133000,FALSE,2022,64,4,6
"DC02858",47,"H",23,183000,FALSE,2020,53,6,17
"DC02859",24,"F",10,65000,TRUE,2020,30,6,4
"DC02860",25,"F",10,79000,TRUE,2024,27,2,8
"DC02861",36,"H",25,373000,FALSE,2022,40,4,21
"DC02862",35,"H",10,967000,FALSE,2023,38,3,7
"DC02863",52,"H",18,233000,FALSE,2022,56,4,14
"DC02864",50,"H",20,47000,FALSE,2025,51,1,19
"DC02865",40,"H",25,192000,FALSE,2021,45,5,20
"DC02866",60,"H",10,151000,TRUE,2021,65,5,5
"DC02867",44,"H",10,87000,TRUE,2024,46,2,8
"DC02868",58,"H",12,152000,TRUE,2025,59,1,11
"DC02869",24,"F",25,368000,TRUE,2023,27,3,22
"DC02870",33,"H",10,78000,FALSE,2022,37,4,6
"DC02871",42,"H",10,131000,FALSE,2020,48,6,4
"DC02872",52,"H",18,119000,FALSE,2022,56,4,14
"DC02873",47,"H",20,149000,TRUE,2023,50,3,17
"DC02874",55,"H",5,23000,FALSE,2024,57,2,3
"DC02875",48,"H",15,226000,FALSE,2020,54,6,9
"DC02876",55,"H",10,168000,TRUE,2025,56,1,9
"DC02877",48,"H",22,139000,FALSE,2023,51,3,19
"DC02878",28,"F",20,129000,FALSE,2022,32,4,16
"DC02879",55,"H",5,119000,TRUE,2024,57,2,3
"DC02880",30,"H",30,124000,FALSE,2021,35,5,25
"DC02881",52,"F",10,286000,TRUE,2019,59,7,3
"DC02882",26,"F",10,101000,FALSE,2024,28,2,8
"DC02883",58,"H",12,129000,FALSE,2020,64,6,6
"DC02884",60,"F",10,89000,FALSE,2023,63,3,7
"DC02885",44,"H",15,136000,TRUE,2021,49,5,10
"DC02886",24,"H",25,47000,TRUE,2022,28,4,21
"DC02887",31,"H",10,1225000,TRUE,2018,39,8,2
"DC02888",40,"H",15,65000,FALSE,2024,42,2,13
"DC02889",43,"H",15,190000,FALSE,2020,49,6,9
"DC02890",54,"H",15,503000,FALSE,2022,58,4,11
"DC02891",21,"F",10,278000,FALSE,2024,23,2,8
"DC02892",33,"H",25,164000,FALSE,2021,38,5,20
"DC02893",33,"H",15,120000,FALSE,2019,40,7,8
"DC02894",25,"H",20,123000,TRUE,2022,29,4,16
"DC02895",38,"F",10,119000,FALSE,2019,45,7,3
"DC02896",55,"H",15,46000,FALSE,2020,61,6,9
"DC02897",34,"H",25,126000,FALSE,2023,37,3,22
"DC02898",46,"H",15,84000,FALSE,2025,47,1,14
"DC02899",42,"F",15,39000,FALSE,2020,48,6,9
"DC02900",23,"F",25,120000,FALSE,2019,30,7,18
"DC02901",29,"H",10,76000,FALSE,2024,31,2,8
"DC02902",42,"F",10,76000,FALSE,2021,47,5,5
"DC02903",46,"F",10,114000,FALSE,2020,52,6,4
"DC02904",45,"H",20,46000,FALSE,2022,49,4,16
"DC02905",32,"H",15,62000,FALSE,2021,37,5,10
"DC02906",46,"F",15,85000,FALSE,2021,51,5,10
"DC02907",21,"H",10,85000,FALSE,2021,26,5,5
"DC02908",31,"F",15,316000,TRUE,2021,36,5,10
"DC02909",51,"F",10,69000,FALSE,2020,57,6,4
"DC02910",42,"H",10,78000,FALSE,2022,46,4,6
"DC02911",22,"F",10,162000,FALSE,2020,28,6,4
"DC02912",60,"F",10,165000,FALSE,2023,63,3,7
"DC02914",29,"H",15,151000,TRUE,2021,34,5,10
"DC02915",48,"H",20,136000,TRUE,2024,50,2,18
"DC02916",42,"H",10,241000,FALSE,2021,47,5,5
"DC02917",41,"F",15,106000,FALSE,2020,47,6,9
"DC02918",51,"H",19,467000,FALSE,2024,53,2,17
"DC02919",29,"H",10,83000,FALSE,2025,30,1,9
"DC02920",31,"F",5,86000,FALSE,2023,34,3,2
"DC02921",58,"H",12,80000,FALSE,2022,62,4,8
"DC02922",58,"F",12,147000,TRUE,2024,60,2,10
"DC02923",51,"H",10,235000,FALSE,2023,54,3,7
"DC02925",53,"H",15,64000,FALSE,2022,57,4,11
"DC02926",35,"H",20,234000,FALSE,2020,41,6,14
"DC02927",20,"F",20,477000,FALSE,2021,25,5,15
"DC02928",39,"H",20,218000,FALSE,2022,43,4,16
"DC02929",38,"F",15,65000,FALSE,2018,46,8,7
"DC02930",60,"H",10,288000,FALSE,2024,62,2,8
"DC02931",44,"F",20,55000,FALSE,2019,51,7,13
"DC02932",29,"H",15,148000,FALSE,2024,31,2,13
"DC02933",27,"F",25,110000,FALSE,2023,30,3,22
"DC02934",34,"F",5,257000,FALSE,2022,38,4,1
"DC02935",43,"H",15,232000,TRUE,2022,47,4,11
"DC02936",30,"H",20,84000,FALSE,2025,31,1,19
"DC02937",54,"F",10,32000,FALSE,2021,59,5,5
"DC02938",25,"H",10,248000,FALSE,2022,29,4,6
"DC02939",47,"F",23,105000,FALSE,2025,48,1,22
"DC02940",56,"F",10,109000,TRUE,2021,61,5,5
"DC02941",38,"F",20,110000,FALSE,2023,41,3,17
"DC02942",31,"F",15,470000,FALSE,2021,36,5,10
"DC02943",31,"F",15,66000,FALSE,2021,36,5,10
"DC02944",50,"H",20,84000,FALSE,2023,53,3,17
"DC02945",55,"H",15,107000,FALSE,2021,60,5,10
"DC02946",21,"H",5,67000,FALSE,2023,24,3,2
"DC02947",33,"H",20,143000,TRUE,2024,35,2,18
"DC02948",52,"H",18,118000,FALSE,2022,56,4,14
"DC02949",60,"H",10,106000,TRUE,2024,62,2,8
"DC02950",30,"H",10,202000,TRUE,2023,33,3,7
"DC02951",36,"H",10,243000,FALSE,2025,37,1,9
"DC02952",52,"F",15,129000,FALSE,2019,59,7,8
"DC02953",30,"H",20,150000,FALSE,2020,36,6,14
"DC02954",48,"F",15,70000,FALSE,2021,53,5,10
"DC02955",53,"H",15,189000,TRUE,2020,59,6,9
"DC02956",51,"H",15,126000,FALSE,2021,56,5,10
"DC02957",33,"F",10,122000,FALSE,2018,41,8,2
"DC02958",34,"H",10,97000,TRUE,2023,37,3,7
"DC02959",52,"F",10,182000,FALSE,2022,56,4,6
"DC02960",54,"F",15,318000,FALSE,2025,55,1,14
"DC02961",41,"H",10,216000,FALSE,2023,44,3,7
"DC02962",56,"F",10,127000,FALSE,2018,64,8,2
"DC02963",56,"H",14,202000,TRUE,2023,59,3,11
"DC02965",55,"F",15,154000,FALSE,2023,58,3,12
"DC02966",21,"H",15,357000,TRUE,2023,24,3,12
"DC02967",55,"F",10,38000,FALSE,2018,63,8,2
"DC02968",21,"H",15,197000,FALSE,2021,26,5,10
"DC02969",60,"H",10,192000,TRUE,2020,66,6,4
"DC02970",53,"H",5,199000,FALSE,2023,56,3,2
"DC02971",42,"H",10,57000,TRUE,2022,46,4,6
"DC02972",43,"F",20,470000,TRUE,2024,45,2,18
"DC02973",58,"F",10,572000,FALSE,2024,60,2,8
"DC02974",59,"F",10,91000,FALSE,2023,62,3,7
"DC02975",56,"H",14,156000,FALSE,2022,60,4,10
"DC02976",47,"H",10,113000,TRUE,2022,51,4,6
"DC02977",34,"F",20,133000,FALSE,2022,38,4,16
"DC02978",52,"H",15,121000,FALSE,2019,59,7,8
"DC02979",39,"H",15,316000,FALSE,2023,42,3,12
"DC02980",55,"H",5,387000,FALSE,2024,57,2,3
"DC02981",47,"H",10,93000,FALSE,2023,50,3,7
"DC02982",27,"H",15,355000,FALSE,2022,31,4,11
"DC02983",56,"H",10,176000,FALSE,2020,62,6,4
"DC02984",30,"F",15,112000,FALSE,2025,31,1,14
"DC02985",44,"H",10,156000,FALSE,2024,46,2,8
"DC02986",25,"H",20,223000,TRUE,2023,28,3,17
"DC02987",35,"H",20,153000,FALSE,2021,40,5,15
"DC02988",58,"H",12,905000,TRUE,2023,61,3,9
"DC02989",57,"H",13,181000,FALSE,2021,62,5,8
"DC02990",45,"H",10,55000,FALSE,2025,46,1,9
"DC02991",20,"F",20,104000,FALSE,2023,23,3,17
"DC02992",49,"F",10,117000,FALSE,2019,56,7,3
"DC02993",39,"H",15,95000,TRUE,2022,43,4,11
"DC02994",23,"H",15,80000,FALSE,2023,26,3,12
"DC02995",35,"F",15,156000,FALSE,2022,39,4,11
"DC02996",21,"H",25,314000,FALSE,2023,24,3,22
"DC02997",34,"F",15,23000,FALSE,2022,38,4,11
"DC02999",51,"H",19,287000,FALSE,2020,57,6,13
"DC03000",30,"H",15,241000,FALSE,2022,34,4,11
"DC03001",42,"H",15,87000,FALSE,2022,46,4,11
"DC03002",51,"H",19,55000,FALSE,2020,57,6,13
"DC03003",57,"H",10,444000,FALSE,2018,65,8,2
"DC03004",47,"H",10,308000,FALSE,2022,51,4,6
"DC03005",46,"H",24,33000,FALSE,2024,48,2,22
"DC03006",27,"F",20,50000,FALSE,2025,28,1,19
"DC03007",47,"F",23,72000,TRUE,2019,54,7,16
"DC03008",23,"F",10,56000,FALSE,2020,29,6,4
"DC03010",47,"H",10,404000,FALSE,2021,52,5,5
"DC03011",60,"F",10,193000,TRUE,2021,65,5,5
"DC03012",52,"H",18,181000,FALSE,2023,55,3,15
"DC03013",21,"H",10,126000,FALSE,2025,22,1,9
"DC03014",22,"H",15,88000,FALSE,2020,28,6,9
"DC03016",56,"H",14,735000,FALSE,2021,61,5,9
"DC03017",35,"H",25,58000,TRUE,2022,39,4,21
"DC03018",59,"H",5,359000,FALSE,2022,63,4,1
"DC03019",49,"F",10,363000,TRUE,2023,52,3,7
"DC03020",48,"F",10,137000,FALSE,2021,53,5,5
"DC03021",32,"H",10,215000,TRUE,2021,37,5,5
"DC03022",35,"F",10,104000,FALSE,2022,39,4,6
"DC03023",48,"F",10,52000,TRUE,2021,53,5,5
"DC03024",45,"H",25,308000,FALSE,2020,51,6,19
"DC03025",57,"H",10,201000,FALSE,2025,58,1,9
"DC03026",43,"H",10,246000,FALSE,2024,45,2,8
"DC03027",46,"F",15,476000,FALSE,2021,51,5,10
"DC03028",48,"F",15,126000,TRUE,2024,50,2,13
"DC03029",38,"F",10,213000,FALSE,2021,43,5,5
"DC03030",51,"H",15,202000,FALSE,2023,54,3,12
"DC03031",54,"H",16,247000,FALSE,2022,58,4,12
"DC03032",47,"F",10,178000,FALSE,2025,48,1,9
"DC03033",48,"F",15,167000,FALSE,2025,49,1,14
"DC03034",58,"H",12,78000,TRUE,2021,63,5,7
"DC03035",37,"H",25,70000,FALSE,2022,41,4,21
"DC03036",23,"H",20,341000,FALSE,2020,29,6,14
"DC03037",33,"H",10,82000,FALSE,2022,37,4,6
"DC03038",59,"H",11,176000,FALSE,2024,61,2,9
"DC03039",55,"H",15,73000,FALSE,2023,58,3,12
"DC03040",55,"F",15,199000,FALSE,2021,60,5,10
"DC03041",24,"F",15,681000,TRUE,2025,25,1,14
"DC03042",51,"H",19,53000,FALSE,2022,55,4,15
"DC03043",44,"F",15,266000,FALSE,2022,48,4,11
"DC03044",42,"H",15,76000,FALSE,2021,47,5,10
"DC03045",37,"F",10,392000,FALSE,2024,39,2,8
"DC03046",23,"F",15,134000,FALSE,2019,30,7,8
"DC03047",44,"H",10,48000,FALSE,2024,46,2,8
"DC03048",55,"H",10,77000,FALSE,2023,58,3,7
"DC03049",26,"H",10,129000,FALSE,2023,29,3,7
"DC03050",26,"H",20,157000,FALSE,2025,27,1,19
"DC03051",31,"H",15,138000,FALSE,2023,34,3,12
"DC03052",56,"F",14,48000,FALSE,2019,63,7,7
"DC03053",55,"H",15,92000,FALSE,2021,60,5,10
"DC03054",33,"H",15,119000,FALSE,2022,37,4,11
"DC03055",33,"H",25,303000,TRUE,2023,36,3,22
"DC03056",53,"F",10,37000,TRUE,2022,57,4,6
"DC03057",25,"H",15,80000,FALSE,2024,27,2,13
"DC03058",60,"H",10,54000,FALSE,2022,64,4,6
"DC03059",28,"H",25,448000,FALSE,2025,29,1,24
"DC03060",51,"H",10,79000,TRUE,2019,58,7,3
"DC03061",50,"H",20,858000,FALSE,2021,55,5,15
"DC03062",55,"H",10,312000,FALSE,2023,58,3,7
"DC03063",55,"H",15,562000,TRUE,2024,57,2,13
"DC03064",56,"H",14,47000,FALSE,2024,58,2,12
"DC03065",43,"H",5,131000,FALSE,2023,46,3,2
"DC03067",36,"H",15,225000,FALSE,2023,39,3,12
"DC03068",60,"H",10,105000,FALSE,2022,64,4,6
"DC03069",47,"H",10,94000,FALSE,2019,54,7,3
"DC03070",20,"F",10,232000,FALSE,2022,24,4,6
"DC03071",56,"F",14,49000,TRUE,2024,58,2,12
"DC03073",29,"F",15,49000,TRUE,2021,34,5,10
"DC03074",24,"F",10,96000,FALSE,2023,27,3,7
"DC03075",38,"H",10,119000,FALSE,2023,41,3,7
"DC03076",56,"H",10,181000,FALSE,2019,63,7,3
"DC03077",46,"H",15,318000,FALSE,2021,51,5,10
"DC03078",32,"H",15,303000,TRUE,2021,37,5,10
"DC03079",40,"F",25,120000,FALSE,2025,41,1,24
"DC03080",51,"F",15,48000,FALSE,2022,55,4,11
"DC03081",59,"H",11,524000,FALSE,2025,60,1,10
"DC03082",38,"F",20,51000,TRUE,2021,43,5,15
"DC03083",58,"H",12,322000,TRUE,2021,63,5,7
"DC03084",49,"F",15,106000,FALSE,2025,50,1,14
"DC03085",31,"F",10,127000,FALSE,2020,37,6,4
"DC03086",60,"F",5,710000,FALSE,2022,64,4,1
"DC03087",50,"H",10,164000,FALSE,2022,54,4,6
"DC03088",51,"H",10,206000,TRUE,2023,54,3,7
"DC03089",24,"F",10,476000,FALSE,2023,27,3,7
"DC03090",39,"F",15,98000,FALSE,2018,47,8,7
"DC03091",29,"H",20,135000,FALSE,2022,33,4,16
"DC03092",22,"F",10,316000,FALSE,2022,26,4,6
"DC03093",32,"F",15,205000,FALSE,2024,34,2,13
"DC03094",37,"F",30,84000,FALSE,2021,42,5,25
"DC03095",35,"H",20,94000,TRUE,2020,41,6,14
"DC03096",53,"F",17,91000,FALSE,2020,59,6,11
"DC03098",47,"F",10,118000,FALSE,2020,53,6,4
"DC03099",56,"F",14,327000,FALSE,2021,61,5,9
"DC03100",57,"F",13,240000,FALSE,2019,64,7,6
"DC03101",31,"H",15,75000,FALSE,2019,38,7,8
"DC03102",22,"H",15,195000,FALSE,2021,27,5,10
"DC03103",49,"H",21,128000,TRUE,2018,57,8,13
"DC03104",28,"F",5,130000,FALSE,2023,31,3,2
"DC03105",31,"H",15,156000,TRUE,2019,38,7,8
"DC03106",40,"H",15,254000,TRUE,2024,42,2,13
"DC03107",46,"H",15,179000,FALSE,2020,52,6,9
"DC03108",31,"H",10,110000,FALSE,2025,32,1,9
"DC03109",45,"F",10,145000,FALSE,2021,50,5,5
"DC03110",28,"F",15,108000,FALSE,2022,32,4,11
"DC03111",28,"F",10,24000,FALSE,2019,35,7,3
"DC03112",42,"H",10,178000,FALSE,2023,45,3,7
"DC03113",41,"H",15,94000,TRUE,2025,42,1,14
"DC03114",53,"H",10,37000,FALSE,2021,58,5,5
"DC03115",31,"H",20,517000,FALSE,2023,34,3,17
"DC03116",46,"H",20,262000,FALSE,2020,52,6,14
"DC03117",21,"H",10,112000,FALSE,2020,27,6,4
"DC03118",37,"H",5,60000,FALSE,2024,39,2,3
"DC03119",33,"F",25,39000,FALSE,2023,36,3,22
"DC03120",51,"H",19,502000,FALSE,2022,55,4,15
"DC03121",24,"F",25,306000,TRUE,2024,26,2,23
"DC03122",53,"H",5,179000,FALSE,2023,56,3,2
"DC03123",38,"H",10,240000,FALSE,2023,41,3,7
"DC03124",47,"F",20,103000,FALSE,2021,52,5,15
"DC03125",24,"F",10,183000,FALSE,2020,30,6,4
"DC03126",27,"F",25,155000,FALSE,2024,29,2,23
"DC03128",47,"F",10,257000,TRUE,2022,51,4,6
"DC03129",40,"H",5,83000,TRUE,2022,44,4,1
"DC03130",40,"H",20,135000,FALSE,2022,44,4,16
"DC03131",44,"H",20,104000,FALSE,2022,48,4,16
"DC03132",21,"F",30,40000,FALSE,2021,26,5,25
"DC03133",30,"H",15,197000,FALSE,2021,35,5,10
"DC03134",45,"F",20,459000,FALSE,2022,49,4,16
"DC03135",31,"F",15,299000,FALSE,2019,38,7,8
"DC03136",42,"F",10,355000,FALSE,2022,46,4,6
"DC03137",20,"F",20,91000,FALSE,2022,24,4,16
"DC03138",45,"H",10,137000,FALSE,2019,52,7,3
"DC03139",22,"H",20,255000,FALSE,2024,24,2,18
"DC03140",38,"F",25,115000,FALSE,2018,46,8,17
"DC03141",30,"H",30,203000,FALSE,2023,33,3,27
"DC03142",41,"H",20,36000,FALSE,2019,48,7,13
"DC03143",33,"F",10,121000,FALSE,2021,38,5,5
"DC03145",25,"F",10,820000,TRUE,2019,32,7,3
"DC03146",52,"F",15,116000,FALSE,2023,55,3,12
"DC03147",24,"H",5,210000,FALSE,2024,26,2,3
"DC03148",43,"F",10,269000,FALSE,2019,50,7,3
"DC03149",33,"F",25,32000,TRUE,2019,40,7,18
"DC03150",27,"F",30,94000,FALSE,2022,31,4,26
"DC03151",58,"H",12,380000,TRUE,2022,62,4,8
"DC03152",31,"F",10,93000,FALSE,2023,34,3,7
"DC03153",27,"H",15,198000,FALSE,2018,35,8,7
"DC03154",57,"F",13,209000,FALSE,2022,61,4,9
"DC03155",58,"H",12,93000,FALSE,2025,59,1,11
"DC03156",29,"H",10,387000,TRUE,2022,33,4,6
"DC03157",37,"H",25,154000,FALSE,2024,39,2,23
"DC03158",22,"H",10,63000,TRUE,2023,25,3,7
"DC03159",52,"H",15,73000,FALSE,2022,56,4,11
"DC03160",41,"H",10,377000,FALSE,2020,47,6,4
"DC03161",24,"F",15,239000,FALSE,2022,28,4,11
"DC03162",50,"F",5,292000,FALSE,2022,54,4,1
"DC03163",32,"F",25,143000,FALSE,2022,36,4,21
"DC03164",54,"H",15,490000,FALSE,2021,59,5,10
"DC03165",25,"H",25,206000,TRUE,2019,32,7,18
"DC03166",23,"H",5,176000,FALSE,2022,27,4,1
"DC03167",46,"H",15,327000,TRUE,2018,54,8,7
"DC03168",29,"F",10,91000,FALSE,2023,32,3,7
"DC03169",35,"H",15,174000,FALSE,2023,38,3,12
"DC03170",28,"F",10,307000,FALSE,2020,34,6,4
"DC03171",43,"H",25,473000,FALSE,2024,45,2,23
"DC03172",27,"F",20,380000,FALSE,2020,33,6,14
"DC03173",26,"H",25,84000,FALSE,2024,28,2,23
"DC03175",37,"F",25,115000,TRUE,2025,38,1,24
"DC03176",36,"H",5,143000,FALSE,2022,40,4,1
"DC03177",55,"H",10,128000,FALSE,2018,63,8,2
"DC03178",36,"H",25,316000,TRUE,2021,41,5,20
"DC03179",20,"F",10,185000,FALSE,2023,23,3,7
"DC03181",43,"H",5,72000,TRUE,2022,47,4,1
"DC03182",20,"H",5,142000,FALSE,2023,23,3,2
"DC03183",21,"H",20,99000,FALSE,2021,26,5,15
"DC03184",41,"H",10,45000,FALSE,2022,45,4,6
"DC03185",30,"H",25,193000,FALSE,2022,34,4,21
"DC03186",22,"F",15,104000,FALSE,2022,26,4,11
"DC03187",35,"F",10,636000,FALSE,2021,40,5,5
"DC03188",27,"H",15,106000,FALSE,2024,29,2,13
"DC03189",51,"F",19,208000,FALSE,2021,56,5,14
"DC03190",30,"F",10,420000,FALSE,2021,35,5,5
"DC03191",42,"H",15,232000,TRUE,2022,46,4,11
"DC03192",20,"H",15,89000,FALSE,2024,22,2,13
"DC03193",40,"H",15,49000,FALSE,2024,42,2,13
"DC03194",59,"F",11,253000,TRUE,2024,61,2,9
"DC03195",25,"F",20,87000,FALSE,2021,30,5,15
"DC03196",37,"F",5,106000,FALSE,2022,41,4,1
"DC03197",24,"H",10,150000,FALSE,2021,29,5,5
"DC03198",39,"F",10,133000,FALSE,2022,43,4,6
"DC03199",26,"F",20,329000,FALSE,2020,32,6,14
"DC03200",33,"F",10,77000,TRUE,2024,35,2,8
"DC03201",25,"F",10,180000,FALSE,2019,32,7,3
"DC03202",35,"H",15,312000,FALSE,2024,37,2,13
"DC03203",45,"H",20,207000,FALSE,2021,50,5,15
"DC03204",22,"F",25,123000,TRUE,2024,24,2,23
"DC03205",28,"F",10,106000,TRUE,2025,29,1,9
"DC03206",31,"H",15,133000,FALSE,2023,34,3,12
"DC03207",54,"H",10,82000,FALSE,2025,55,1,9
"DC03208",23,"H",25,787000,FALSE,2022,27,4,21
"DC03209",53,"H",5,98000,FALSE,2023,56,3,2
"DC03210",22,"H",20,116000,FALSE,2022,26,4,16
"DC03211",21,"H",30,163000,FALSE,2023,24,3,27
"DC03212",37,"H",20,33000,FALSE,2024,39,2,18
"DC03213",38,"H",15,195000,FALSE,2023,41,3,12
"DC03214",27,"H",5,332000,TRUE,2022,31,4,1
"DC03215",44,"F",10,838000,TRUE,2022,48,4,6
"DC03216",36,"F",20,46000,FALSE,2019,43,7,13
"DC03218",52,"H",15,167000,FALSE,2019,59,7,8
"DC03219",58,"F",12,477000,FALSE,2019,65,7,5
"DC03220",24,"H",10,137000,TRUE,2023,27,3,7
"DC03221",59,"H",5,483000,FALSE,2022,63,4,1
"DC03222",45,"F",15,24000,FALSE,2021,50,5,10
"DC03223",52,"H",10,78000,FALSE,2023,55,3,7
"DC03224",45,"F",10,308000,FALSE,2022,49,4,6
"DC03225",58,"H",12,301000,FALSE,2020,64,6,6
"DC03226",53,"F",17,114000,FALSE,2021,58,5,12
"DC03227",25,"H",30,127000,FALSE,2023,28,3,27
"DC03228",54,"F",15,139000,FALSE,2023,57,3,12
"DC03229",24,"F",20,473000,FALSE,2024,26,2,18
"DC03231",46,"H",24,143000,FALSE,2022,50,4,20
"DC03232",36,"F",10,130000,FALSE,2019,43,7,3
"DC03233",33,"F",15,482000,TRUE,2025,34,1,14
"DC03234",40,"H",15,165000,FALSE,2020,46,6,9
"DC03236",38,"F",30,100000,FALSE,2020,44,6,24
"DC03237",60,"H",10,48000,FALSE,2023,63,3,7
"DC03238",50,"H",20,156000,FALSE,2022,54,4,16
"DC03239",41,"H",15,95000,FALSE,2023,44,3,12
"DC03240",53,"H",10,48000,TRUE,2019,60,7,3
"DC03241",56,"F",14,144000,TRUE,2024,58,2,12
"DC03242",55,"F",15,110000,FALSE,2019,62,7,8
"DC03243",41,"H",20,148000,TRUE,2024,43,2,18
"DC03244",37,"F",20,179000,TRUE,2023,40,3,17
"DC03245",53,"H",17,195000,FALSE,2021,58,5,12
"DC03246",27,"F",5,120000,FALSE,2022,31,4,1
"DC03247",29,"F",5,315000,FALSE,2023,32,3,2
"DC03248",35,"F",10,757000,FALSE,2024,37,2,8
"DC03249",37,"F",10,86000,FALSE,2020,43,6,4
"DC03250",47,"F",10,163000,FALSE,2025,48,1,9
"DC03251",30,"H",15,384000,FALSE,2022,34,4,11
"DC03252",38,"H",20,335000,FALSE,2024,40,2,18
"DC03253",25,"H",15,272000,TRUE,2023,28,3,12
"DC03254",40,"F",15,58000,FALSE,2019,47,7,8
"DC03255",49,"F",20,135000,FALSE,2023,52,3,17
"DC03256",23,"F",10,88000,FALSE,2025,24,1,9
"DC03257",42,"H",10,31000,FALSE,2019,49,7,3
"DC03258",55,"H",15,30000,FALSE,2022,59,4,11
"DC03259",48,"F",5,328000,FALSE,2023,51,3,2
"DC03260",58,"H",12,460000,FALSE,2024,60,2,10
"DC03261",30,"F",15,114000,FALSE,2019,37,7,8
"DC03262",26,"F",15,37000,FALSE,2023,29,3,12
"DC03263",30,"H",20,397000,FALSE,2025,31,1,19
"DC03264",34,"H",10,75000,TRUE,2022,38,4,6
"DC03265",57,"F",5,167000,TRUE,2024,59,2,3
"DC03266",55,"F",15,308000,TRUE,2023,58,3,12
"DC03267",34,"H",15,138000,FALSE,2021,39,5,10
"DC03268",52,"H",18,454000,FALSE,2023,55,3,15
"DC03269",45,"F",10,81000,FALSE,2020,51,6,4
"DC03270",37,"F",15,62000,FALSE,2025,38,1,14
"DC03271",49,"H",10,239000,FALSE,2019,56,7,3
"DC03272",53,"H",17,80000,FALSE,2020,59,6,11
"DC03273",46,"F",10,240000,FALSE,2021,51,5,5
"DC03274",60,"F",10,132000,FALSE,2022,64,4,6
"DC03275",40,"F",20,196000,FALSE,2022,44,4,16
"DC03276",21,"F",15,34000,FALSE,2022,25,4,11
"DC03277",50,"H",10,211000,FALSE,2022,54,4,6
"DC03278",57,"F",13,81000,FALSE,2022,61,4,9
"DC03279",23,"H",10,59000,FALSE,2024,25,2,8
"DC03280",25,"H",20,186000,FALSE,2022,29,4,16
"DC03281",20,"H",5,218000,FALSE,2022,24,4,1
"DC03282",36,"H",15,211000,TRUE,2018,44,8,7
"DC03283",23,"H",10,99000,TRUE,2022,27,4,6
"DC03284",60,"H",10,142000,TRUE,2020,66,6,4
"DC03285",30,"H",15,250000,FALSE,2024,32,2,13
"DC03286",40,"H",15,92000,TRUE,2024,42,2,13
"DC03287",57,"H",13,568000,TRUE,2021,62,5,8
"DC03289",27,"H",15,244000,FALSE,2024,29,2,13
"DC03290",56,"H",10,83000,FALSE,2023,59,3,7
"DC03291",57,"F",13,37000,FALSE,2021,62,5,8
"DC03292",25,"H",25,165000,FALSE,2022,29,4,21
"DC03293",55,"F",15,184000,FALSE,2025,56,1,14
"DC03294",46,"H",24,311000,FALSE,2018,54,8,16
"DC03295",35,"F",5,217000,FALSE,2023,38,3,2
"DC03296",37,"H",15,153000,FALSE,2021,42,5,10
"DC03297",45,"F",5,112000,FALSE,2022,49,4,1
"DC03298",48,"F",20,108000,FALSE,2025,49,1,19
"DC03299",38,"F",30,222000,FALSE,2019,45,7,23
"DC03300",36,"H",15,85000,FALSE,2023,39,3,12
"DC03301",48,"H",22,171000,FALSE,2022,52,4,18
"DC03302",21,"H",5,325000,TRUE,2024,23,2,3
"DC03303",31,"F",25,77000,FALSE,2025,32,1,24
"DC03304",21,"F",10,191000,TRUE,2025,22,1,9
"DC03305",23,"H",10,319000,FALSE,2024,25,2,8
"DC03306",29,"F",30,40000,FALSE,2022,33,4,26
"DC03307",41,"F",15,68000,FALSE,2023,44,3,12
"DC03308",34,"F",15,509000,FALSE,2023,37,3,12
"DC03309",47,"F",10,481000,FALSE,2025,48,1,9
"DC03310",51,"F",10,222000,FALSE,2024,53,2,8
"DC03311",24,"F",10,141000,FALSE,2025,25,1,9
"DC03312",32,"F",15,426000,FALSE,2024,34,2,13
"DC03313",48,"F",20,171000,FALSE,2025,49,1,19
"DC03314",34,"H",10,123000,FALSE,2020,40,6,4
"DC03315",35,"H",20,120000,FALSE,2018,43,8,12
"DC03316",59,"H",11,136000,FALSE,2021,64,5,6
"DC03317",41,"H",10,592000,TRUE,2022,45,4,6
"DC03318",42,"F",10,97000,FALSE,2022,46,4,6
"DC03319",34,"F",15,325000,TRUE,2018,42,8,7
"DC03320",42,"H",10,298000,FALSE,2019,49,7,3
"DC03321",57,"H",13,42000,TRUE,2021,62,5,8
"DC03322",53,"F",10,229000,FALSE,2025,54,1,9
"DC03323",52,"H",15,427000,FALSE,2022,56,4,11
"DC03324",46,"H",10,171000,FALSE,2023,49,3,7
"DC03325",24,"F",25,235000,FALSE,2021,29,5,20
"DC03326",52,"F",18,36000,TRUE,2021,57,5,13
"DC03327",58,"F",12,143000,FALSE,2024,60,2,10
"DC03328",25,"H",20,227000,FALSE,2025,26,1,19
"DC03329",47,"H",15,142000,FALSE,2023,50,3,12
"DC03330",22,"F",10,108000,FALSE,2022,26,4,6
"DC03331",25,"F",10,51000,FALSE,2022,29,4,6
"DC03332",43,"H",10,172000,FALSE,2024,45,2,8
"DC03333",56,"H",14,279000,FALSE,2024,58,2,12
"DC03334",47,"H",15,136000,FALSE,2023,50,3,12
"DC03335",53,"H",10,411000,FALSE,2020,59,6,4
"DC03336",52,"F",15,92000,FALSE,2022,56,4,11
"DC03337",46,"H",15,142000,FALSE,2021,51,5,10
"DC03338",60,"F",10,52000,FALSE,2024,62,2,8
"DC03339",36,"F",20,154000,TRUE,2021,41,5,15
"DC03340",35,"F",20,179000,FALSE,2024,37,2,18
"DC03341",59,"H",11,135000,FALSE,2022,63,4,7
"DC03342",51,"H",5,74000,FALSE,2022,55,4,1
"DC03343",27,"H",10,127000,FALSE,2024,29,2,8
"DC03344",47,"F",20,109000,FALSE,2024,49,2,18
"DC03345",20,"H",10,87000,FALSE,2022,24,4,6
"DC03346",44,"H",10,157000,TRUE,2024,46,2,8
"DC03347",32,"F",20,113000,FALSE,2025,33,1,19
"DC03348",47,"H",15,75000,FALSE,2023,50,3,12
"DC03349",24,"H",20,305000,TRUE,2019,31,7,13
"DC03350",27,"H",10,127000,FALSE,2025,28,1,9
"DC03351",42,"H",20,241000,TRUE,2018,50,8,12
"DC03352",59,"H",11,96000,FALSE,2022,63,4,7
"DC03353",44,"H",20,97000,FALSE,2022,48,4,16
"DC03354",30,"H",5,52000,FALSE,2023,33,3,2
"DC03355",20,"F",10,232000,FALSE,2020,26,6,4
"DC03356",47,"H",10,243000,FALSE,2023,50,3,7
"DC03357",54,"H",15,81000,FALSE,2020,60,6,9
"DC03358",41,"H",15,593000,FALSE,2022,45,4,11
"DC03359",34,"H",5,67000,FALSE,2025,35,1,4
"DC03360",54,"H",15,105000,FALSE,2019,61,7,8
"DC03361",49,"H",21,270000,FALSE,2021,54,5,16
"DC03362",60,"H",10,113000,FALSE,2023,63,3,7
"DC03363",52,"H",10,96000,FALSE,2018,60,8,2
"DC03364",53,"F",10,748000,FALSE,2021,58,5,5
"DC03365",41,"F",10,408000,TRUE,2023,44,3,7
"DC03366",20,"H",10,413000,FALSE,2018,28,8,2
"DC03367",59,"H",11,964000,FALSE,2021,64,5,6
"DC03368",21,"H",25,273000,FALSE,2020,27,6,19
"DC03369",37,"H",20,292000,FALSE,2024,39,2,18
"DC03370",25,"F",25,52000,FALSE,2019,32,7,18
"DC03371",34,"F",5,78000,FALSE,2023,37,3,2
"DC03372",56,"F",14,168000,FALSE,2019,63,7,7
"DC03373",42,"F",25,60000,FALSE,2024,44,2,23
"DC03374",47,"F",10,82000,TRUE,2022,51,4,6
"DC03375",20,"F",15,51000,FALSE,2023,23,3,12
"DC03376",29,"F",25,192000,FALSE,2021,34,5,20
"DC03377",46,"H",10,274000,TRUE,2023,49,3,7
"DC03378",60,"H",10,30000,TRUE,2023,63,3,7
"DC03379",20,"H",10,227000,FALSE,2022,24,4,6
"DC03380",23,"H",15,479000,FALSE,2021,28,5,10
"DC03381",53,"H",10,200000,FALSE,2022,57,4,6
"DC03382",54,"H",16,168000,FALSE,2022,58,4,12
"DC03383",37,"H",15,64000,FALSE,2024,39,2,13
"DC03384",47,"F",10,88000,FALSE,2024,49,2,8
"DC03385",60,"H",10,95000,TRUE,2022,64,4,6
"DC03386",34,"H",15,129000,TRUE,2023,37,3,12
"DC03387",33,"F",10,146000,TRUE,2025,34,1,9
"DC03388",23,"F",10,99000,TRUE,2019,30,7,3
"DC03389",30,"F",25,219000,FALSE,2022,34,4,21
"DC03390",43,"H",10,96000,FALSE,2019,50,7,3
"DC03391",21,"H",20,157000,FALSE,2022,25,4,16
"DC03392",47,"H",23,149000,FALSE,2020,53,6,17
"DC03393",34,"F",15,47000,FALSE,2022,38,4,11
"DC03394",50,"F",15,193000,FALSE,2018,58,8,7
"DC03395",51,"H",5,178000,FALSE,2025,52,1,4
"DC03396",23,"H",15,61000,TRUE,2025,24,1,14
"DC03397",37,"H",20,161000,TRUE,2019,44,7,13
"DC03398",59,"H",11,331000,FALSE,2019,66,7,4
"DC03399",55,"F",15,284000,TRUE,2023,58,3,12
"DC03400",42,"H",15,287000,FALSE,2023,45,3,12
"DC03401",59,"F",11,150000,FALSE,2024,61,2,9
"DC03402",34,"F",15,166000,FALSE,2024,36,2,13
"DC03403",36,"H",25,589000,FALSE,2025,37,1,24
"DC03404",41,"F",15,97000,FALSE,2023,44,3,12
"DC03405",45,"H",5,85000,FALSE,2022,49,4,1
"DC03406",28,"F",25,217000,FALSE,2021,33,5,20
"DC03407",58,"H",12,212000,FALSE,2019,65,7,5
"DC03408",24,"F",5,121000,FALSE,2023,27,3,2
"DC03409",36,"H",15,68000,FALSE,2019,43,7,8
"DC03410",57,"F",13,136000,TRUE,2022,61,4,9
"DC03411",60,"F",10,453000,FALSE,2024,62,2,8
"DC03412",44,"F",25,315000,FALSE,2022,48,4,21
"DC03413",35,"F",10,177000,FALSE,2020,41,6,4
"DC03414",55,"H",15,108000,FALSE,2020,61,6,9
"DC03415",25,"H",20,72000,FALSE,2019,32,7,13
"DC03416",27,"H",15,150000,FALSE,2022,31,4,11
"DC03417",48,"F",15,155000,TRUE,2023,51,3,12
"DC03418",32,"F",10,237000,TRUE,2022,36,4,6
"DC03419",58,"H",10,400000,TRUE,2022,62,4,6
"DC03420",29,"H",5,234000,TRUE,2023,32,3,2
"DC03421",53,"H",10,205000,FALSE,2021,58,5,5
"DC03422",20,"F",20,270000,FALSE,2022,24,4,16
"DC03423",42,"F",15,60000,TRUE,2022,46,4,11
"DC03425",26,"H",15,78000,FALSE,2023,29,3,12
"DC03426",50,"H",10,100000,FALSE,2020,56,6,4
"DC03427",35,"F",10,436000,FALSE,2022,39,4,6
"DC03428",37,"H",20,85000,TRUE,2022,41,4,16
"DC03429",34,"H",15,37000,TRUE,2025,35,1,14
"DC03430",40,"F",10,114000,FALSE,2024,42,2,8
"DC03431",52,"F",18,177000,FALSE,2023,55,3,15
"DC03432",40,"F",10,305000,FALSE,2023,43,3,7
"DC03433",30,"F",30,50000,FALSE,2024,32,2,28
"DC03434",58,"H",12,177000,TRUE,2021,63,5,7
"DC03435",26,"F",10,307000,FALSE,2022,30,4,6
"DC03436",31,"H",15,113000,FALSE,2021,36,5,10
"DC03437",23,"H",10,137000,FALSE,2022,27,4,6
"DC03438",42,"F",20,118000,FALSE,2019,49,7,13
"DC03439",52,"H",15,90000,TRUE,2022,56,4,11
"DC03440",43,"H",10,66000,FALSE,2024,45,2,8
"DC03441",46,"H",15,159000,TRUE,2021,51,5,10
"DC03442",22,"H",10,225000,FALSE,2023,25,3,7
"DC03443",21,"H",30,119000,FALSE,2024,23,2,28
"DC03444",42,"H",20,320000,FALSE,2018,50,8,12
"DC03445",58,"F",12,164000,FALSE,2023,61,3,9
"DC03446",48,"H",22,76000,TRUE,2021,53,5,17
"DC03447",43,"F",20,469000,FALSE,2020,49,6,14
"DC03448",34,"F",30,70000,FALSE,2023,37,3,27
"DC03449",56,"F",14,170000,FALSE,2024,58,2,12
"DC03450",47,"H",23,79000,FALSE,2023,50,3,20
"DC03451",52,"F",15,189000,FALSE,2024,54,2,13
"DC03452",45,"H",20,120000,TRUE,2024,47,2,18
"DC03453",59,"H",5,75000,FALSE,2023,62,3,2
"DC03454",51,"H",10,100000,FALSE,2024,53,2,8
"DC03455",42,"F",10,766000,FALSE,2024,44,2,8
"DC03456",26,"F",15,196000,FALSE,2018,34,8,7
"DC03457",46,"F",15,79000,FALSE,2021,51,5,10
"DC03458",37,"H",20,112000,FALSE,2022,41,4,16
"DC03459",35,"H",25,93000,FALSE,2019,42,7,18
"DC03460",36,"F",10,109000,TRUE,2021,41,5,5
"DC03461",26,"H",10,73000,FALSE,2024,28,2,8
"DC03462",56,"F",5,254000,FALSE,2025,57,1,4
"DC03463",26,"H",10,244000,FALSE,2020,32,6,4
"DC03464",39,"H",10,275000,FALSE,2022,43,4,6
"DC03465",47,"F",10,988000,TRUE,2023,50,3,7
"DC03466",39,"F",10,97000,FALSE,2021,44,5,5
"DC03468",58,"H",12,267000,FALSE,2021,63,5,7
"DC03469",24,"H",15,243000,TRUE,2023,27,3,12
"DC03470",29,"H",25,160000,TRUE,2020,35,6,19
"DC03471",44,"F",15,139000,TRUE,2019,51,7,8
"DC03472",25,"F",25,86000,FALSE,2022,29,4,21
"DC03473",41,"F",5,152000,FALSE,2022,45,4,1
"DC03474",36,"H",10,115000,TRUE,2022,40,4,6
"DC03475",30,"H",10,927000,FALSE,2022,34,4,6
"DC03476",21,"F",5,319000,FALSE,2025,22,1,4
"DC03478",28,"F",10,289000,FALSE,2025,29,1,9
"DC03479",52,"H",15,49000,FALSE,2022,56,4,11
"DC03480",27,"F",20,108000,TRUE,2024,29,2,18
"DC03481",30,"F",20,318000,TRUE,2023,33,3,17
"DC03482",25,"H",10,176000,FALSE,2021,30,5,5
"DC03484",43,"H",15,382000,FALSE,2021,48,5,10
"DC03485",23,"F",10,81000,FALSE,2021,28,5,5
"DC03486",24,"H",20,737000,TRUE,2023,27,3,17
"DC03487",55,"H",15,139000,FALSE,2020,61,6,9
"DC03488",28,"H",15,16000,FALSE,2025,29,1,14
"DC03489",52,"H",15,193000,FALSE,2020,58,6,9
"DC03490",36,"H",10,114000,TRUE,2019,43,7,3
"DC03492",28,"H",15,229000,TRUE,2021,33,5,10
"DC03493",36,"H",10,260000,TRUE,2020,42,6,4
"DC03494",20,"F",20,475000,FALSE,2025,21,1,19
"DC03495",20,"H",10,146000,TRUE,2018,28,8,2
"DC03496",46,"F",5,31000,FALSE,2022,50,4,1
"DC03497",44,"H",15,639000,FALSE,2020,50,6,9
"DC03498",45,"H",25,94000,FALSE,2023,48,3,22
"DC03500",38,"F",5,62000,FALSE,2022,42,4,1
"DC03501",44,"F",15,356000,FALSE,2019,51,7,8
"DC03502",24,"H",10,124000,FALSE,2023,27,3,7
"DC03503",45,"H",10,71000,FALSE,2021,50,5,5
"DC03504",34,"H",20,77000,TRUE,2020,40,6,14
"DC03505",40,"F",20,285000,FALSE,2022,44,4,16
"DC03506",21,"H",20,165000,TRUE,2022,25,4,16
"DC03507",31,"H",20,212000,FALSE,2021,36,5,15
"DC03508",21,"H",20,153000,FALSE,2023,24,3,17
"DC03509",58,"H",5,193000,TRUE,2023,61,3,2
"DC03510",30,"H",5,155000,FALSE,2022,34,4,1
"DC03511",47,"F",15,29000,FALSE,2023,50,3,12
"DC03513",24,"F",30,168000,FALSE,2024,26,2,28
"DC03515",23,"F",10,267000,FALSE,2019,30,7,3
"DC03516",31,"F",20,153000,FALSE,2023,34,3,17
"DC03517",57,"F",13,93000,FALSE,2025,58,1,12
"DC03518",34,"F",10,688000,FALSE,2025,35,1,9
"DC03519",29,"H",25,129000,FALSE,2023,32,3,22
"DC03520",29,"F",10,205000,TRUE,2025,30,1,9
"DC03521",34,"H",15,127000,TRUE,2023,37,3,12
"DC03523",20,"F",20,277000,FALSE,2023,23,3,17
"DC03524",29,"H",5,70000,TRUE,2025,30,1,4
"DC03525",51,"H",19,155000,FALSE,2023,54,3,16
"DC03526",21,"H",15,175000,FALSE,2018,29,8,7
"DC03527",31,"H",15,90000,FALSE,2024,33,2,13
"DC03528",38,"H",15,117000,FALSE,2018,46,8,7
"DC03529",35,"F",30,87000,FALSE,2021,40,5,25
"DC03530",45,"H",10,75000,TRUE,2022,49,4,6
"DC03531",40,"H",15,146000,FALSE,2023,43,3,12
"DC03532",51,"H",19,339000,FALSE,2024,53,2,17
"DC03533",44,"H",10,83000,FALSE,2022,48,4,6
"DC03534",27,"H",10,86000,TRUE,2024,29,2,8
"DC03535",60,"F",10,716000,FALSE,2024,62,2,8
"DC03536",53,"F",15,90000,FALSE,2022,57,4,11
"DC03538",37,"H",15,67000,FALSE,2022,41,4,11
"DC03539",40,"H",10,296000,TRUE,2022,44,4,6
"DC03540",46,"F",20,193000,FALSE,2018,54,8,12
"DC03541",21,"H",20,253000,FALSE,2022,25,4,16
"DC03542",21,"H",20,124000,FALSE,2023,24,3,17
"DC03543",52,"H",18,24000,TRUE,2021,57,5,13
"DC03544",22,"H",5,221000,FALSE,2022,26,4,1
"DC03545",44,"F",10,456000,FALSE,2019,51,7,3
"DC03546",32,"H",30,126000,TRUE,2022,36,4,26
"DC03547",45,"H",20,251000,FALSE,2019,52,7,13
"DC03548",25,"H",10,73000,FALSE,2024,27,2,8
"DC03549",45,"F",15,276000,TRUE,2023,48,3,12
"DC03550",21,"H",15,89000,FALSE,2019,28,7,8
"DC03551",49,"F",5,103000,FALSE,2023,52,3,2
"DC03552",50,"H",10,95000,TRUE,2020,56,6,4
"DC03553",55,"H",10,194000,TRUE,2024,57,2,8
"DC03554",53,"F",10,154000,FALSE,2023,56,3,7
"DC03555",37,"F",25,131000,FALSE,2025,38,1,24
"DC03556",56,"F",14,54000,FALSE,2020,62,6,8
"DC03557",54,"H",16,123000,FALSE,2024,56,2,14
"DC03558",20,"H",15,190000,TRUE,2021,25,5,10
"DC03559",20,"F",30,402000,FALSE,2025,21,1,29
"DC03560",47,"F",10,315000,TRUE,2022,51,4,6
"DC03561",49,"F",21,214000,FALSE,2021,54,5,16
"DC03562",27,"H",15,207000,FALSE,2021,32,5,10
"DC03563",40,"H",10,133000,FALSE,2021,45,5,5
"DC03564",46,"F",20,81000,FALSE,2020,52,6,14
"DC03565",21,"H",15,187000,FALSE,2020,27,6,9
"DC03566",37,"H",15,84000,FALSE,2022,41,4,11
"DC03567",55,"F",10,137000,FALSE,2021,60,5,5
"DC03568",23,"F",30,519000,FALSE,2024,25,2,28
"DC03569",26,"H",10,64000,TRUE,2022,30,4,6
"DC03570",57,"H",13,86000,TRUE,2023,60,3,10
"DC03571",48,"H",10,212000,TRUE,2024,50,2,8
"DC03572",34,"H",30,265000,FALSE,2023,37,3,27
"DC03573",57,"H",13,67000,FALSE,2021,62,5,8
"DC03574",44,"H",25,257000,FALSE,2019,51,7,18
"DC03575",35,"F",10,189000,TRUE,2023,38,3,7
"DC03576",47,"H",20,235000,TRUE,2022,51,4,16
"DC03577",56,"F",14,216000,FALSE,2024,58,2,12
"DC03578",57,"F",13,300000,FALSE,2020,63,6,7
"DC03580",38,"H",20,416000,FALSE,2020,44,6,14
"DC03581",40,"H",25,238000,FALSE,2023,43,3,22
"DC03582",36,"H",25,275000,TRUE,2022,40,4,21
"DC03583",58,"F",12,270000,FALSE,2022,62,4,8
"DC03584",46,"H",20,160000,TRUE,2024,48,2,18
"DC03585",30,"F",25,124000,FALSE,2024,32,2,23
"DC03586",44,"F",10,288000,TRUE,2018,52,8,2
"DC03587",57,"F",13,105000,FALSE,2021,62,5,8
"DC03588",27,"H",10,152000,FALSE,2021,32,5,5
"DC03589",42,"F",20,207000,FALSE,2025,43,1,19
"DC03590",38,"F",15,110000,FALSE,2021,43,5,10
"DC03591",38,"H",10,587000,FALSE,2020,44,6,4
"DC03592",40,"H",20,114000,TRUE,2024,42,2,18
"DC03593",46,"F",5,469000,FALSE,2023,49,3,2
"DC03594",58,"F",12,214000,FALSE,2023,61,3,9
"DC03595",32,"H",10,148000,FALSE,2025,33,1,9
"DC03596",39,"H",15,47000,TRUE,2020,45,6,9
"DC03597",29,"F",25,59000,FALSE,2022,33,4,21
"DC03598",47,"H",10,285000,FALSE,2022,51,4,6
"DC03599",49,"H",21,177000,TRUE,2021,54,5,16
"DC03600",59,"H",11,27000,FALSE,2022,63,4,7
"DC03601",59,"F",11,120000,FALSE,2021,64,5,6
"DC03602",56,"H",10,107000,FALSE,2021,61,5,5
"DC03603",45,"H",20,64000,FALSE,2022,49,4,16
"DC03604",45,"F",20,166000,TRUE,2022,49,4,16
"DC03605",22,"F",10,113000,TRUE,2021,27,5,5
"DC03606",45,"H",20,78000,FALSE,2023,48,3,17
"DC03607",20,"F",10,439000,FALSE,2025,21,1,9
"DC03608",46,"H",24,175000,FALSE,2022,50,4,20
"DC03609",53,"F",15,35000,TRUE,2022,57,4,11
"DC03610",42,"F",20,308000,FALSE,2022,46,4,16
"DC03611",25,"H",30,118000,FALSE,2024,27,2,28
"DC03612",48,"H",22,262000,TRUE,2020,54,6,16
"DC03613",52,"H",10,193000,FALSE,2019,59,7,3
"DC03614",48,"H",10,92000,FALSE,2021,53,5,5
"DC03615",44,"F",10,283000,FALSE,2022,48,4,6
"DC03616",60,"F",10,133000,FALSE,2022,64,4,6
"DC03617",44,"F",20,72000,FALSE,2022,48,4,16
"DC03618",49,"H",15,112000,TRUE,2023,52,3,12
"DC03619",44,"H",20,136000,FALSE,2021,49,5,15
"DC03620",41,"H",10,167000,FALSE,2022,45,4,6
"DC03621",58,"F",12,75000,TRUE,2025,59,1,11
"DC03622",45,"F",10,253000,FALSE,2021,50,5,5
"DC03623",58,"F",12,149000,FALSE,2023,61,3,9
"DC03624",26,"F",15,135000,TRUE,2023,29,3,12
"DC03626",56,"F",14,135000,FALSE,2020,62,6,8
"DC03627",56,"F",14,186000,TRUE,2024,58,2,12
"DC03628",50,"H",20,100000,FALSE,2018,58,8,12
"DC03629",27,"F",25,55000,FALSE,2022,31,4,21
"DC03630",48,"F",10,249000,FALSE,2023,51,3,7
"DC03632",29,"F",25,117000,FALSE,2021,34,5,20
"DC03633",59,"H",11,147000,TRUE,2025,60,1,10
"DC03634",29,"H",20,96000,FALSE,2024,31,2,18
"DC03635",36,"F",15,320000,TRUE,2022,40,4,11
"DC03636",21,"F",25,80000,FALSE,2022,25,4,21
"DC03637",31,"H",10,148000,FALSE,2020,37,6,4
"DC03638",54,"F",15,43000,FALSE,2021,59,5,10
"DC03639",27,"H",20,41000,FALSE,2019,34,7,13
"DC03640",59,"H",10,263000,FALSE,2025,60,1,9
"DC03641",26,"H",5,333000,TRUE,2024,28,2,3
"DC03642",44,"H",26,277000,FALSE,2023,47,3,23
"DC03643",50,"H",20,231000,FALSE,2022,54,4,16
"DC03645",41,"F",29,256000,TRUE,2025,42,1,28
"DC03646",42,"F",10,68000,FALSE,2019,49,7,3
"DC03647",25,"H",10,494000,FALSE,2025,26,1,9
"DC03648",41,"F",15,454000,FALSE,2019,48,7,8
"DC03649",26,"H",15,192000,TRUE,2019,33,7,8
"DC03650",47,"H",20,245000,TRUE,2025,48,1,19
"DC03651",22,"H",25,118000,FALSE,2023,25,3,22
"DC03652",26,"F",20,344000,FALSE,2020,32,6,14
"DC03653",27,"H",10,108000,FALSE,2022,31,4,6
"DC03654",35,"H",15,51000,FALSE,2024,37,2,13
"DC03655",31,"H",15,108000,TRUE,2019,38,7,8
"DC03656",24,"H",10,240000,FALSE,2020,30,6,4
"DC03657",26,"H",10,255000,FALSE,2022,30,4,6
"DC03658",35,"F",30,72000,FALSE,2021,40,5,25
"DC03659",38,"H",10,376000,FALSE,2022,42,4,6
"DC03660",35,"F",20,161000,FALSE,2023,38,3,17
"DC03661",25,"F",10,135000,FALSE,2025,26,1,9
"DC03662",58,"F",12,367000,FALSE,2022,62,4,8
"DC03663",54,"F",10,748000,FALSE,2023,57,3,7
"DC03664",45,"H",25,228000,FALSE,2022,49,4,21
"DC03665",41,"F",20,47000,FALSE,2019,48,7,13
"DC03666",47,"H",10,256000,FALSE,2024,49,2,8
"DC03667",36,"F",10,97000,TRUE,2018,44,8,2
"DC03668",28,"F",10,173000,FALSE,2022,32,4,6
"DC03669",28,"H",15,67000,FALSE,2020,34,6,9
"DC03670",55,"H",15,229000,FALSE,2020,61,6,9
"DC03671",32,"H",25,302000,FALSE,2023,35,3,22
"DC03672",57,"F",10,177000,TRUE,2024,59,2,8
"DC03673",22,"H",10,537000,FALSE,2024,24,2,8
"DC03674",35,"H",20,44000,FALSE,2024,37,2,18
"DC03675",49,"H",20,169000,FALSE,2022,53,4,16
"DC03676",50,"H",20,114000,FALSE,2025,51,1,19
"DC03677",56,"H",10,646000,TRUE,2019,63,7,3
"DC03678",22,"H",30,144000,FALSE,2022,26,4,26
"DC03679",29,"H",15,193000,FALSE,2024,31,2,13
"DC03680",22,"F",15,130000,FALSE,2025,23,1,14
"DC03681",31,"H",20,49000,FALSE,2023,34,3,17
"DC03682",57,"H",5,221000,TRUE,2024,59,2,3
"DC03684",31,"H",15,108000,TRUE,2021,36,5,10
"DC03685",31,"H",20,625000,FALSE,2023,34,3,17
"DC03686",37,"H",15,85000,FALSE,2019,44,7,8
"DC03687",60,"F",10,192000,TRUE,2025,61,1,9
"DC03688",53,"H",5,137000,TRUE,2024,55,2,3
"DC03689",36,"H",5,156000,FALSE,2022,40,4,1
"DC03690",33,"H",15,547000,TRUE,2025,34,1,14
"DC03691",53,"F",10,131000,FALSE,2023,56,3,7
"DC03692",54,"H",16,136000,FALSE,2024,56,2,14
"DC03694",26,"H",10,350000,FALSE,2025,27,1,9
"DC03695",35,"H",10,184000,FALSE,2022,39,4,6
"DC03696",52,"H",10,195000,FALSE,2022,56,4,6
"DC03697",29,"F",10,245000,FALSE,2022,33,4,6
"DC03698",30,"F",15,260000,FALSE,2023,33,3,12
"DC03699",26,"H",15,395000,FALSE,2021,31,5,10
"DC03700",30,"H",20,112000,FALSE,2021,35,5,15
"DC03701",58,"F",10,157000,FALSE,2024,60,2,8
"DC03702",60,"F",10,55000,FALSE,2024,62,2,8
"DC03703",52,"H",10,372000,TRUE,2024,54,2,8
"DC03704",60,"F",10,214000,TRUE,2024,62,2,8
"DC03705",49,"F",10,23000,FALSE,2021,54,5,5
"DC03706",47,"F",15,258000,FALSE,2021,52,5,10
"DC03707",44,"F",10,289000,FALSE,2025,45,1,9
"DC03708",22,"H",30,214000,FALSE,2020,28,6,24
"DC03709",32,"F",20,313000,FALSE,2019,39,7,13
"DC03710",27,"H",15,181000,TRUE,2021,32,5,10
"DC03711",53,"H",15,126000,FALSE,2023,56,3,12
"DC03712",54,"H",10,102000,FALSE,2025,55,1,9
"DC03713",50,"H",20,47000,FALSE,2025,51,1,19
"DC03714",49,"H",10,175000,TRUE,2023,52,3,7
"DC03715",32,"H",30,81000,TRUE,2022,36,4,26
"DC03716",41,"F",20,123000,FALSE,2024,43,2,18
"DC03717",21,"F",15,70000,FALSE,2021,26,5,10
"DC03718",35,"F",5,553000,FALSE,2025,36,1,4
"DC03719",58,"F",12,63000,FALSE,2023,61,3,9
"DC03720",48,"H",10,508000,TRUE,2018,56,8,2
"DC03721",25,"F",10,162000,FALSE,2021,30,5,5
"DC03722",22,"F",10,285000,FALSE,2020,28,6,4
"DC03723",20,"H",10,97000,TRUE,2022,24,4,6
"DC03724",57,"H",13,143000,TRUE,2022,61,4,9
"DC03725",28,"H",10,101000,FALSE,2023,31,3,7
"DC03726",55,"H",15,41000,FALSE,2021,60,5,10
"DC03727",35,"H",15,327000,FALSE,2022,39,4,11
"DC03728",47,"H",20,561000,FALSE,2023,50,3,17
"DC03729",29,"F",15,70000,FALSE,2020,35,6,9
"DC03730",58,"H",10,183000,TRUE,2022,62,4,6
"DC03731",32,"F",25,90000,FALSE,2020,38,6,19
"DC03732",25,"H",15,121000,FALSE,2021,30,5,10
"DC03733",46,"H",15,115000,TRUE,2020,52,6,9
"DC03734",21,"H",10,189000,FALSE,2021,26,5,5
"DC03735",56,"F",14,158000,FALSE,2024,58,2,12
"DC03736",24,"F",5,168000,FALSE,2023,27,3,2
"DC03737",32,"F",20,134000,FALSE,2022,36,4,16
"DC03738",54,"H",16,218000,TRUE,2022,58,4,12
"DC03740",41,"F",20,183000,FALSE,2022,45,4,16
"DC03741",37,"F",25,747000,FALSE,2021,42,5,20
"DC03742",23,"H",5,135000,TRUE,2023,26,3,2
"DC03743",23,"H",10,116000,FALSE,2022,27,4,6
"DC03744",60,"H",10,136000,TRUE,2025,61,1,9
"DC03745",30,"F",20,73000,FALSE,2020,36,6,14
"DC03746",39,"F",15,391000,FALSE,2023,42,3,12
"DC03747",34,"F",15,149000,FALSE,2018,42,8,7
"DC03748",32,"F",25,205000,FALSE,2024,34,2,23
"DC03749",30,"H",15,146000,FALSE,2023,33,3,12
"DC03750",43,"H",10,117000,FALSE,2022,47,4,6
"DC03751",28,"H",10,108000,TRUE,2024,30,2,8
"DC03752",21,"H",20,102000,FALSE,2023,24,3,17
"DC03753",36,"F",15,613000,FALSE,2023,39,3,12
"DC03754",50,"F",10,74000,FALSE,2021,55,5,5
"DC03755",35,"F",10,284000,FALSE,2022,39,4,6
"DC03756",40,"H",25,136000,FALSE,2022,44,4,21
"DC03757",36,"F",10,54000,FALSE,2024,38,2,8
"DC03758",50,"F",10,218000,FALSE,2020,56,6,4
"DC03759",30,"H",15,151000,FALSE,2020,36,6,9
"DC03760",29,"H",15,78000,FALSE,2023,32,3,12
"DC03761",57,"H",13,152000,FALSE,2019,64,7,6
"DC03762",45,"H",20,198000,FALSE,2023,48,3,17
"DC03764",48,"F",20,64000,FALSE,2024,50,2,18
"DC03765",60,"H",10,163000,FALSE,2023,63,3,7
"DC03766",37,"F",10,98000,FALSE,2022,41,4,6
"DC03767",42,"H",5,92000,FALSE,2022,46,4,1
"DC03768",58,"F",5,147000,FALSE,2022,62,4,1
"DC03769",43,"F",20,331000,TRUE,2023,46,3,17
"DC03770",38,"F",15,86000,FALSE,2025,39,1,14
"DC03771",25,"F",10,124000,FALSE,2022,29,4,6
"DC03772",34,"F",15,212000,FALSE,2025,35,1,14
"DC03773",32,"H",15,73000,FALSE,2025,33,1,14
"DC03774",44,"F",20,91000,TRUE,2020,50,6,14
"DC03775",43,"F",15,228000,FALSE,2023,46,3,12
"DC03776",34,"H",30,90000,FALSE,2020,40,6,24
"DC03777",30,"F",15,186000,TRUE,2020,36,6,9
"DC03778",48,"F",10,92000,FALSE,2019,55,7,3
"DC03779",28,"H",10,297000,FALSE,2021,33,5,5
"DC03780",46,"F",20,216000,TRUE,2024,48,2,18
"DC03781",59,"F",10,308000,FALSE,2024,61,2,8
"DC03782",21,"H",20,134000,TRUE,2023,24,3,17
"DC03783",30,"H",30,334000,FALSE,2022,34,4,26
"DC03784",45,"F",25,135000,FALSE,2025,46,1,24
"DC03785",30,"H",10,242000,FALSE,2022,34,4,6
"DC03786",37,"H",15,151000,FALSE,2022,41,4,11
"DC03787",45,"F",10,342000,FALSE,2022,49,4,6
"DC03788",47,"H",10,376000,FALSE,2023,50,3,7
"DC03789",52,"F",15,113000,FALSE,2022,56,4,11
"DC03790",27,"F",25,77000,FALSE,2022,31,4,21
"DC03792",37,"H",10,90000,FALSE,2023,40,3,7
"DC03793",40,"F",10,47000,FALSE,2024,42,2,8
"DC03794",22,"H",25,397000,FALSE,2023,25,3,22
"DC03795",60,"F",10,111000,FALSE,2018,68,8,2
"DC03796",38,"F",10,66000,FALSE,2022,42,4,6
"DC03797",32,"F",25,48000,FALSE,2022,36,4,21
"DC03798",59,"H",10,210000,FALSE,2022,63,4,6
"DC03799",48,"H",20,67000,FALSE,2023,51,3,17
"DC03800",44,"F",20,172000,FALSE,2021,49,5,15
"DC03801",47,"H",15,74000,TRUE,2023,50,3,12
"DC03802",22,"H",10,98000,FALSE,2022,26,4,6
"DC03803",22,"F",20,173000,TRUE,2025,23,1,19
"DC03804",28,"H",25,525000,TRUE,2020,34,6,19
"DC03805",36,"H",15,146000,TRUE,2021,41,5,10
"DC03806",43,"H",10,190000,TRUE,2023,46,3,7
"DC03807",24,"F",10,107000,FALSE,2024,26,2,8
"DC03808",30,"H",5,25000,FALSE,2025,31,1,4
"DC03809",33,"H",20,250000,FALSE,2021,38,5,15
"DC03810",31,"H",15,290000,FALSE,2021,36,5,10
"DC03811",39,"H",10,290000,FALSE,2024,41,2,8
"DC03812",40,"H",20,92000,TRUE,2022,44,4,16
"DC03813",34,"H",30,70000,FALSE,2022,38,4,26
"DC03814",45,"F",5,200000,FALSE,2022,49,4,1
"DC03815",46,"H",10,39000,FALSE,2020,52,6,4
"DC03816",48,"F",10,41000,FALSE,2024,50,2,8
"DC03817",49,"F",21,95000,FALSE,2019,56,7,14
"DC03818",60,"F",5,153000,TRUE,2022,64,4,1
"DC03819",44,"H",20,45000,FALSE,2021,49,5,15
"DC03820",44,"F",10,105000,TRUE,2022,48,4,6
"DC03821",22,"F",20,76000,FALSE,2020,28,6,14
"DC03822",26,"F",10,144000,FALSE,2022,30,4,6
"DC03823",50,"F",15,42000,TRUE,2022,54,4,11
"DC03824",33,"H",20,357000,TRUE,2022,37,4,16
"DC03825",58,"H",10,115000,FALSE,2019,65,7,3
"DC03826",42,"F",20,264000,FALSE,2025,43,1,19
"DC03827",32,"H",15,145000,FALSE,2020,38,6,9
"DC03828",56,"F",10,31000,FALSE,2020,62,6,4
"DC03829",44,"H",15,111000,TRUE,2018,52,8,7
"DC03830",28,"H",10,409000,TRUE,2023,31,3,7
"DC03831",30,"H",30,258000,FALSE,2021,35,5,25
"DC03832",32,"F",15,167000,FALSE,2018,40,8,7
"DC03833",24,"H",20,244000,TRUE,2018,32,8,12
"DC03834",31,"H",15,26000,FALSE,2023,34,3,12
"DC03835",43,"H",15,145000,FALSE,2021,48,5,10
"DC03836",57,"H",13,573000,TRUE,2021,62,5,8
"DC03837",33,"H",15,95000,FALSE,2024,35,2,13
"DC03838",43,"H",20,240000,FALSE,2021,48,5,15
"DC03839",36,"F",30,91000,FALSE,2024,38,2,28
"DC03840",24,"H",25,280000,FALSE,2024,26,2,23
"DC03841",55,"H",10,118000,FALSE,2023,58,3,7
"DC03842",55,"H",15,144000,TRUE,2025,56,1,14
"DC03843",48,"H",15,97000,FALSE,2024,50,2,13
"DC03845",54,"H",16,339000,TRUE,2025,55,1,15
"DC03846",32,"F",20,288000,FALSE,2023,35,3,17
"DC03847",35,"H",20,37000,FALSE,2021,40,5,15
"DC03848",50,"H",20,139000,FALSE,2020,56,6,14
"DC03849",47,"H",23,52000,FALSE,2023,50,3,20
"DC03850",50,"H",10,208000,FALSE,2021,55,5,5
"DC03851",30,"H",10,213000,FALSE,2021,35,5,5
"DC03852",39,"H",5,226000,FALSE,2023,42,3,2
"DC03853",34,"H",10,151000,FALSE,2018,42,8,2
"DC03854",60,"H",5,298000,TRUE,2022,64,4,1
"DC03855",33,"H",10,16000,TRUE,2022,37,4,6
"DC03856",23,"F",10,120000,TRUE,2021,28,5,5
"DC03857",20,"H",10,119000,FALSE,2023,23,3,7
"DC03858",44,"H",10,275000,FALSE,2022,48,4,6
"DC03859",56,"H",10,196000,FALSE,2020,62,6,4
"DC03860",41,"H",10,396000,FALSE,2023,44,3,7
"DC03861",43,"F",20,75000,FALSE,2022,47,4,16
"DC03862",52,"F",18,67000,FALSE,2021,57,5,13
"DC03863",37,"H",20,111000,FALSE,2018,45,8,12
"DC03864",42,"H",15,249000,FALSE,2019,49,7,8
"DC03865",54,"H",10,322000,FALSE,2022,58,4,6
"DC03866",52,"H",18,244000,FALSE,2025,53,1,17
"DC03867",55,"H",15,145000,TRUE,2022,59,4,11
"DC03868",31,"F",10,97000,TRUE,2024,33,2,8
"DC03869",34,"F",25,360000,FALSE,2020,40,6,19
"DC03870",40,"F",20,179000,FALSE,2024,42,2,18
"DC03871",54,"F",10,198000,FALSE,2019,61,7,3
"DC03872",41,"H",29,173000,TRUE,2021,46,5,24
"DC03873",56,"H",14,126000,TRUE,2022,60,4,10
"DC03874",52,"H",10,169000,FALSE,2019,59,7,3
"DC03875",46,"F",10,591000,FALSE,2024,48,2,8
"DC03876",59,"F",11,67000,FALSE,2022,63,4,7
"DC03877",58,"F",12,100000,FALSE,2022,62,4,8
"DC03878",40,"F",5,83000,FALSE,2022,44,4,1
"DC03879",29,"H",30,233000,FALSE,2025,30,1,29
"DC03880",33,"F",10,68000,FALSE,2024,35,2,8
"DC03882",20,"F",20,289000,TRUE,2019,27,7,13
"DC03883",29,"H",15,178000,FALSE,2020,35,6,9
"DC03884",45,"H",20,147000,FALSE,2024,47,2,18
"DC03885",21,"H",10,496000,FALSE,2022,25,4,6
"DC03886",35,"F",15,38000,FALSE,2023,38,3,12
"DC03887",32,"H",5,141000,FALSE,2024,34,2,3
"DC03888",32,"F",25,74000,FALSE,2020,38,6,19
"DC03889",20,"H",10,282000,TRUE,2024,22,2,8
"DC03890",36,"H",20,135000,FALSE,2025,37,1,19
"DC03891",49,"F",21,199000,FALSE,2024,51,2,19
"DC03892",50,"H",15,134000,FALSE,2023,53,3,12
"DC03893",42,"H",25,282000,FALSE,2021,47,5,20
"DC03894",30,"H",15,150000,TRUE,2022,34,4,11
"DC03895",36,"F",20,33000,FALSE,2024,38,2,18
"DC03896",45,"H",10,124000,FALSE,2025,46,1,9
"DC03897",44,"H",25,47000,FALSE,2022,48,4,21
"DC03898",48,"H",20,73000,FALSE,2020,54,6,14
"DC03899",27,"H",10,84000,FALSE,2020,33,6,4
"DC03900",52,"H",15,117000,TRUE,2024,54,2,13
"DC03901",54,"F",16,158000,TRUE,2023,57,3,13
"DC03902",20,"H",15,129000,FALSE,2021,25,5,10
"DC03903",28,"H",25,67000,FALSE,2021,33,5,20
"DC03904",52,"F",18,363000,FALSE,2018,60,8,10
"DC03905",21,"F",25,107000,FALSE,2023,24,3,22
"DC03906",43,"H",15,159000,TRUE,2025,44,1,14
"DC03907",55,"H",15,148000,FALSE,2023,58,3,12
"DC03908",36,"F",10,215000,TRUE,2025,37,1,9
"DC03909",41,"H",10,45000,FALSE,2023,44,3,7
"DC03910",33,"F",5,348000,FALSE,2022,37,4,1
"DC03911",35,"F",15,108000,FALSE,2025,36,1,14
"DC03912",34,"H",10,201000,TRUE,2023,37,3,7
"DC03913",31,"H",15,97000,FALSE,2020,37,6,9
"DC03914",25,"F",10,206000,FALSE,2025,26,1,9
"DC03915",52,"H",18,170000,FALSE,2022,56,4,14
"DC03916",57,"H",13,134000,FALSE,2024,59,2,11
"DC03917",38,"H",10,141000,FALSE,2018,46,8,2
"DC03918",50,"F",10,88000,FALSE,2021,55,5,5
"DC03919",24,"H",15,89000,FALSE,2025,25,1,14
"DC03920",52,"F",18,164000,FALSE,2024,54,2,16
"DC03921",29,"F",20,159000,FALSE,2020,35,6,14
"DC03922",35,"H",20,111000,TRUE,2025,36,1,19
"DC03923",39,"H",10,118000,FALSE,2023,42,3,7
"DC03924",28,"H",15,53000,TRUE,2024,30,2,13
"DC03925",57,"F",10,137000,FALSE,2024,59,2,8
"DC03926",57,"F",13,528000,FALSE,2022,61,4,9
"DC03927",32,"H",25,489000,TRUE,2019,39,7,18
"DC03928",56,"F",14,618000,FALSE,2021,61,5,9
"DC03929",30,"F",20,243000,FALSE,2018,38,8,12
"DC03930",37,"F",10,528000,FALSE,2021,42,5,5
"DC03931",34,"H",25,132000,FALSE,2021,39,5,20
"DC03932",47,"F",10,173000,FALSE,2019,54,7,3
"DC03933",39,"F",15,98000,FALSE,2024,41,2,13
"DC03934",34,"F",10,262000,FALSE,2022,38,4,6
"DC03935",58,"H",5,66000,FALSE,2022,62,4,1
"DC03936",21,"H",15,439000,FALSE,2020,27,6,9
"DC03937",44,"F",20,233000,FALSE,2018,52,8,12
"DC03938",44,"H",20,178000,FALSE,2022,48,4,16
"DC03939",52,"F",18,288000,FALSE,2019,59,7,11
"DC03940",27,"H",20,80000,TRUE,2023,30,3,17
"DC03941",51,"F",15,192000,FALSE,2023,54,3,12
"DC03942",52,"H",15,72000,TRUE,2019,59,7,8
"DC03943",36,"F",10,125000,FALSE,2021,41,5,5
"DC03945",25,"H",10,219000,FALSE,2023,28,3,7
"DC03946",41,"H",10,232000,FALSE,2020,47,6,4
"DC03947",23,"F",5,272000,FALSE,2023,26,3,2
"DC03948",38,"H",25,57000,FALSE,2025,39,1,24
"DC03949",20,"H",15,160000,TRUE,2019,27,7,8
"DC03950",24,"H",10,250000,TRUE,2018,32,8,2
"DC03951",24,"H",10,560000,TRUE,2020,30,6,4
"DC03952",49,"H",20,54000,FALSE,2019,56,7,13
"DC03953",48,"F",5,303000,FALSE,2022,52,4,1
"DC03954",44,"H",10,36000,TRUE,2024,46,2,8
"DC03955",60,"F",10,64000,FALSE,2018,68,8,2
"DC03956",44,"F",26,755000,FALSE,2024,46,2,24
"DC03957",50,"F",10,319000,FALSE,2024,52,2,8
"DC03958",45,"H",10,119000,FALSE,2025,46,1,9
"DC03959",59,"F",10,95000,FALSE,2025,60,1,9
"DC03960",59,"H",5,252000,TRUE,2024,61,2,3
"DC03961",33,"H",10,220000,FALSE,2023,36,3,7
"DC03962",42,"H",15,270000,TRUE,2021,47,5,10
"DC03963",60,"H",10,440000,FALSE,2019,67,7,3
"DC03964",51,"H",19,323000,FALSE,2024,53,2,17
"DC03965",53,"H",17,69000,TRUE,2021,58,5,12
"DC03966",35,"F",20,182000,FALSE,2024,37,2,18
"DC03967",36,"F",15,146000,FALSE,2021,41,5,10
"DC03969",41,"F",20,327000,FALSE,2022,45,4,16
"DC03970",59,"H",10,97000,FALSE,2021,64,5,5
"DC03971",21,"F",15,136000,FALSE,2022,25,4,11
"DC03973",24,"H",10,281000,FALSE,2025,25,1,9
"DC03974",43,"F",20,128000,FALSE,2023,46,3,17
"DC03975",50,"H",5,61000,TRUE,2022,54,4,1
"DC03976",51,"H",10,475000,TRUE,2022,55,4,6
"DC03978",56,"F",10,157000,FALSE,2020,62,6,4
"DC03979",44,"H",10,148000,FALSE,2025,45,1,9
"DC03980",59,"F",11,163000,FALSE,2023,62,3,8
"DC03981",43,"H",25,79000,TRUE,2018,51,8,17
"DC03982",37,"F",20,172000,FALSE,2024,39,2,18
"DC03983",40,"H",15,73000,TRUE,2025,41,1,14
"DC03984",25,"H",15,119000,FALSE,2022,29,4,11
"DC03985",38,"H",10,295000,TRUE,2025,39,1,9
"DC03986",43,"H",10,98000,TRUE,2021,48,5,5
"DC03987",31,"H",30,104000,FALSE,2022,35,4,26
"DC03988",36,"F",10,406000,TRUE,2024,38,2,8
"DC03989",23,"H",15,58000,FALSE,2018,31,8,7
"DC03990",26,"H",10,122000,FALSE,2023,29,3,7
"DC03991",27,"H",10,149000,FALSE,2025,28,1,9
"DC03992",52,"H",15,297000,FALSE,2020,58,6,9
"DC03993",41,"H",15,77000,FALSE,2020,47,6,9
"DC03994",38,"F",15,254000,FALSE,2023,41,3,12
"DC03995",56,"F",14,96000,FALSE,2019,63,7,7
"DC03996",24,"F",20,138000,FALSE,2024,26,2,18
"DC03997",53,"F",17,92000,FALSE,2022,57,4,13
"DC03998",23,"F",10,167000,FALSE,2024,25,2,8
"DC03999",29,"H",20,307000,FALSE,2020,35,6,14
"DC04000",40,"H",10,64000,FALSE,2019,47,7,3
"DC04001",42,"H",15,227000,TRUE,2020,48,6,9
"DC04002",30,"H",20,513000,FALSE,2022,34,4,16
"DC04003",38,"F",10,243000,TRUE,2022,42,4,6
"DC04004",32,"F",5,52000,FALSE,2024,34,2,3
"DC04005",56,"F",14,117000,FALSE,2022,60,4,10
"DC04006",59,"F",11,180000,TRUE,2019,66,7,4
"DC04007",22,"H",10,22000,FALSE,2022,26,4,6
"DC04008",38,"F",20,118000,FALSE,2024,40,2,18
"DC04009",40,"F",5,308000,FALSE,2023,43,3,2
"DC04010",24,"F",20,161000,FALSE,2020,30,6,14
"DC04011",45,"H",15,101000,FALSE,2022,49,4,11
"DC04012",24,"H",10,198000,FALSE,2024,26,2,8
"DC04013",24,"H",10,196000,TRUE,2023,27,3,7
"DC04014",21,"H",10,84000,FALSE,2022,25,4,6
"DC04016",28,"F",25,251000,TRUE,2022,32,4,21
"DC04017",33,"F",15,534000,FALSE,2024,35,2,13
"DC04018",29,"H",10,107000,FALSE,2025,30,1,9
"DC04019",31,"F",15,37000,FALSE,2022,35,4,11
"DC04020",28,"F",10,320000,FALSE,2021,33,5,5
"DC04021",60,"H",10,158000,FALSE,2018,68,8,2
"DC04022",30,"H",10,178000,TRUE,2022,34,4,6
"DC04023",48,"H",15,102000,FALSE,2022,52,4,11
"DC04024",25,"H",25,141000,FALSE,2022,29,4,21
"DC04025",25,"H",20,495000,FALSE,2023,28,3,17
"DC04026",30,"H",15,596000,FALSE,2025,31,1,14
"DC04027",45,"H",20,340000,FALSE,2022,49,4,16
"DC04028",60,"H",10,1500000,FALSE,2024,62,2,8
"DC04029",39,"F",25,911000,FALSE,2023,42,3,22
"DC04030",38,"H",15,217000,FALSE,2024,40,2,13
"DC04031",21,"F",15,105000,FALSE,2023,24,3,12
"DC04032",49,"H",15,121000,TRUE,2023,52,3,12
"DC04033",47,"F",10,63000,FALSE,2019,54,7,3
"DC04034",30,"H",15,245000,FALSE,2022,34,4,11
"DC04035",29,"F",10,244000,FALSE,2023,32,3,7
"DC04036",57,"H",13,144000,FALSE,2019,64,7,6
"DC04037",25,"F",10,221000,FALSE,2025,26,1,9
"DC04038",25,"H",20,124000,FALSE,2022,29,4,16
"DC04039",55,"H",10,61000,FALSE,2021,60,5,5
"DC04040",29,"F",15,157000,FALSE,2022,33,4,11
"DC04041",22,"H",25,45000,FALSE,2023,25,3,22
"DC04042",27,"H",20,101000,FALSE,2023,30,3,17
"DC04043",34,"F",15,127000,FALSE,2023,37,3,12
"DC04044",22,"F",20,60000,FALSE,2023,25,3,17
"DC04045",20,"H",15,238000,FALSE,2023,23,3,12
"DC04046",22,"H",10,213000,FALSE,2021,27,5,5
"DC04047",55,"F",15,103000,TRUE,2022,59,4,11
"DC04048",35,"H",10,497000,FALSE,2022,39,4,6
"DC04049",52,"H",18,95000,FALSE,2023,55,3,15
"DC04050",23,"H",10,107000,TRUE,2024,25,2,8
"DC04051",43,"H",15,129000,TRUE,2019,50,7,8
"DC04052",51,"H",10,158000,FALSE,2024,53,2,8
"DC04053",24,"H",15,95000,FALSE,2023,27,3,12
"DC04054",46,"F",10,215000,TRUE,2018,54,8,2
"DC04055",33,"H",5,39000,TRUE,2023,36,3,2
"DC04056",33,"H",5,109000,FALSE,2022,37,4,1
"DC04057",41,"H",25,71000,FALSE,2019,48,7,18
"DC04058",53,"H",10,137000,FALSE,2025,54,1,9
"DC04060",48,"H",22,162000,TRUE,2018,56,8,14
"DC04061",27,"F",10,201000,FALSE,2025,28,1,9
"DC04062",50,"H",20,407000,TRUE,2021,55,5,15
"DC04063",44,"H",20,126000,FALSE,2023,47,3,17
"DC04064",40,"H",10,45000,FALSE,2021,45,5,5
"DC04065",52,"H",15,91000,FALSE,2019,59,7,8
"DC04066",56,"H",10,330000,FALSE,2020,62,6,4
"DC04067",47,"F",15,79000,FALSE,2020,53,6,9
"DC04068",37,"H",20,284000,TRUE,2025,38,1,19
"DC04069",34,"H",20,117000,FALSE,2024,36,2,18
"DC04070",30,"H",20,300000,TRUE,2023,33,3,17
"DC04071",57,"H",13,183000,FALSE,2021,62,5,8
"DC04072",30,"H",15,132000,FALSE,2025,31,1,14
"DC04073",50,"F",10,144000,TRUE,2019,57,7,3
"DC04075",29,"H",10,65000,FALSE,2022,33,4,6
"DC04076",50,"F",5,106000,FALSE,2023,53,3,2
"DC04077",48,"H",15,51000,TRUE,2019,55,7,8
"DC04078",44,"H",15,151000,FALSE,2024,46,2,13
"DC04079",54,"F",15,198000,FALSE,2024,56,2,13
"DC04080",23,"H",15,76000,FALSE,2021,28,5,10
"DC04082",55,"H",15,339000,FALSE,2022,59,4,11
"DC04083",44,"H",15,105000,FALSE,2024,46,2,13
"DC04084",31,"H",25,133000,FALSE,2023,34,3,22
"DC04085",34,"F",15,336000,FALSE,2022,38,4,11
"DC04086",39,"H",10,63000,TRUE,2021,44,5,5
"DC04087",51,"H",19,39000,TRUE,2022,55,4,15
"DC04088",40,"H",20,614000,FALSE,2023,43,3,17
"DC04090",39,"F",10,88000,FALSE,2025,40,1,9
"DC04091",48,"F",10,20000,FALSE,2023,51,3,7
"DC04092",51,"F",15,147000,FALSE,2025,52,1,14
"DC04093",53,"H",10,636000,FALSE,2022,57,4,6
"DC04094",39,"F",10,174000,FALSE,2023,42,3,7
"DC04095",53,"H",17,211000,TRUE,2022,57,4,13
"DC04096",30,"H",10,343000,FALSE,2022,34,4,6
"DC04097",33,"F",30,80000,FALSE,2021,38,5,25
"DC04098",22,"H",10,410000,FALSE,2021,27,5,5
"DC04099",37,"H",15,166000,FALSE,2023,40,3,12
"DC04100",39,"H",30,199000,FALSE,2018,47,8,22
"DC04101",58,"F",10,340000,TRUE,2022,62,4,6
"DC04102",49,"H",10,140000,FALSE,2021,54,5,5
"DC04103",56,"F",10,205000,FALSE,2024,58,2,8
"DC04104",48,"H",15,186000,FALSE,2020,54,6,9
"DC04105",31,"F",10,43000,FALSE,2023,34,3,7
"DC04106",35,"H",10,139000,FALSE,2022,39,4,6
"DC04107",25,"H",15,541000,TRUE,2025,26,1,14
"DC04108",38,"H",5,307000,FALSE,2022,42,4,1
"DC04109",54,"F",5,150000,FALSE,2024,56,2,3
"DC04110",30,"F",25,740000,FALSE,2021,35,5,20
"DC04111",41,"F",20,164000,FALSE,2023,44,3,17
"DC04112",49,"F",20,136000,FALSE,2022,53,4,16
"DC04115",26,"H",25,88000,FALSE,2019,33,7,18
"DC04116",56,"F",10,55000,FALSE,2018,64,8,2
"DC04117",34,"H",20,400000,FALSE,2022,38,4,16
"DC04118",24,"H",25,160000,FALSE,2024,26,2,23
"DC04119",59,"F",11,251000,FALSE,2024,61,2,9
"DC04120",25,"F",25,205000,FALSE,2019,32,7,18
"DC04121",36,"F",10,182000,FALSE,2021,41,5,5
"DC04122",28,"H",20,261000,TRUE,2022,32,4,16
"DC04123",34,"F",20,134000,TRUE,2018,42,8,12
"DC04125",40,"H",15,160000,TRUE,2024,42,2,13
"DC04126",56,"F",10,274000,FALSE,2020,62,6,4
"DC04127",30,"H",10,156000,FALSE,2022,34,4,6
"DC04129",37,"H",15,140000,FALSE,2023,40,3,12
"DC04130",47,"H",10,104000,TRUE,2019,54,7,3
"DC04131",27,"F",20,226000,FALSE,2025,28,1,19
"DC04132",46,"H",15,243000,FALSE,2024,48,2,13
"DC04133",21,"F",30,271000,FALSE,2021,26,5,25
"DC04134",46,"F",15,241000,FALSE,2023,49,3,12
"DC04135",56,"F",14,55000,FALSE,2023,59,3,11
"DC04136",29,"H",15,703000,TRUE,2025,30,1,14
"DC04137",42,"F",10,361000,FALSE,2022,46,4,6
"DC04138",45,"H",15,245000,TRUE,2021,50,5,10
"DC04139",43,"H",20,42000,FALSE,2023,46,3,17
"DC04140",29,"F",15,87000,FALSE,2021,34,5,10
"DC04141",52,"F",10,127000,FALSE,2025,53,1,9
"DC04142",35,"H",10,68000,FALSE,2023,38,3,7
"DC04143",32,"F",20,63000,FALSE,2022,36,4,16
"DC04144",46,"F",10,91000,FALSE,2022,50,4,6
"DC04145",28,"H",10,179000,TRUE,2023,31,3,7
"DC04146",31,"H",10,289000,FALSE,2023,34,3,7
"DC04147",52,"F",10,187000,FALSE,2025,53,1,9
"DC04148",23,"F",10,481000,FALSE,2022,27,4,6
"DC04149",25,"F",20,163000,FALSE,2024,27,2,18
"DC04150",45,"H",15,102000,TRUE,2018,53,8,7
"DC04152",34,"F",10,306000,FALSE,2024,36,2,8
"DC04153",56,"F",10,33000,FALSE,2021,61,5,5
"DC04154",36,"H",15,75000,FALSE,2023,39,3,12
"DC04155",59,"F",5,94000,FALSE,2022,63,4,1
"DC04156",35,"H",10,311000,FALSE,2022,39,4,6
"DC04157",27,"F",25,152000,FALSE,2022,31,4,21
"DC04158",60,"H",10,90000,FALSE,2021,65,5,5
"DC04159",46,"H",20,133000,FALSE,2023,49,3,17
"DC04160",41,"H",15,395000,TRUE,2023,44,3,12
"DC04161",57,"H",13,37000,FALSE,2021,62,5,8
"DC04162",42,"F",15,239000,FALSE,2020,48,6,9
"DC04163",54,"H",15,97000,TRUE,2025,55,1,14
"DC04164",34,"F",10,173000,TRUE,2023,37,3,7
"DC04165",53,"F",17,226000,FALSE,2024,55,2,15
"DC04166",35,"F",20,1194000,FALSE,2022,39,4,16
"DC04167",51,"F",5,104000,FALSE,2023,54,3,2
"DC04168",21,"H",20,62000,TRUE,2022,25,4,16
"DC04169",26,"F",20,53000,FALSE,2024,28,2,18
"DC04170",34,"H",10,238000,FALSE,2020,40,6,4
"DC04171",49,"H",10,59000,FALSE,2024,51,2,8
"DC04172",26,"F",10,142000,FALSE,2019,33,7,3
"DC04173",56,"H",14,114000,TRUE,2022,60,4,10
"DC04174",24,"F",5,286000,FALSE,2024,26,2,3
"DC04175",20,"F",25,982000,FALSE,2023,23,3,22
"DC04176",46,"F",24,49000,FALSE,2025,47,1,23
"DC04177",58,"H",12,40000,FALSE,2022,62,4,8
"DC04178",25,"H",10,135000,FALSE,2022,29,4,6
"DC04179",59,"F",10,214000,TRUE,2023,62,3,7
"DC04180",35,"H",5,271000,FALSE,2025,36,1,4
"DC04181",27,"F",10,97000,FALSE,2022,31,4,6
"DC04182",59,"F",5,167000,FALSE,2024,61,2,3
"DC04183",24,"F",20,250000,FALSE,2024,26,2,18
"DC04184",29,"H",20,65000,FALSE,2018,37,8,12
"DC04185",30,"F",10,81000,TRUE,2019,37,7,3
"DC04186",24,"H",25,125000,FALSE,2022,28,4,21
"DC04187",38,"H",25,139000,FALSE,2019,45,7,18
"DC04188",35,"H",15,585000,FALSE,2023,38,3,12
"DC04189",56,"F",14,136000,FALSE,2020,62,6,8
"DC04190",44,"H",10,64000,FALSE,2019,51,7,3
"DC04191",39,"H",20,70000,TRUE,2024,41,2,18
"DC04192",49,"H",15,259000,FALSE,2022,53,4,11
"DC04193",39,"F",10,312000,FALSE,2022,43,4,6
"DC04194",33,"F",20,209000,FALSE,2025,34,1,19
"DC04195",44,"F",25,150000,TRUE,2022,48,4,21
"DC04196",32,"H",10,39000,FALSE,2019,39,7,3
"DC04197",40,"F",15,160000,FALSE,2018,48,8,7
"DC04198",58,"F",12,99000,FALSE,2021,63,5,7
"DC04200",56,"F",10,124000,FALSE,2022,60,4,6
"DC04201",32,"H",10,155000,FALSE,2022,36,4,6
"DC04202",41,"H",10,172000,FALSE,2020,47,6,4
"DC04203",55,"F",15,213000,FALSE,2025,56,1,14
"DC04204",38,"F",20,118000,FALSE,2022,42,4,16
"DC04205",43,"H",20,205000,FALSE,2022,47,4,16
"DC04206",38,"H",20,159000,FALSE,2021,43,5,15
"DC04207",26,"F",10,74000,TRUE,2024,28,2,8
"DC04208",44,"H",25,227000,TRUE,2021,49,5,20
"DC04209",37,"H",20,120000,FALSE,2022,41,4,16
"DC04210",45,"F",10,254000,FALSE,2024,47,2,8
"DC04211",60,"H",10,224000,FALSE,2024,62,2,8
"DC04212",43,"H",20,156000,FALSE,2021,48,5,15
"DC04213",29,"F",10,110000,FALSE,2019,36,7,3
"DC04214",38,"F",25,162000,FALSE,2024,40,2,23
"DC04215",54,"F",16,52000,FALSE,2023,57,3,13
"DC04216",46,"H",20,102000,FALSE,2023,49,3,17
"DC04217",45,"F",15,194000,FALSE,2019,52,7,8
"DC04218",45,"F",15,226000,FALSE,2023,48,3,12
"DC04219",46,"F",15,217000,TRUE,2024,48,2,13
"DC04220",24,"H",20,169000,FALSE,2022,28,4,16
"DC04221",40,"F",10,129000,FALSE,2022,44,4,6
"DC04222",57,"H",10,52000,TRUE,2022,61,4,6
"DC04223",55,"F",10,195000,FALSE,2020,61,6,4
"DC04224",58,"H",12,200000,FALSE,2020,64,6,6
"DC04225",34,"F",20,192000,FALSE,2021,39,5,15
"DC04226",55,"H",10,65000,FALSE,2020,61,6,4
"DC04227",39,"F",10,128000,FALSE,2023,42,3,7
"DC04228",21,"F",20,66000,FALSE,2020,27,6,14
"DC04229",60,"F",10,87000,FALSE,2020,66,6,4
"DC04230",40,"H",15,194000,FALSE,2024,42,2,13
"DC04231",29,"F",20,43000,FALSE,2021,34,5,15
"DC04232",51,"F",10,197000,FALSE,2019,58,7,3
"DC04233",53,"H",15,43000,TRUE,2025,54,1,14
"DC04234",22,"H",15,125000,FALSE,2022,26,4,11
"DC04235",44,"H",15,116000,FALSE,2022,48,4,11
"DC04236",49,"F",15,50000,TRUE,2023,52,3,12
"DC04237",40,"F",10,292000,FALSE,2023,43,3,7
"DC04238",25,"F",10,92000,FALSE,2020,31,6,4
"DC04239",36,"H",20,232000,TRUE,2022,40,4,16
"DC04240",59,"H",11,138000,FALSE,2020,65,6,5
"DC04241",46,"H",20,289000,TRUE,2023,49,3,17
"DC04242",45,"H",5,408000,FALSE,2022,49,4,1
"DC04243",21,"F",15,131000,FALSE,2019,28,7,8
"DC04244",54,"H",10,274000,FALSE,2021,59,5,5
"DC04245",42,"F",20,614000,FALSE,2018,50,8,12
"DC04246",33,"F",15,305000,FALSE,2025,34,1,14
"DC04247",36,"F",5,207000,FALSE,2023,39,3,2
"DC04249",58,"H",12,101000,FALSE,2024,60,2,10
"DC04250",47,"H",10,73000,TRUE,2023,50,3,7
"DC04251",51,"H",19,87000,FALSE,2020,57,6,13
"DC04252",32,"F",20,108000,FALSE,2024,34,2,18
"DC04253",42,"F",20,91000,FALSE,2021,47,5,15
"DC04254",33,"H",15,179000,TRUE,2020,39,6,9
"DC04255",25,"F",10,116000,FALSE,2022,29,4,6
"DC04256",45,"F",15,68000,FALSE,2023,48,3,12
"DC04257",60,"H",10,95000,TRUE,2024,62,2,8
"DC04258",51,"H",10,134000,FALSE,2022,55,4,6
"DC04259",50,"F",20,112000,FALSE,2020,56,6,14
"DC04260",42,"H",5,59000,FALSE,2024,44,2,3
"DC04261",34,"F",20,25000,FALSE,2025,35,1,19
"DC04262",40,"F",20,152000,FALSE,2025,41,1,19
"DC04263",32,"H",15,372000,FALSE,2023,35,3,12
"DC04264",30,"F",10,789000,FALSE,2019,37,7,3
"DC04265",52,"H",10,38000,FALSE,2018,60,8,2
"DC04266",52,"F",15,79000,TRUE,2021,57,5,10
"DC04267",38,"H",15,286000,FALSE,2023,41,3,12
"DC04268",46,"H",15,161000,TRUE,2020,52,6,9
"DC04269",25,"F",15,125000,FALSE,2019,32,7,8
"DC04270",50,"H",20,236000,FALSE,2020,56,6,14
"DC04271",32,"F",10,274000,FALSE,2022,36,4,6
"DC04272",56,"F",10,200000,TRUE,2018,64,8,2
"DC04274",28,"H",10,493000,TRUE,2018,36,8,2
"DC04275",53,"H",15,159000,FALSE,2022,57,4,11
"DC04276",57,"F",10,1500000,FALSE,2021,62,5,5
"DC04277",50,"F",20,155000,FALSE,2024,52,2,18
"DC04278",33,"F",25,264000,FALSE,2025,34,1,24
"DC04279",38,"F",15,210000,FALSE,2022,42,4,11
"DC04280",21,"H",30,111000,TRUE,2023,24,3,27
"DC04281",40,"H",25,400000,TRUE,2024,42,2,23
"DC04282",29,"F",20,205000,TRUE,2021,34,5,15
"DC04283",32,"F",10,78000,FALSE,2022,36,4,6
"DC04284",40,"F",20,84000,FALSE,2021,45,5,15
"DC04285",21,"F",10,58000,FALSE,2023,24,3,7
"DC04286",25,"F",10,63000,FALSE,2022,29,4,6
"DC04287",39,"F",15,168000,FALSE,2025,40,1,14
"DC04288",38,"H",10,69000,TRUE,2021,43,5,5
"DC04289",42,"H",25,265000,TRUE,2024,44,2,23
"DC04290",42,"F",25,123000,FALSE,2022,46,4,21
"DC04291",22,"H",10,222000,FALSE,2023,25,3,7
"DC04292",50,"H",20,90000,TRUE,2022,54,4,16
"DC04293",50,"H",20,38000,FALSE,2022,54,4,16
"DC04294",27,"F",25,195000,TRUE,2021,32,5,20
"DC04295",41,"H",20,157000,TRUE,2023,44,3,17
"DC04296",55,"H",10,325000,TRUE,2022,59,4,6
"DC04297",32,"F",20,108000,FALSE,2025,33,1,19
"DC04298",21,"H",5,76000,TRUE,2024,23,2,3
"DC04299",39,"H",10,64000,FALSE,2020,45,6,4
"DC04300",20,"H",25,270000,TRUE,2022,24,4,21
"DC04301",27,"H",20,79000,FALSE,2021,32,5,15
"DC04302",58,"H",12,120000,FALSE,2019,65,7,5
"DC04303",52,"H",10,132000,FALSE,2022,56,4,6
"DC04304",45,"H",10,63000,FALSE,2022,49,4,6
"DC04305",23,"H",15,23000,TRUE,2022,27,4,11
"DC04306",21,"H",15,115000,TRUE,2022,25,4,11
"DC04307",49,"F",15,176000,FALSE,2021,54,5,10
"DC04308",38,"H",25,106000,FALSE,2022,42,4,21
"DC04309",36,"H",5,197000,FALSE,2024,38,2,3
"DC04310",25,"F",25,153000,FALSE,2022,29,4,21
"DC04311",20,"H",15,210000,TRUE,2020,26,6,9
"DC04312",56,"H",5,50000,FALSE,2022,60,4,1
"DC04313",33,"H",10,124000,TRUE,2020,39,6,4
"DC04314",31,"H",10,210000,TRUE,2024,33,2,8
"DC04315",30,"H",15,166000,TRUE,2019,37,7,8
"DC04316",30,"H",20,375000,FALSE,2020,36,6,14
"DC04317",52,"F",18,239000,FALSE,2020,58,6,12
"DC04318",59,"H",11,231000,FALSE,2022,63,4,7
"DC04319",33,"H",5,262000,FALSE,2022,37,4,1
"DC04320",22,"H",10,171000,FALSE,2020,28,6,4
"DC04321",28,"H",20,105000,FALSE,2021,33,5,15
"DC04322",37,"F",20,283000,FALSE,2022,41,4,16
"DC04323",20,"H",25,182000,FALSE,2022,24,4,21
"DC04324",31,"H",25,497000,FALSE,2023,34,3,22
"DC04325",25,"H",5,184000,FALSE,2023,28,3,2
"DC04326",36,"H",10,65000,FALSE,2023,39,3,7
"DC04327",58,"F",10,226000,FALSE,2022,62,4,6
"DC04328",41,"H",15,33000,FALSE,2023,44,3,12
"DC04329",43,"H",25,101000,TRUE,2024,45,2,23
"DC04330",22,"F",10,211000,TRUE,2021,27,5,5
"DC04331",51,"H",5,139000,FALSE,2023,54,3,2
"DC04332",21,"F",15,700000,FALSE,2021,26,5,10
"DC04333",22,"H",15,164000,TRUE,2020,28,6,9
"DC04334",38,"F",15,195000,FALSE,2022,42,4,11
"DC04335",39,"H",25,109000,FALSE,2024,41,2,23
"DC04336",43,"H",10,85000,FALSE,2018,51,8,2
"DC04337",24,"F",10,267000,FALSE,2022,28,4,6
"DC04338",45,"F",15,203000,FALSE,2025,46,1,14
"DC04339",49,"H",15,155000,FALSE,2025,50,1,14
"DC04340",28,"F",10,111000,FALSE,2023,31,3,7
"DC04341",33,"H",30,220000,FALSE,2023,36,3,27
"DC04342",37,"F",15,277000,FALSE,2018,45,8,7
"DC04343",29,"H",20,151000,FALSE,2024,31,2,18
"DC04344",29,"H",20,142000,FALSE,2022,33,4,16
"DC04345",23,"H",20,187000,TRUE,2024,25,2,18
"DC04346",31,"H",20,126000,TRUE,2025,32,1,19
"DC04347",39,"F",10,73000,TRUE,2022,43,4,6
"DC04348",21,"H",10,369000,FALSE,2023,24,3,7
"DC04349",46,"F",10,209000,FALSE,2023,49,3,7
"DC04350",44,"H",20,224000,FALSE,2024,46,2,18
"DC04351",38,"H",10,93000,FALSE,2023,41,3,7
"DC04352",55,"F",10,147000,FALSE,2022,59,4,6
"DC04353",60,"H",10,129000,FALSE,2023,63,3,7
"DC04354",44,"H",15,86000,FALSE,2021,49,5,10
"DC04355",23,"F",30,90000,FALSE,2019,30,7,23
"DC04356",58,"F",12,45000,FALSE,2021,63,5,7
"DC04357",44,"H",15,146000,FALSE,2022,48,4,11
"DC04358",58,"H",12,101000,FALSE,2023,61,3,9
"DC04359",26,"F",10,51000,TRUE,2024,28,2,8
"DC04360",26,"H",20,188000,FALSE,2023,29,3,17
"DC04361",59,"H",11,45000,FALSE,2020,65,6,5
"DC04362",29,"F",25,111000,FALSE,2022,33,4,21
"DC04363",26,"F",25,54000,FALSE,2022,30,4,21
"DC04364",37,"H",10,185000,FALSE,2022,41,4,6
"DC04365",25,"F",20,271000,FALSE,2025,26,1,19
"DC04366",30,"H",15,194000,FALSE,2024,32,2,13
"DC04367",24,"H",15,600000,FALSE,2020,30,6,9
"DC04368",28,"H",10,40000,FALSE,2023,31,3,7
"DC04369",59,"H",10,131000,FALSE,2022,63,4,6
"DC04370",55,"F",15,332000,FALSE,2023,58,3,12
"DC04372",40,"F",10,106000,FALSE,2020,46,6,4
"DC04373",49,"H",15,158000,FALSE,2024,51,2,13
"DC04374",31,"H",5,346000,FALSE,2025,32,1,4
"DC04375",22,"F",20,105000,FALSE,2021,27,5,15
"DC04376",35,"H",10,85000,FALSE,2020,41,6,4
"DC04377",30,"F",15,175000,FALSE,2025,31,1,14
"DC04378",20,"F",15,458000,FALSE,2022,24,4,11
"DC04379",40,"H",15,25000,FALSE,2021,45,5,10
"DC04380",60,"H",10,269000,FALSE,2021,65,5,5
"DC04381",41,"H",20,242000,FALSE,2020,47,6,14
"DC04382",37,"H",25,63000,TRUE,2019,44,7,18
"DC04383",23,"H",20,591000,TRUE,2024,25,2,18
"DC04384",42,"F",5,139000,FALSE,2022,46,4,1
"DC04385",22,"F",15,104000,FALSE,2023,25,3,12
"DC04386",40,"H",20,211000,FALSE,2020,46,6,14
"DC04387",42,"H",28,635000,TRUE,2019,49,7,21
"DC04388",22,"F",10,279000,TRUE,2023,25,3,7
"DC04389",52,"F",10,70000,FALSE,2025,53,1,9
"DC04390",42,"F",28,45000,FALSE,2023,45,3,25
"DC04391",42,"H",20,158000,FALSE,2025,43,1,19
"DC04392",38,"H",10,200000,FALSE,2019,45,7,3
"DC04393",22,"H",20,72000,TRUE,2019,29,7,13
"DC04394",47,"H",5,102000,FALSE,2023,50,3,2
"DC04395",37,"H",10,91000,TRUE,2025,38,1,9
"DC04396",36,"H",5,93000,FALSE,2023,39,3,2
"DC04397",28,"F",10,107000,TRUE,2025,29,1,9
"DC04398",46,"F",15,578000,FALSE,2020,52,6,9
"DC04399",35,"F",20,86000,FALSE,2023,38,3,17
"DC04400",41,"H",15,387000,FALSE,2022,45,4,11
"DC04401",21,"F",20,172000,FALSE,2023,24,3,17
"DC04402",31,"H",25,103000,FALSE,2024,33,2,23
"DC04403",38,"H",5,182000,TRUE,2022,42,4,1
"DC04404",34,"H",20,434000,TRUE,2024,36,2,18
"DC04405",20,"H",20,332000,FALSE,2021,25,5,15
"DC04406",35,"H",30,129000,FALSE,2025,36,1,29
"DC04407",23,"H",20,118000,FALSE,2022,27,4,16
"DC04408",21,"H",10,149000,FALSE,2023,24,3,7
"DC04409",36,"H",15,100000,TRUE,2021,41,5,10
"DC04410",29,"H",10,113000,FALSE,2020,35,6,4
"DC04411",49,"H",15,205000,FALSE,2023,52,3,12
"DC04412",34,"F",15,172000,FALSE,2024,36,2,13
"DC04413",20,"F",5,260000,FALSE,2024,22,2,3
"DC04414",46,"F",15,251000,TRUE,2024,48,2,13
"DC04415",53,"F",17,126000,FALSE,2020,59,6,11
"DC04416",42,"F",15,59000,TRUE,2023,45,3,12
"DC04417",57,"F",13,219000,TRUE,2023,60,3,10
"DC04418",22,"H",10,97000,FALSE,2020,28,6,4
"DC04419",46,"H",15,111000,FALSE,2021,51,5,10
"DC04420",57,"H",13,110000,FALSE,2023,60,3,10
"DC04421",27,"H",10,222000,TRUE,2019,34,7,3
"DC04422",21,"H",10,291000,FALSE,2024,23,2,8
"DC04423",31,"H",15,853000,FALSE,2022,35,4,11
"DC04424",23,"F",5,68000,FALSE,2024,25,2,3
"DC04425",20,"H",20,152000,TRUE,2025,21,1,19
"DC04426",41,"F",15,111000,FALSE,2023,44,3,12
"DC04427",47,"H",5,263000,FALSE,2022,51,4,1
"DC04428",59,"H",10,163000,FALSE,2022,63,4,6
"DC04429",50,"H",15,89000,FALSE,2020,56,6,9
"DC04430",37,"H",30,123000,TRUE,2025,38,1,29
"DC04431",41,"H",20,211000,TRUE,2023,44,3,17
"DC04432",20,"H",25,145000,FALSE,2018,28,8,17
"DC04433",33,"H",20,114000,FALSE,2023,36,3,17
"DC04434",57,"F",13,574000,TRUE,2021,62,5,8
"DC04436",24,"H",20,275000,TRUE,2024,26,2,18
"DC04437",57,"F",13,205000,FALSE,2023,60,3,10
"DC04439",48,"H",22,125000,FALSE,2023,51,3,19
"DC04440",32,"H",20,271000,FALSE,2019,39,7,13
"DC04441",41,"H",20,131000,FALSE,2020,47,6,14
"DC04442",34,"H",15,49000,FALSE,2025,35,1,14
"DC04443",53,"H",17,179000,TRUE,2024,55,2,15
"DC04444",35,"F",30,120000,TRUE,2021,40,5,25
"DC04445",24,"H",10,81000,FALSE,2022,28,4,6
"DC04446",37,"H",15,65000,FALSE,2021,42,5,10
"DC04447",26,"F",20,322000,FALSE,2022,30,4,16
"DC04448",40,"F",20,185000,FALSE,2024,42,2,18
"DC04449",34,"H",10,35000,FALSE,2020,40,6,4
"DC04450",59,"F",11,155000,FALSE,2022,63,4,7
"DC04451",22,"F",15,254000,FALSE,2021,27,5,10
"DC04452",33,"H",15,53000,FALSE,2023,36,3,12
"DC04453",60,"H",10,85000,TRUE,2024,62,2,8
"DC04454",41,"H",15,79000,TRUE,2022,45,4,11
"DC04455",20,"H",15,95000,TRUE,2025,21,1,14
"DC04456",43,"H",5,106000,FALSE,2023,46,3,2
"DC04457",20,"H",20,311000,FALSE,2023,23,3,17
"DC04458",56,"F",14,427000,FALSE,2021,61,5,9
"DC04459",29,"F",20,228000,FALSE,2022,33,4,16
"DC04460",39,"H",25,863000,TRUE,2019,46,7,18
"DC04461",36,"H",15,134000,FALSE,2024,38,2,13
"DC04462",52,"H",15,242000,FALSE,2018,60,8,7
"DC04463",42,"F",10,181000,FALSE,2022,46,4,6
"DC04464",60,"H",10,246000,TRUE,2025,61,1,9
"DC04466",22,"H",15,196000,FALSE,2021,27,5,10
"DC04467",58,"H",12,359000,FALSE,2022,62,4,8
"DC04468",57,"F",13,175000,FALSE,2019,64,7,6
"DC04469",32,"H",20,168000,FALSE,2021,37,5,15
"DC04470",49,"H",15,89000,FALSE,2022,53,4,11
"DC04471",59,"F",10,69000,FALSE,2024,61,2,8
"DC04472",51,"H",19,43000,FALSE,2023,54,3,16
"DC04473",41,"F",15,110000,TRUE,2024,43,2,13
"DC04474",24,"H",10,123000,FALSE,2023,27,3,7
"DC04475",38,"F",10,478000,TRUE,2022,42,4,6
"DC04476",23,"F",20,143000,FALSE,2023,26,3,17
"DC04477",23,"F",10,378000,FALSE,2022,27,4,6
"DC04478",60,"H",10,306000,TRUE,2025,61,1,9
"DC04479",34,"F",25,181000,FALSE,2023,37,3,22
"DC04480",58,"H",12,177000,TRUE,2023,61,3,9
"DC04481",38,"H",10,277000,FALSE,2022,42,4,6
"DC04482",59,"F",11,88000,FALSE,2024,61,2,9
"DC04483",26,"H",15,139000,FALSE,2023,29,3,12
"DC04484",33,"H",15,261000,FALSE,2019,40,7,8
"DC04485",21,"H",30,97000,FALSE,2022,25,4,26
"DC04486",43,"H",15,188000,FALSE,2019,50,7,8
"DC04487",44,"F",10,322000,FALSE,2021,49,5,5
"DC04488",56,"H",14,234000,FALSE,2025,57,1,13
"DC04489",41,"F",10,189000,FALSE,2023,44,3,7
"DC04490",23,"F",5,214000,FALSE,2022,27,4,1
"DC04491",28,"H",15,316000,FALSE,2023,31,3,12
"DC04492",46,"H",20,131000,FALSE,2025,47,1,19
"DC04493",54,"H",16,211000,FALSE,2022,58,4,12
"DC04494",38,"H",15,19000,TRUE,2023,41,3,12
"DC04495",36,"H",15,307000,FALSE,2025,37,1,14
"DC04496",26,"H",5,217000,TRUE,2025,27,1,4
"DC04497",47,"F",10,449000,TRUE,2022,51,4,6
"DC04499",31,"F",15,126000,FALSE,2021,36,5,10
"DC04500",27,"F",30,33000,FALSE,2023,30,3,27
"DC04501",38,"F",10,32000,FALSE,2023,41,3,7
"DC04502",25,"H",10,291000,FALSE,2023,28,3,7
"DC04503",31,"H",20,210000,FALSE,2023,34,3,17
"DC04504",59,"F",11,329000,FALSE,2022,63,4,7
"DC04505",23,"H",15,613000,TRUE,2018,31,8,7
"DC04507",60,"F",10,84000,FALSE,2019,67,7,3
"DC04508",24,"H",10,69000,FALSE,2018,32,8,2
"DC04509",53,"F",10,158000,TRUE,2022,57,4,6
"DC04510",28,"F",10,75000,FALSE,2020,34,6,4
"DC04511",22,"H",30,132000,FALSE,2022,26,4,26
"DC04512",45,"F",20,236000,FALSE,2023,48,3,17
"DC04513",60,"F",10,253000,TRUE,2024,62,2,8
"DC04514",42,"H",20,310000,FALSE,2024,44,2,18
"DC04515",60,"F",10,227000,FALSE,2024,62,2,8
"DC04516",24,"H",10,144000,TRUE,2023,27,3,7
"DC04517",32,"H",10,404000,TRUE,2023,35,3,7
"DC04518",60,"H",10,180000,FALSE,2019,67,7,3
"DC04519",40,"F",10,106000,TRUE,2021,45,5,5
"DC04520",54,"F",10,273000,FALSE,2021,59,5,5
"DC04521",52,"F",18,158000,TRUE,2019,59,7,11
"DC04522",46,"H",10,37000,FALSE,2022,50,4,6
"DC04523",30,"F",15,289000,FALSE,2025,31,1,14
"DC04524",49,"H",15,172000,FALSE,2024,51,2,13
"DC04525",50,"H",10,587000,FALSE,2023,53,3,7
"DC04526",35,"F",15,64000,FALSE,2021,40,5,10
"DC04527",30,"H",20,256000,TRUE,2022,34,4,16
"DC04528",58,"F",12,173000,FALSE,2025,59,1,11
"DC04529",45,"F",20,49000,FALSE,2019,52,7,13
"DC04530",54,"H",10,196000,FALSE,2024,56,2,8
"DC04532",24,"H",15,93000,FALSE,2024,26,2,13
"DC04533",38,"H",10,201000,FALSE,2022,42,4,6
"DC04534",23,"F",10,45000,FALSE,2023,26,3,7
"DC04535",20,"F",10,93000,FALSE,2024,22,2,8
"DC04536",31,"H",5,109000,FALSE,2024,33,2,3
"DC04537",44,"F",5,127000,FALSE,2022,48,4,1
"DC04538",49,"H",20,313000,FALSE,2024,51,2,18
"DC04539",25,"F",15,146000,FALSE,2024,27,2,13
"DC04540",51,"F",19,113000,FALSE,2022,55,4,15
"DC04541",40,"H",15,134000,TRUE,2020,46,6,9
"DC04542",22,"H",20,130000,TRUE,2022,26,4,16
"DC04543",56,"F",14,112000,TRUE,2021,61,5,9
"DC04544",23,"F",10,71000,TRUE,2023,26,3,7
"DC04545",47,"H",15,86000,TRUE,2021,52,5,10
"DC04546",50,"F",10,74000,FALSE,2023,53,3,7
"DC04547",25,"H",15,84000,FALSE,2023,28,3,12
"DC04548",57,"H",13,231000,FALSE,2024,59,2,11
"DC04549",38,"H",15,155000,FALSE,2020,44,6,9
"DC04550",32,"F",20,98000,FALSE,2020,38,6,14
"DC04551",60,"H",10,140000,FALSE,2022,64,4,6
"DC04552",59,"H",11,256000,FALSE,2019,66,7,4
"DC04553",46,"F",15,559000,FALSE,2023,49,3,12
"DC04554",26,"F",10,166000,FALSE,2025,27,1,9
"DC04555",20,"H",20,113000,FALSE,2019,27,7,13
"DC04556",50,"H",10,225000,FALSE,2025,51,1,9
"DC04557",21,"F",5,229000,FALSE,2022,25,4,1
"DC04559",56,"H",10,148000,FALSE,2020,62,6,4
"DC04560",44,"H",20,48000,FALSE,2024,46,2,18
"DC04561",22,"H",25,110000,FALSE,2022,26,4,21
"DC04562",21,"H",25,308000,FALSE,2023,24,3,22
"DC04563",56,"F",14,116000,FALSE,2022,60,4,10
"DC04564",29,"H",15,167000,FALSE,2024,31,2,13
"DC04565",28,"F",10,291000,FALSE,2024,30,2,8
"DC04566",38,"F",20,244000,FALSE,2022,42,4,16
"DC04567",22,"F",15,288000,FALSE,2023,25,3,12
"DC04568",21,"F",25,183000,FALSE,2022,25,4,21
"DC04569",42,"F",25,125000,FALSE,2018,50,8,17
"DC04570",37,"F",20,134000,FALSE,2023,40,3,17
"DC04571",56,"H",14,69000,FALSE,2022,60,4,10
"DC04572",45,"H",15,75000,FALSE,2020,51,6,9
"DC04573",41,"F",20,199000,TRUE,2019,48,7,13
"DC04574",49,"H",15,339000,FALSE,2022,53,4,11
"DC04575",20,"H",15,173000,FALSE,2021,25,5,10
"DC04576",52,"H",15,102000,FALSE,2023,55,3,12
"DC04577",51,"F",10,266000,FALSE,2024,53,2,8
"DC04578",50,"F",20,303000,TRUE,2023,53,3,17
"DC04579",50,"F",10,210000,FALSE,2024,52,2,8
"DC04580",25,"F",15,94000,FALSE,2022,29,4,11
"DC04581",26,"H",20,240000,FALSE,2019,33,7,13
"DC04582",44,"F",25,689000,FALSE,2024,46,2,23
"DC04583",26,"F",20,107000,FALSE,2022,30,4,16
"DC04584",29,"F",10,213000,FALSE,2020,35,6,4
"DC04585",39,"H",5,128000,FALSE,2025,40,1,4
"DC04586",55,"H",15,120000,FALSE,2021,60,5,10
"DC04587",55,"H",15,63000,FALSE,2021,60,5,10
"DC04589",45,"H",25,311000,FALSE,2022,49,4,21
"DC04590",58,"F",12,86000,FALSE,2020,64,6,6
"DC04591",31,"H",15,91000,FALSE,2019,38,7,8
"DC04592",28,"F",30,80000,FALSE,2021,33,5,25
"DC04593",53,"F",5,173000,FALSE,2023,56,3,2
"DC04594",42,"F",20,45000,TRUE,2021,47,5,15
"DC04595",32,"H",15,78000,TRUE,2019,39,7,8
"DC04596",56,"H",5,53000,FALSE,2024,58,2,3
"DC04598",44,"H",25,44000,FALSE,2019,51,7,18
"DC04599",42,"H",25,77000,TRUE,2022,46,4,21
"DC04600",41,"H",10,159000,FALSE,2021,46,5,5
"DC04601",22,"H",15,86000,FALSE,2021,27,5,10
"DC04602",60,"H",10,54000,FALSE,2022,64,4,6
"DC04603",56,"H",5,310000,FALSE,2025,57,1,4
"DC04604",52,"H",10,135000,FALSE,2023,55,3,7
"DC04605",60,"F",10,159000,FALSE,2020,66,6,4
"DC04606",50,"H",10,47000,FALSE,2020,56,6,4
"DC04607",39,"F",15,363000,FALSE,2020,45,6,9
"DC04608",56,"H",14,189000,FALSE,2022,60,4,10
"DC04609",27,"H",10,155000,FALSE,2020,33,6,4
"DC04610",48,"H",10,74000,TRUE,2023,51,3,7
"DC04611",31,"H",20,152000,FALSE,2019,38,7,13
"DC04612",33,"H",25,214000,FALSE,2019,40,7,18
"DC04613",22,"H",10,306000,TRUE,2024,24,2,8
"DC04614",59,"F",10,185000,FALSE,2025,60,1,9
"DC04615",22,"H",15,99000,FALSE,2021,27,5,10
"DC04616",51,"F",19,318000,FALSE,2022,55,4,15
"DC04617",30,"H",15,66000,FALSE,2025,31,1,14
"DC04618",51,"H",15,385000,FALSE,2019,58,7,8
"DC04619",59,"F",11,154000,FALSE,2023,62,3,8
"DC04620",50,"H",5,113000,FALSE,2022,54,4,1
"DC04621",55,"H",10,92000,FALSE,2023,58,3,7
"DC04622",23,"H",15,105000,FALSE,2023,26,3,12
"DC04623",21,"H",10,120000,FALSE,2024,23,2,8
"DC04624",45,"F",25,390000,FALSE,2025,46,1,24
"DC04625",20,"F",15,248000,FALSE,2024,22,2,13
"DC04626",29,"H",25,145000,TRUE,2022,33,4,21
"DC04627",30,"H",25,566000,TRUE,2023,33,3,22
"DC04628",55,"F",15,142000,TRUE,2022,59,4,11
"DC04629",53,"F",17,77000,FALSE,2023,56,3,14
"DC04631",26,"F",15,36000,FALSE,2025,27,1,14
"DC04632",29,"F",15,366000,FALSE,2025,30,1,14
"DC04633",45,"F",20,223000,FALSE,2025,46,1,19
"DC04634",33,"H",15,55000,FALSE,2022,37,4,11
"DC04635",43,"H",25,427000,FALSE,2023,46,3,22
"DC04636",50,"H",15,50000,FALSE,2023,53,3,12
"DC04637",25,"F",10,144000,FALSE,2025,26,1,9
"DC04638",26,"H",10,79000,FALSE,2023,29,3,7
"DC04639",23,"F",15,144000,FALSE,2022,27,4,11
"DC04640",27,"H",15,287000,FALSE,2022,31,4,11
"DC04641",56,"F",14,215000,FALSE,2022,60,4,10
"DC04642",45,"H",25,107000,FALSE,2025,46,1,24
"DC04643",44,"F",20,227000,FALSE,2021,49,5,15
"DC04645",39,"F",15,141000,FALSE,2023,42,3,12
"DC04646",53,"H",5,163000,TRUE,2023,56,3,2
"DC04647",42,"H",20,40000,FALSE,2020,48,6,14
"DC04648",57,"H",10,54000,FALSE,2022,61,4,6
"DC04649",40,"H",15,80000,FALSE,2022,44,4,11
"DC04650",29,"F",10,261000,FALSE,2022,33,4,6
"DC04651",30,"F",15,249000,TRUE,2023,33,3,12
"DC04652",36,"H",30,99000,FALSE,2020,42,6,24
"DC04653",60,"F",10,32000,FALSE,2022,64,4,6
"DC04654",39,"H",10,85000,FALSE,2020,45,6,4
"DC04655",37,"F",20,102000,FALSE,2025,38,1,19
"DC04656",28,"F",25,647000,FALSE,2021,33,5,20
"DC04657",40,"H",5,130000,FALSE,2023,43,3,2
"DC04658",50,"F",20,124000,TRUE,2021,55,5,15
"DC04660",38,"F",20,109000,FALSE,2023,41,3,17
"DC04661",23,"F",15,211000,FALSE,2024,25,2,13
"DC04662",50,"H",15,144000,FALSE,2023,53,3,12
"DC04663",46,"H",24,95000,FALSE,2022,50,4,20
"DC04664",35,"H",15,165000,TRUE,2022,39,4,11
"DC04666",40,"H",10,318000,FALSE,2024,42,2,8
"DC04667",51,"H",19,145000,FALSE,2023,54,3,16
"DC04668",60,"H",5,99000,TRUE,2022,64,4,1
"DC04669",28,"F",15,87000,FALSE,2025,29,1,14
"DC04670",51,"F",10,197000,TRUE,2022,55,4,6
"DC04671",60,"H",10,125000,TRUE,2021,65,5,5
"DC04672",34,"F",20,207000,FALSE,2018,42,8,12
"DC04673",51,"F",5,114000,FALSE,2023,54,3,2
"DC04674",33,"H",5,114000,FALSE,2023,36,3,2
"DC04675",59,"F",10,65000,FALSE,2019,66,7,3
"DC04676",30,"F",20,203000,TRUE,2022,34,4,16
"DC04677",35,"F",10,261000,FALSE,2021,40,5,5
"DC04678",51,"F",10,79000,TRUE,2025,52,1,9
"DC04679",46,"H",15,683000,FALSE,2023,49,3,12
"DC04680",29,"H",10,162000,TRUE,2025,30,1,9
"DC04681",49,"H",21,45000,FALSE,2021,54,5,16
"DC04682",42,"F",25,218000,FALSE,2024,44,2,23
"DC04683",41,"F",10,192000,FALSE,2019,48,7,3
"DC04684",29,"H",25,125000,FALSE,2020,35,6,19
"DC04685",49,"H",10,211000,TRUE,2022,53,4,6
"DC04686",36,"H",15,217000,FALSE,2021,41,5,10
"DC04687",41,"H",25,241000,FALSE,2024,43,2,23
"DC04688",35,"F",20,73000,FALSE,2022,39,4,16
"DC04689",28,"F",15,277000,TRUE,2023,31,3,12
"DC04690",45,"H",10,102000,FALSE,2020,51,6,4
"DC04691",48,"F",22,91000,FALSE,2025,49,1,21
"DC04692",20,"H",15,404000,TRUE,2021,25,5,10
"DC04693",38,"F",25,43000,FALSE,2020,44,6,19
"DC04694",28,"F",10,270000,TRUE,2024,30,2,8
"DC04695",59,"F",11,43000,FALSE,2023,62,3,8
"DC04696",44,"F",26,236000,FALSE,2020,50,6,20
"DC04697",41,"H",5,229000,TRUE,2023,44,3,2
"DC04698",53,"H",17,113000,FALSE,2022,57,4,13
"DC04699",55,"H",10,60000,FALSE,2025,56,1,9
"DC04700",51,"H",10,124000,TRUE,2022,55,4,6
"DC04701",35,"F",10,187000,TRUE,2019,42,7,3
"DC04702",48,"H",20,760000,FALSE,2025,49,1,19
"DC04703",41,"F",10,85000,FALSE,2024,43,2,8
"DC04704",39,"F",30,222000,FALSE,2021,44,5,25
"DC04705",29,"H",10,68000,FALSE,2022,33,4,6
"DC04706",33,"F",15,36000,TRUE,2024,35,2,13
"DC04707",21,"H",10,75000,FALSE,2024,23,2,8
"DC04708",23,"F",25,376000,FALSE,2022,27,4,21
"DC04709",26,"F",15,130000,FALSE,2023,29,3,12
"DC04710",24,"F",10,253000,FALSE,2022,28,4,6
"DC04711",37,"F",10,52000,FALSE,2025,38,1,9
"DC04712",57,"F",10,174000,FALSE,2021,62,5,5
"DC04713",45,"F",10,107000,FALSE,2020,51,6,4
"DC04714",42,"H",15,149000,TRUE,2022,46,4,11
"DC04715",25,"F",10,298000,TRUE,2025,26,1,9
"DC04716",45,"F",25,43000,FALSE,2018,53,8,17
"DC04717",38,"H",10,210000,FALSE,2022,42,4,6
"DC04718",48,"H",22,276000,FALSE,2025,49,1,21
"DC04719",49,"F",15,182000,FALSE,2020,55,6,9
"DC04720",24,"F",15,252000,TRUE,2023,27,3,12
"DC04721",35,"H",10,644000,FALSE,2019,42,7,3
"DC04722",24,"H",20,201000,FALSE,2024,26,2,18
"DC04723",21,"H",25,107000,FALSE,2023,24,3,22
"DC04724",50,"H",20,213000,TRUE,2023,53,3,17
"DC04725",54,"H",15,124000,FALSE,2022,58,4,11
"DC04726",42,"F",15,154000,FALSE,2019,49,7,8
"DC04727",59,"F",5,24000,FALSE,2025,60,1,4
"DC04728",22,"F",15,92000,FALSE,2021,27,5,10
"DC04730",35,"F",30,484000,FALSE,2019,42,7,23
"DC04731",45,"H",5,96000,FALSE,2025,46,1,4
"DC04732",44,"F",10,254000,TRUE,2020,50,6,4
"DC04733",26,"H",15,173000,FALSE,2025,27,1,14
"DC04734",46,"H",10,120000,FALSE,2022,50,4,6
"DC04735",27,"H",15,138000,FALSE,2019,34,7,8
"DC04736",25,"H",15,226000,FALSE,2019,32,7,8
"DC04737",51,"H",10,447000,FALSE,2025,52,1,9
"DC04738",20,"H",15,148000,TRUE,2025,21,1,14
"DC04739",34,"F",5,353000,TRUE,2023,37,3,2
"DC04740",27,"H",15,178000,FALSE,2019,34,7,8
"DC04741",51,"F",10,216000,FALSE,2024,53,2,8
"DC04742",49,"F",10,67000,FALSE,2020,55,6,4
"DC04743",37,"F",20,111000,FALSE,2022,41,4,16
"DC04744",33,"H",10,153000,TRUE,2021,38,5,5
"DC04745",29,"H",15,489000,FALSE,2023,32,3,12
"DC04746",39,"H",15,84000,TRUE,2023,42,3,12
"DC04747",57,"F",10,160000,FALSE,2021,62,5,5
"DC04748",41,"H",10,205000,FALSE,2022,45,4,6
"DC04749",27,"H",10,206000,FALSE,2020,33,6,4
"DC04750",54,"F",16,136000,FALSE,2022,58,4,12
"DC04751",24,"F",20,166000,FALSE,2022,28,4,16
"DC04752",29,"F",15,39000,TRUE,2019,36,7,8
"DC04753",44,"F",10,119000,FALSE,2022,48,4,6
"DC04754",28,"H",10,68000,FALSE,2022,32,4,6
"DC04755",40,"H",5,120000,FALSE,2025,41,1,4
"DC04757",23,"F",10,274000,FALSE,2022,27,4,6
"DC04758",32,"F",30,268000,FALSE,2023,35,3,27
"DC04759",42,"F",15,146000,FALSE,2024,44,2,13
"DC04760",46,"F",15,95000,FALSE,2020,52,6,9
"DC04761",31,"H",10,146000,FALSE,2023,34,3,7
"DC04762",21,"H",15,49000,TRUE,2023,24,3,12
"DC04763",37,"H",10,128000,FALSE,2022,41,4,6
"DC04764",50,"F",15,100000,FALSE,2021,55,5,10
"DC04765",59,"H",10,121000,FALSE,2024,61,2,8
"DC04766",57,"F",10,140000,FALSE,2019,64,7,3
"DC04767",60,"H",10,77000,TRUE,2025,61,1,9
"DC04768",59,"F",5,84000,FALSE,2025,60,1,4
"DC04769",45,"H",15,56000,FALSE,2024,47,2,13
"DC04770",35,"F",20,282000,TRUE,2018,43,8,12
"DC04771",31,"H",20,382000,TRUE,2023,34,3,17
"DC04772",22,"H",20,74000,FALSE,2023,25,3,17
"DC04773",53,"H",10,115000,TRUE,2020,59,6,4
"DC04774",29,"F",15,338000,TRUE,2022,33,4,11
"DC04776",21,"H",20,271000,FALSE,2025,22,1,19
"DC04777",37,"F",10,112000,TRUE,2023,40,3,7
"DC04778",60,"H",10,618000,FALSE,2021,65,5,5
"DC04779",60,"H",10,60000,FALSE,2023,63,3,7
"DC04780",55,"H",15,180000,FALSE,2024,57,2,13
"DC04781",20,"H",15,137000,FALSE,2019,27,7,8
"DC04782",32,"H",10,402000,FALSE,2025,33,1,9
"DC04783",31,"H",30,52000,FALSE,2025,32,1,29
"DC04784",42,"F",15,138000,FALSE,2024,44,2,13
"DC04785",33,"H",15,55000,FALSE,2023,36,3,12
"DC04786",41,"H",20,83000,FALSE,2025,42,1,19
"DC04787",52,"H",5,51000,FALSE,2025,53,1,4
"DC04788",34,"H",20,793000,FALSE,2023,37,3,17
"DC04789",48,"F",5,159000,FALSE,2024,50,2,3
"DC04790",20,"H",15,55000,FALSE,2023,23,3,12
"DC04791",26,"H",15,228000,FALSE,2023,29,3,12
"DC04792",26,"H",25,260000,FALSE,2022,30,4,21
"DC04793",27,"H",20,118000,FALSE,2024,29,2,18
"DC04794",46,"F",24,332000,TRUE,2019,53,7,17
"DC04795",41,"F",10,99000,TRUE,2022,45,4,6
"DC04796",30,"H",10,315000,TRUE,2019,37,7,3
"DC04797",36,"F",25,44000,FALSE,2021,41,5,20
"DC04798",55,"H",10,117000,FALSE,2020,61,6,4
"DC04799",42,"H",5,498000,FALSE,2023,45,3,2
"DC04800",32,"H",15,57000,FALSE,2025,33,1,14
"DC04801",59,"H",11,75000,FALSE,2019,66,7,4
"DC04802",34,"H",20,101000,TRUE,2025,35,1,19
"DC04803",31,"H",15,52000,FALSE,2020,37,6,9
"DC04804",29,"F",10,476000,FALSE,2022,33,4,6
"DC04805",44,"H",10,160000,FALSE,2019,51,7,3
"DC04806",32,"F",20,295000,FALSE,2024,34,2,18
"DC04807",45,"F",20,118000,FALSE,2018,53,8,12
"DC04808",30,"H",15,363000,TRUE,2024,32,2,13
"DC04809",57,"H",5,235000,FALSE,2022,61,4,1
"DC04810",60,"H",10,132000,FALSE,2023,63,3,7
"DC04811",47,"H",10,180000,FALSE,2023,50,3,7
"DC04812",21,"H",15,175000,FALSE,2022,25,4,11
"DC04813",31,"H",20,448000,TRUE,2023,34,3,17
"DC04814",45,"F",10,180000,FALSE,2022,49,4,6
"DC04815",29,"F",5,114000,FALSE,2022,33,4,1
"DC04816",41,"F",20,21000,FALSE,2025,42,1,19
"DC04817",47,"H",23,50000,TRUE,2023,50,3,20
"DC04819",39,"H",10,117000,TRUE,2023,42,3,7
"DC04820",49,"F",20,169000,FALSE,2023,52,3,17
"DC04821",34,"F",20,143000,TRUE,2022,38,4,16
"DC04822",20,"F",5,407000,FALSE,2022,24,4,1
"DC04823",27,"H",10,56000,FALSE,2023,30,3,7
"DC04824",60,"H",10,90000,FALSE,2022,64,4,6
"DC04825",59,"F",11,80000,FALSE,2023,62,3,8
"DC04826",32,"F",20,152000,FALSE,2022,36,4,16
"DC04827",33,"F",5,117000,FALSE,2023,36,3,2
"DC04828",30,"F",15,144000,TRUE,2025,31,1,14
"DC04829",32,"F",25,322000,FALSE,2021,37,5,20
"DC04830",47,"H",20,373000,FALSE,2018,55,8,12
"DC04831",34,"F",10,220000,TRUE,2023,37,3,7
"DC04832",27,"F",15,209000,FALSE,2019,34,7,8
"DC04833",47,"H",20,300000,FALSE,2023,50,3,17
"DC04834",37,"H",5,30000,FALSE,2024,39,2,3
"DC04835",36,"H",15,170000,TRUE,2022,40,4,11
"DC04836",37,"F",20,101000,TRUE,2019,44,7,13
"DC04837",39,"F",20,241000,FALSE,2019,46,7,13
"DC04838",54,"F",15,75000,FALSE,2021,59,5,10
"DC04839",21,"F",25,60000,FALSE,2020,27,6,19
"DC04840",28,"F",30,711000,FALSE,2018,36,8,22
"DC04841",40,"H",15,127000,FALSE,2020,46,6,9
"DC04842",43,"H",15,191000,FALSE,2020,49,6,9
"DC04843",35,"H",30,154000,TRUE,2020,41,6,24
"DC04844",55,"H",10,62000,TRUE,2024,57,2,8
"DC04845",51,"F",10,184000,TRUE,2025,52,1,9
"DC04846",35,"H",15,271000,FALSE,2025,36,1,14
"DC04847",53,"H",17,176000,FALSE,2018,61,8,9
"DC04848",21,"F",20,78000,FALSE,2023,24,3,17
"DC04849",39,"F",25,290000,FALSE,2024,41,2,23
"DC04850",20,"H",25,485000,FALSE,2025,21,1,24
"DC04851",53,"H",10,321000,FALSE,2021,58,5,5
"DC04852",41,"H",15,123000,TRUE,2025,42,1,14
"DC04853",49,"F",15,170000,TRUE,2023,52,3,12
"DC04854",52,"H",18,89000,FALSE,2022,56,4,14
"DC04855",59,"F",10,474000,FALSE,2019,66,7,3
"DC04856",23,"F",20,251000,FALSE,2024,25,2,18
"DC04857",51,"H",5,171000,TRUE,2025,52,1,4
"DC04858",34,"H",20,82000,FALSE,2022,38,4,16
"DC04859",45,"H",25,148000,FALSE,2024,47,2,23
"DC04860",51,"H",15,149000,TRUE,2023,54,3,12
"DC04861",58,"H",10,187000,FALSE,2022,62,4,6
"DC04862",45,"H",20,118000,FALSE,2023,48,3,17
"DC04863",46,"H",24,347000,FALSE,2025,47,1,23
"DC04864",55,"H",15,51000,FALSE,2023,58,3,12
"DC04865",51,"H",19,253000,TRUE,2022,55,4,15
"DC04866",57,"H",10,473000,FALSE,2022,61,4,6
"DC04867",48,"H",20,109000,FALSE,2021,53,5,15
"DC04868",23,"H",15,116000,FALSE,2022,27,4,11
"DC04869",30,"H",10,160000,FALSE,2020,36,6,4
"DC04870",36,"F",20,302000,FALSE,2022,40,4,16
"DC04871",36,"F",20,176000,FALSE,2023,39,3,17
"DC04872",35,"F",10,125000,FALSE,2021,40,5,5
"DC04873",38,"H",10,100000,FALSE,2020,44,6,4
"DC04874",58,"F",12,138000,FALSE,2021,63,5,7
"DC04875",24,"H",5,153000,FALSE,2023,27,3,2
"DC04876",31,"H",20,177000,FALSE,2022,35,4,16
"DC04877",31,"F",10,241000,FALSE,2024,33,2,8
"DC04878",22,"F",20,319000,FALSE,2022,26,4,16
"DC04879",22,"H",10,78000,FALSE,2022,26,4,6
"DC04880",51,"F",10,79000,FALSE,2023,54,3,7
"DC04881",42,"F",20,54000,FALSE,2021,47,5,15
"DC04882",39,"H",15,165000,FALSE,2025,40,1,14
"DC04883",58,"H",12,118000,FALSE,2025,59,1,11
"DC04884",50,"F",10,260000,FALSE,2024,52,2,8
"DC04885",27,"H",15,133000,FALSE,2023,30,3,12
"DC04886",39,"H",10,296000,FALSE,2021,44,5,5
"DC04887",48,"H",10,110000,TRUE,2024,50,2,8
"DC04888",56,"F",10,69000,FALSE,2024,58,2,8
"DC04889",51,"H",19,172000,FALSE,2023,54,3,16
"DC04890",29,"F",10,76000,FALSE,2021,34,5,5
"DC04891",45,"F",10,58000,TRUE,2022,49,4,6
"DC04892",55,"F",15,230000,FALSE,2022,59,4,11
"DC04893",21,"F",15,67000,FALSE,2025,22,1,14
"DC04894",39,"F",20,119000,FALSE,2021,44,5,15
"DC04895",51,"F",19,85000,FALSE,2025,52,1,18
"DC04896",51,"H",15,257000,TRUE,2021,56,5,10
"DC04897",54,"H",16,124000,FALSE,2020,60,6,10
"DC04898",49,"F",21,152000,FALSE,2023,52,3,18
"DC04899",50,"F",15,334000,FALSE,2022,54,4,11
"DC04900",21,"H",30,95000,TRUE,2025,22,1,29
"DC04901",36,"H",10,92000,FALSE,2025,37,1,9
"DC04902",36,"F",15,224000,FALSE,2021,41,5,10
"DC04903",41,"H",15,618000,TRUE,2020,47,6,9
"DC04904",60,"F",10,331000,FALSE,2023,63,3,7
"DC04905",28,"F",10,312000,FALSE,2023,31,3,7
"DC04906",57,"H",10,107000,TRUE,2025,58,1,9
"DC04907",37,"H",20,141000,FALSE,2021,42,5,15
"DC04909",55,"H",10,70000,FALSE,2020,61,6,4
"DC04910",36,"F",5,83000,FALSE,2024,38,2,3
"DC04911",56,"F",14,251000,TRUE,2022,60,4,10
"DC04912",30,"H",10,133000,TRUE,2019,37,7,3
"DC04913",27,"H",15,76000,FALSE,2023,30,3,12
"DC04914",34,"F",10,359000,FALSE,2024,36,2,8
"DC04915",41,"F",10,106000,TRUE,2022,45,4,6
"DC04916",31,"H",25,175000,FALSE,2022,35,4,21
"DC04917",36,"F",15,422000,FALSE,2022,40,4,11
"DC04918",39,"H",25,83000,FALSE,2022,43,4,21
"DC04919",53,"F",10,30000,FALSE,2024,55,2,8
"DC04920",24,"H",5,184000,FALSE,2023,27,3,2
"DC04921",40,"H",20,167000,FALSE,2021,45,5,15
"DC04922",45,"H",25,286000,FALSE,2024,47,2,23
"DC04923",32,"H",30,124000,FALSE,2022,36,4,26
"DC04925",45,"F",15,155000,FALSE,2024,47,2,13
"DC04926",39,"H",15,204000,FALSE,2020,45,6,9
"DC04927",49,"F",20,183000,FALSE,2021,54,5,15
"DC04928",34,"H",15,76000,FALSE,2024,36,2,13
"DC04929",37,"H",10,368000,FALSE,2024,39,2,8
"DC04930",27,"H",10,128000,FALSE,2021,32,5,5
"DC04931",42,"F",15,102000,FALSE,2023,45,3,12
"DC04932",24,"F",5,171000,FALSE,2022,28,4,1
"DC04933",60,"F",10,42000,FALSE,2021,65,5,5
"DC04934",43,"H",5,196000,FALSE,2023,46,3,2
"DC04935",53,"F",17,278000,FALSE,2022,57,4,13
"DC04936",43,"F",20,43000,FALSE,2020,49,6,14
"DC04937",50,"H",15,118000,FALSE,2022,54,4,11
"DC04938",27,"H",10,98000,FALSE,2019,34,7,3
"DC04939",33,"H",15,208000,FALSE,2021,38,5,10
"DC04940",30,"H",20,514000,FALSE,2021,35,5,15
"DC04941",55,"H",15,82000,FALSE,2021,60,5,10
"DC04942",22,"F",15,62000,FALSE,2021,27,5,10
"DC04943",44,"H",15,69000,TRUE,2019,51,7,8
"DC04944",47,"F",20,162000,TRUE,2022,51,4,16
"DC04945",37,"H",20,97000,FALSE,2024,39,2,18
"DC04946",60,"H",10,84000,FALSE,2024,62,2,8
"DC04947",55,"F",15,103000,FALSE,2021,60,5,10
"DC04948",30,"H",20,111000,FALSE,2024,32,2,18
"DC04949",55,"H",15,197000,TRUE,2024,57,2,13
"DC04950",58,"F",12,176000,FALSE,2024,60,2,10
"DC04951",21,"H",5,306000,TRUE,2023,24,3,2
"DC04952",55,"H",15,138000,TRUE,2023,58,3,12
"DC04953",59,"H",5,61000,TRUE,2023,62,3,2
"DC04954",25,"F",20,183000,FALSE,2021,30,5,15
"DC04955",46,"H",24,80000,FALSE,2022,50,4,20
"DC04956",48,"F",22,260000,FALSE,2025,49,1,21
"DC04957",30,"H",15,201000,TRUE,2020,36,6,9
"DC04958",45,"H",15,468000,FALSE,2021,50,5,10
"DC04959",60,"F",10,41000,TRUE,2019,67,7,3
"DC04960",43,"F",15,224000,TRUE,2022,47,4,11
"DC04961",46,"H",20,91000,FALSE,2020,52,6,14
"DC04962",58,"H",10,98000,TRUE,2020,64,6,4
"DC04963",34,"H",30,156000,FALSE,2022,38,4,26
"DC04964",21,"H",25,291000,FALSE,2024,23,2,23
"DC04965",58,"F",12,63000,TRUE,2022,62,4,8
"DC04966",31,"F",10,57000,FALSE,2022,35,4,6
"DC04967",54,"F",15,79000,TRUE,2023,57,3,12
"DC04968",46,"F",15,228000,FALSE,2024,48,2,13
"DC04969",26,"F",15,261000,FALSE,2019,33,7,8
"DC04970",51,"H",10,94000,FALSE,2024,53,2,8
"DC04971",34,"H",10,504000,FALSE,2019,41,7,3
"DC04972",31,"F",5,77000,FALSE,2024,33,2,3
"DC04973",58,"H",12,54000,FALSE,2021,63,5,7
"DC04974",44,"H",5,385000,FALSE,2024,46,2,3
"DC04975",39,"F",10,195000,FALSE,2024,41,2,8
"DC04976",21,"H",20,39000,FALSE,2019,28,7,13
"DC04977",20,"H",10,368000,FALSE,2019,27,7,3
"DC04978",26,"H",15,82000,FALSE,2021,31,5,10
"DC04979",28,"F",15,82000,FALSE,2023,31,3,12
"DC04980",54,"F",16,136000,FALSE,2023,57,3,13
"DC04981",43,"F",25,276000,FALSE,2024,45,2,23
"DC04982",51,"H",19,358000,FALSE,2021,56,5,14
"DC04983",44,"H",20,515000,FALSE,2022,48,4,16
"DC04984",55,"F",15,187000,TRUE,2020,61,6,9
"DC04985",35,"F",30,153000,FALSE,2024,37,2,28
"DC04986",44,"H",10,84000,TRUE,2019,51,7,3
"DC04987",35,"H",10,112000,FALSE,2018,43,8,2
"DC04988",34,"F",15,344000,FALSE,2024,36,2,13
"DC04989",43,"F",25,108000,FALSE,2021,48,5,20
"DC04990",35,"H",10,143000,FALSE,2020,41,6,4
"DC04991",44,"F",26,128000,FALSE,2022,48,4,22
"DC04992",56,"H",5,79000,FALSE,2022,60,4,1
"DC04993",48,"H",10,254000,FALSE,2019,55,7,3
"DC04994",38,"F",10,317000,TRUE,2025,39,1,9
"DC04995",58,"H",10,141000,TRUE,2024,60,2,8
"DC04996",37,"H",25,110000,FALSE,2021,42,5,20
"DC04997",50,"H",15,174000,FALSE,2019,57,7,8
"DC04998",27,"H",25,191000,FALSE,2025,28,1,24
"DC04999",39,"H",20,154000,FALSE,2023,42,3,17
